/* SPDX-License-Identifier: GPL-2.0-only */

#ifndef	_PCIE6_RCAR_GEN5_PHY_FW_ICCM_H_
#define	_PCIE6_RCAR_GEN5_PHY_FW_ICCM_H_

#define	END_TABLE_ICCM	0xFFFFFFF0
#define	ICCM_OFFSET	0x10000

uint32_t FW_DATA_iccm[] = {
0x00000064,
0x000002F4,
0x000002F4,
0x000002F4,
0x000002F4,
0x000002F4,
0x000002F4,
0x000002F4,
0x000002F4,
0x000002F4,
0x000002F4,
0x000002F4,
0x000002F4,
0x000002F4,
0x000002F4,
0x000002F4,
0x00000000,
0x00000000,
0x00000000,
0x00000000,
0x00000000,
0x00000000,
0x00000000,
0x00000000,
0x00000000,
0x702C704C,
0x706C704D,
0x706D708D,
0x70AD70CD,
0x70ED706F,
0x254A3000,
0x264A3000,
0x44DB0008,
0xB3E842DB,
0x00082608,
0x081A0000,
0x0F4A0200,
0xD83005D9,
0x00C0F1FE,
0xC0F1C0D1,
0x7EE00000,
0xC0F1C0D1,
0x7EE00000,
0xC2E409B2,
0x00204508,
0x41A10A8E,
0x00204608,
0x70AD41C3,
0xBF800000,
0x40C10E7A,
0x006025CA,
0x106970B5,
0x761C40C1,
0xC6C478E0,
0xC0E48040,
0x4508C402,
0xD0272204,
0x000E7610,
0x700CF415,
0xA3008540,
0xD024222F,
0x008DBAC0,
0xA4408540,
0x225384FE,
0xF4038541,
0xEA152180,
0x0EFE7334,
0x20C00126,
0xC4C42250,
0x87FEF5FE,
0x8521E9FC,
0x1B000041,
0x8520D020,
0x212F004D,
0xB9C0A420,
0xC4C42180,
0x0EFE2040,
0x0202E00C,
0x733420CA,
0x0085C4C4,
0xC0E48040,
0x4508C402,
0xD00D2204,
0x000E7610,
0x700CF41A,
0xA3008540,
0xD00A222F,
0x008DBAC0,
0xA4408540,
0x225384FE,
0xF4038541,
0xEA1C2180,
0x0EFE7334,
0x20C00126,
0xC4C478E0,
0x7FF00000,
0x0000FC12,
0x225087FE,
0xF5F88521,
0xE9F61B00,
0x00418520,
0xD003212F,
0x004DB9C0,
0xA420C4C4,
0x0000FC10,
0x21800EFE,
0x20400202,
0xE00C7334,
0x20CA0085,
0xC4C478E0,
0x8000244A,
0x750020A8,
0x0100781D,
0xB8CA7FE0,
0x208000B0,
0x8000244A,
0x750020A8,
0x0100781D,
0xB8CA7FE0,
0x208000B0,
0x244A75C0,
0x410020A8,
0x0100781D,
0x780F4200,
0x2280003E,
0x0A1B05D5,
0x2080027E,
0x204487FC,
0x206F0043,
0x20E800E2,
0x781D7FE0,
0x78247FE0,
0x20B80FC1,
0x244A7500,
0x440820A8,
0x01007C9D,
0xBCCA4381,
0x42812380,
0x00300B15,
0x0D352280,
0x00B00A13,
0x05B32440,
0x1302F008,
0x7FE02278,
0x00402442,
0x15024020,
0x224487FC,
0x216F0043,
0x20E800E2,
0x793D7FE0,
0x782478E0,
0x244A75C0,
0x410020A8,
0x0100793D,
0x7A2F4140,
0x218000BE,
0x09210072,
0xE19820E0,
0x07C9D996,
0x776C7942,
0x214487FC,
0x416020E8,
0x0122793B,
0x7FE07824,
0x7FE0700C,
0xC5E1244A,
0x75004408,
0x20A800C0,
0x7C9DBCCA,
0x42812280,
0x00B04528,
0x0A230072,
0x702C0A23,
0x05B3776C,
0x228A04D0,
0x7A822244,
0x87FC4260,
0x20E800E2,
0x7A5B7844,
0xC4C2700C,
0xC4C20A21,
0x0D73228A,
0x0CD0776C,
0x7A822244,
0x87FC4260,
0x20E800E2,
0x7A5B2204,
0x0341C4C2,
0x41A1C4C2,
0x204A0900,
0x20200F80,
0x00001E6C,
0x7030F207,
0x793B781B,
0x7FE02005,
0x807E781B,
0x41C3FF00,
0x00007030,
0x7FE020CC,
0x800E2053,
0x85BEF217,
0x710C202F,
0x00037FE0,
0x20428040,
0x215385BE,
0xF212F1F8,
0x44084020,
0x418178E0,
0x44CB7F80,
0x00002406,
0x903E07D6,
0xFFE12406,
0x907E07E0,
0xFFE14408,
0x2007807E,
0x00200004,
0x2002804C,
0x7CE07010,
0x24079040,
0x20E107C3,
0x20CA8061,
0x710C7FE0,
0x202F8003,
0x781B793B,
0x20058040,
0x20E107C1,
0x70142440,
0x904C20E0,
0x07C3710C,
0x7FE0202F,
0x800378E0,
0x44084040,
0x42814428,
0x41604381,
0xC5E11CFC,
0xB6C844CB,
0xFFE00000,
0x2414100D,
0x2414109B,
0xBCB57591,
0x23CCB305,
0x00E40026,
0xBC957D84,
0x2304331B,
0x250296CD,
0x252F1344,
0x75C33FE0,
0x00002500,
0x931B25CC,
0x930301A2,
0x00042007,
0x809B25CF,
0x17E42006,
0x030A7A86,
0x224F150A,
0xBA944328,
0x220C9080,
0x23CC90C1,
0x00140006,
0x25021F8D,
0x00100000,
0x230092CB,
0x2201128A,
0x244A7580,
0x700C20A8,
0x04C0220C,
0x908023CC,
0x90C10012,
0x0005200F,
0x0F002302,
0x90CB2203,
0x108A2300,
0x92CB2201,
0x128A2205,
0x92C1244A,
0x7800702C,
0x20E804A2,
0x220C9080,
0x23CC90C1,
0x00100005,
0x210F0F01,
0x230290CB,
0x2203108A,
0x230092CB,
0x2201128A,
0x212F0043,
0x202F0002,
0x202F8002,
0x212F8044,
0x60B81404,
0x341BC5C1,
0x20E107C6,
0x2144004C,
0x2405128C,
0x240592CC,
0x7CE02140,
0x80417FE0,
0x20410000,
0x2302B31B,
0x23CC8021,
0x00420002,
0x262FF000,
0x4318202F,
0x030421CC,
0x802120CF,
0x04E17D82,
0x75912304,
0x3F9B000F,
0xFFFF23CC,
0xB02121CC,
0x802120CF,
0x04ED2204,
0x0F828000,
0x00007847,
0x1404341B,
0xC5C17FE0,
0x702C426B,
0x43A91404,
0x341BC5C1,
0x220C9300,
0x23CC8021,
0x21CA00CD,
0x20E107CD,
0x20CA008D,
0x2302930B,
0x21CC8021,
0x00100002,
0x22040F82,
0x80000000,
0x7FE07847,
0x230C9300,
0x22CC9305,
0x005C0005,
0x230C9300,
0x21CC8021,
0x20E107CD,
0x220C9300,
0x23CC8021,
0x21CA00CD,
0x20E107CD,
0x20CA008D,
0x220C9300,
0x23CC8021,
0x23CC9301,
0x21CC8021,
0x20E107C1,
0x20CF04E1,
0x230C9300,
0x43C38000,
0x00007A64,
0x20C40F82,
0x80000000,
0x702C7FE0,
0x78471404,
0x341BC5C1,
0xC5E1C6E1,
0xC7E1C0F1,
0x1CFCB6C8,
0x232F9080,
0x2641700A,
0x00000000,
0x23CC8021,
0x03080021,
0x272F9000,
0x22C71065,
0x21CC8021,
0x032E0001,
0x242F93C0,
0x242F930B,
0x242F930B,
0x242F930B,
0x242F930B,
0x242F930B,
0x242F930B,
0x242F930B,
0x242F930B,
0x242F930B,
0x242F930B,
0x242F130B,
0x24849FDF,
0xB8D320CF,
0x05220028,
0x00224120,
0x212F8040,
0x202F000B,
0x71852051,
0x8500BC61,
0x00100002,
0x212F8040,
0x07F3FFEF,
0x202F000B,
0x252F92C0,
0x252F934B,
0x252F934B,
0x252F934B,
0x252F934B,
0x252F934B,
0x252F934B,
0x252F934B,
0x252F934B,
0x252F934B,
0x252F934B,
0x252F134B,
0x25849FDF,
0x225304CE,
0x26CF1522,
0x00260022,
0x4360232F,
0x80C0262F,
0x138B71A5,
0x26519500,
0xBD610012,
0x0002232F,
0x80C007F5,
0xFFEF262F,
0x138B248C,
0x9FDF029A,
0x0001258C,
0x9FDF02D6,
0x00217CA2,
0x24801FCF,
0x244A7DC0,
0x70EF706F,
0x20A80540,
0x232FB6C0,
0x272F37CB,
0x70D121CC,
0x80C123C5,
0x3066000E,
0x00052102,
0x80C12003,
0x0380212F,
0x8040202F,
0x000B2005,
0x004F40E3,
0x41632004,
0x8FBE0040,
0x000024C2,
0x1061000E,
0x0002212F,
0x8040202F,
0x000B7095,
0x009E000C,
0x214480BE,
0x00300001,
0x2144015B,
0x270596FE,
0x00240001,
0x21408081,
0x20410000,
0x20048FBE,
0x00800000,
0x24C01062,
0x000C0001,
0x202F8002,
0x212F0044,
0x202F8002,
0x212F0044,
0x202F8002,
0x212F0044,
0x248C9FDF,
0x0162000A,
0x20060F80,
0x00100000,
0x222F0303,
0x222F0083,
0x222F0083,
0x222F0083,
0x222F0083,
0x222F0083,
0x222F0083,
0x222F0083,
0x222F0083,
0x222F0083,
0x222F0083,
0x222F0082,
0x7845222F,
0x02837845,
0x1404341B,
0xC0D1C7C1,
0xC6C1C5C1,
0x7EE0202F,
0x8002212F,
0x804427C5,
0x1065202F,
0x8002212F,
0x804427C5,
0x1065248C,
0x92FF0106,
0x000B2602,
0x731B0000,
0x00002342,
0xB05B00A2,
0x000B00A6,
0x0001234C,
0xB8000050,
0x000B2342,
0x381B2705,
0x904F77EF,
0x00200002,
0x242FF6C1,
0x27C037C5,
0x20E801A2,
0x272F37C0,
0x272F37C0,
0x27873FFF,
0x200407CF,
0x242FF6C1,
0x4100000A,
0x0006212F,
0x004220E8,
0x01E2212F,
0x0042212F,
0x00420057,
0x0020700C,
0x70F577EF,
0x002C0002,
0x234CB800,
0x27C237CA,
0x0018000A,
0x242FF6C1,
0x27C037C5,
0x20E801A2,
0x272F37C0,
0x272F37C0,
0x27873FFF,
0x210407CF,
0x240AF6C0,
0x412020E8,
0x01E2202F,
0x8002212F,
0x0044000F,
0x0000212F,
0x8040202F,
0x000B2144,
0x80BE001A,
0x00012144,
0x015B2305,
0xB3FE000E,
0x00012140,
0x80812041,
0x0000202F,
0x8002212F,
0x0044202F,
0x8002212F,
0x00447C82,
0x20048FBE,
0x00100000,
0x24C01062,
0xF152248A,
0x1FDF40C3,
0x00100000,
0x0699FFEF,
0x702C7C82,
0x700C0691,
0xFFEF702C,
0x22C71065,
0x21CC8021,
0x00740001,
0x77D3FFE0,
0x000040C3,
0x7FF00000,
0x0064000D,
0x705520C5,
0x0F828000,
0x0000702C,
0x1404341B,
0xC0D1C7C1,
0xC6C1C5C1,
0x7EE0230C,
0x9F80FFE0,
0x00000040,
0x000D700C,
0x000C0005,
0x23CC8021,
0x00300002,
0x705520C5,
0x0F828000,
0x0000702C,
0x1404341B,
0xC0D1C7C1,
0xC6C1C5C1,
0x7EE070D3,
0x00100000,
0x000C0002,
0x258C9FDF,
0x001A0002,
0x40C37FF8,
0x0000702C,
0x1404341B,
0xC0D1C7C1,
0xC6C1C5C1,
0x7EE0202F,
0x02832005,
0x0F807FF0,
0x0000702C,
0x1404341B,
0xC0D1C7C1,
0xC6C1C5C1,
0x7EE076D3,
0x00100000,
0x23CC8021,
0x21CA0021,
0x20CA0021,
0x00120002,
0x1404341B,
0xC0D1C7C1,
0xC6C1C5C1,
0x7EE0F1D6,
0xC5E1C6E1,
0xC7E1C0F1,
0x1CFCB6C8,
0x70142202,
0x128A00B8,
0x00010029,
0x00204000,
0xC5E1C6E1,
0xC7E1C0F1,
0x1CFCB6C8,
0x701420CE,
0x002B009C,
0x000122CA,
0x106B22CA,
0x102A4000,
0x792270D3,
0x001FFFFF,
0x248A14D0,
0x006C000D,
0x20048FBE,
0x00100000,
0x00120002,
0x60182004,
0x8FBE0010,
0x0000BC61,
0xF3FA2006,
0x0F800010,
0x0000222F,
0x0303222F,
0x0083222F,
0x0083222F,
0x0083222F,
0x0083222F,
0x0083222F,
0x0083222F,
0x0083222F,
0x0083222F,
0x0083222F,
0x0083222F,
0x00827845,
0x222F0283,
0x78451404,
0x341BC0D1,
0xC7C1C6C1,
0xC5C17EE0,
0x202F8002,
0x212F0044,
0x70D3001F,
0xFFFF7185,
0xF638F1D1,
0x78027922,
0x1404341B,
0xC0D1C7C1,
0xC6C1C5C1,
0x7EE078E0,
0xC5E1C6E1,
0xC7E1C0F1,
0x1CFCB6C8,
0x232F9080,
0x2641700A,
0x00000000,
0x23CC8021,
0x03AC0021,
0x272F9000,
0x22C71065,
0x21CC8021,
0x03800001,
0x242F93C0,
0x242F930B,
0x242F930B,
0x242F930B,
0x242F930B,
0x242F930B,
0x242F930B,
0x242F930B,
0x242F930B,
0x242F930B,
0x242F930B,
0x242F130B,
0x24849FDF,
0xB8D320CF,
0x05220028,
0x00224120,
0x212F8040,
0x202F000B,
0x71852051,
0x8500BC61,
0x00100002,
0x212F8040,
0x07F3FFEF,
0x202F000B,
0x252F92C0,
0x252F934B,
0x252F934B,
0x252F934B,
0x252F934B,
0x252F934B,
0x252F934B,
0x252F934B,
0x252F934B,
0x252F934B,
0x252F934B,
0x252F134B,
0x25849FDF,
0x225304CE,
0x26CF1522,
0x00260022,
0x4360232F,
0x80C0262F,
0x138B71A5,
0x26519500,
0xBD610012,
0x0002232F,
0x80C007F5,
0xFFEF262F,
0x138B248C,
0x9FDF0264,
0x0001258C,
0x9FDF028E,
0x002164BC,
0x24821FCF,
0x43384718,
0x70ED70AD,
0x702C700C,
0x706D1CFC,
0xB288704D,
0x244A7D40,
0x20A80600,
0x262F9382,
0x232F80C4,
0x00140006,
0x230096CB,
0x220197CA,
0x210183C1,
0x20010340,
0x232FB6C0,
0x272FB7CB,
0x272F93CB,
0x252F134B,
0x244A72C0,
0x272F9040,
0x202F000B,
0x20A80180,
0x272F93C0,
0x202F000B,
0x244A72C0,
0x222F9280,
0x212F004B,
0x20A80180,
0x222F9280,
0x212F004B,
0x707522C5,
0x10A24349,
0x1404340A,
0x70950020,
0x000C2004,
0x8FBE0020,
0x00000014,
0x00017185,
0x202F8002,
0x212F8044,
0x232F12C4,
0x7095009A,
0x000C7075,
0x0036000A,
0x23049FBE,
0x7FFFFFFF,
0x000C0002,
0x2144807E,
0x00220001,
0x21408041,
0x20410000,
0x20048FBE,
0x00200000,
0x000E0001,
0x7185202F,
0x8002212F,
0x0044248C,
0x9FDF0152,
0x000A7095,
0x0052000C,
0x20060F80,
0x00100000,
0x222F0303,
0x222F0083,
0x222F0083,
0x222F0083,
0x222F0083,
0x222F0083,
0x222F0083,
0x222F0083,
0x222F0083,
0x222F0083,
0x222F0083,
0x222F0082,
0x7845222F,
0x02837845,
0x1404341B,
0xC0D1C7C1,
0xC6C1C5C1,
0x7EE0248C,
0x92FF0106,
0x000B2602,
0x731B0000,
0x00002342,
0xB05B00A2,
0x000B00A6,
0x0001234C,
0xB8000050,
0x000B2342,
0x381B2305,
0x904B77EF,
0x00200002,
0x242FF6C1,
0x27C037C5,
0x20E801A2,
0x272F37C0,
0x272F37C0,
0x27873FFF,
0x200407CB,
0x242FF6C1,
0x4100000A,
0x0006212F,
0x004220E8,
0x01E2212F,
0x0042212F,
0x00420057,
0x0020700C,
0x707577EF,
0x002C0002,
0x234CB800,
0x27C237CA,
0x0018000A,
0x242FF6C1,
0x27C037C5,
0x20E801A2,
0x272F37C0,
0x272F37C0,
0x27873FFF,
0x210407CB,
0x240AF6C0,
0x412020E8,
0x01E2202F,
0x8002212F,
0x0044000F,
0x0000212F,
0x8040202F,
0x000B2144,
0x80BE001A,
0x00012144,
0x015B2305,
0xB2FE000E,
0x00012140,
0x80812041,
0x0000202F,
0x8002212F,
0x0044202F,
0x8002212F,
0x00447C82,
0x20048FBE,
0x00100000,
0x24C01062,
0xF15E248A,
0x1FDF40C3,
0x00100000,
0x06B1FFEF,
0x702C7C82,
0x700C06A9,
0xFFEF702C,
0x70D30010,
0x000021CC,
0x8021202F,
0x028320C5,
0x0F827FF8,
0x000079C0,
0xF564258C,
0x9FDF0016,
0x0001202F,
0x02832005,
0x0F807FF0,
0x0000702C,
0xF15876D3,
0x00100000,
0x23CC8021,
0x202F0283,
0x20C50F82,
0x7FF80000,
0x20C50F81,
0x7FF00000,
0x702CF148,
0x230C9F80,
0xFFE00000,
0x00200006,
0x702C700C,
0x705520C5,
0x0F828000,
0x0000F13A,
0x22C71065,
0x77D3FFE0,
0x0000F7B4,
0x40C37FF8,
0x0000702C,
0xF12E78E0,
0x232F8000,
0x00300085,
0xC5E1C6E1,
0xC7E1C0F1,
0x1CFCB6C8,
0x4378242F,
0x96C0242F,
0x930B242F,
0x930B242F,
0x930B242F,
0x930B242F,
0x930B242F,
0x930B242F,
0x930B242F,
0x930B242F,
0x930B242F,
0x930B242F,
0x130B2484,
0x9FDF2006,
0x0F80FFF0,
0x00002005,
0x0F800010,
0x00002602,
0xF3020000,
0x04130044,
0x000BE2A0,
0x0014000B,
0x78021404,
0x341BC0D1,
0xC7C1C6C1,
0xC5C17EE0,
0x242FF081,
0x4000000A,
0x0006202F,
0x000220E8,
0x01E2202F,
0x0002202F,
0x00021404,
0x341BC0D1,
0xC7C1C6C1,
0xC5C17EE0,
0x24021F82,
0x00000413,
0xE28B002A,
0x0009240A,
0xF0804120,
0x20E801E2,
0x781B212F,
0x804020C0,
0x00654000,
0x1404341B,
0xC0D1C7C1,
0xC6C1C5C1,
0x7EE0770C,
0x1404341B,
0xC0D1C7C1,
0xC6C1C5C1,
0x7EE078E0,
0x20070F80,
0x80000000,
0x000D0000,
0x21070F81,
0x80000000,
0xC5E1C6E1,
0xC7E1C0F1,
0x1CFCB6C8,
0x232FB000,
0x2641700A,
0x00000000,
0x02E40001,
0x272FB040,
0x2641700B,
0x00000000,
0x00120002,
0x1404341B,
0xC0D1C7C1,
0xC6C1C5C1,
0x7EE0270C,
0xB6C04200,
0x000E000E,
0x40204140,
0x42414269,
0x43487C1B,
0x242F9300,
0x242F930B,
0x242F930B,
0x242F930B,
0x242F930B,
0x242F930B,
0x242F930B,
0x242F930B,
0x242F130B,
0x24849FC3,
0x2053058E,
0x26CF15E2,
0x00140002,
0x7EDB2651,
0x95C0000C,
0x00027EDB,
0xBC61F1FB,
0x7D3B252F,
0x9340252F,
0x934B252F,
0x934B252F,
0x934B252F,
0x934B252F,
0x934B252F,
0x934B252F,
0x934B252F,
0x134B2584,
0x9FC32153,
0x058F27CF,
0x15E20016,
0x00027FFB,
0x275195C0,
0x000A0002,
0x7FFBBD61,
0xF1FA248C,
0x9FC3023A,
0x0021258C,
0x9FC302A4,
0x00212402,
0x135F274C,
0xB6407B62,
0x0012000C,
0x1404341B,
0xC0D1C7C1,
0xC6C1C5C1,
0x7EE02742,
0xB0827EDB,
0x00260001,
0x00120009,
0x7FFB2240,
0x8042001B,
0x002027C0,
0x13CB240A,
0xF08020E8,
0x01E2272F,
0x93C123C5,
0x0065220C,
0x92C07EDB,
0x01420002,
0x66FE2604,
0x9FBE0400,
0x00000010,
0x00017185,
0x262F9382,
0x23C50065,
0x264490BE,
0x00240021,
0x707426CB,
0x916126C0,
0x10A20018,
0x00012604,
0x9FBE0400,
0x0000000C,
0x0001262F,
0x13827185,
0x262F1382,
0x262F1382,
0x70950050,
0x000C248C,
0x9FC300DE,
0x000A2606,
0x1F800080,
0x0000222F,
0x0303222F,
0x0083222F,
0x0083222F,
0x0083222F,
0x0083222F,
0x0083222F,
0x0083222F,
0x0083222F,
0x00827845,
0x705520CF,
0x07E21404,
0x341BC0D1,
0xC7C1C6C1,
0xC5C17EE0,
0x26027302,
0x00000000,
0x22428042,
0x0058000C,
0x7074002E,
0x0002776F,
0xE2A023C2,
0x36CA001A,
0x000A242F,
0xF08123C0,
0x36C520E8,
0x01E2232F,
0x36C0232F,
0x36C02387,
0x3FFF2604,
0x16C3E2A0,
0x26C2138A,
0x001C000A,
0x242FF081,
0x00080006,
0x262F1382,
0x20E801A2,
0x262F1382,
0x262F1382,
0x00090000,
0x26C0138B,
0x264490BE,
0x00120001,
0x26441142,
0x220580FE,
0x00060001,
0x72C5262F,
0x1382262F,
0x13827C82,
0x26049F80,
0x00800000,
0x24C01062,
0xF195DCFF,
0x46CB0080,
0x0000F191,
0x0753FFEF,
0x4ED07EE2,
0x26049FBE,
0x02000000,
0x26C01381,
0x00120002,
0xBC612604,
0x9FBE0200,
0x0000003E,
0x00012644,
0x90BE0036,
0x00212644,
0x907E26C0,
0x10A20018,
0x00027074,
0x00220002,
0x2644913E,
0x26C010A2,
0x00160001,
0x26049FBE,
0x04000000,
0x000A0001,
0x262F1382,
0x7185262F,
0x1382262F,
0x138276D3,
0x00800000,
0x06A4FFCA,
0x70D5F3C8,
0x7EDB76D3,
0x00800000,
0xBC61F6BC,
0x709506E0,
0xFFCCF14D,
0x71D38000,
0x0000703C,
0x20CA0001,
0x1404341B,
0xC0D1C7C1,
0xC6C1C5C1,
0x7EE076D3,
0x00800000,
0x00120001,
0x1404341B,
0xC0D1C7C1,
0xC6C1C5C1,
0x7EE0258C,
0x9FC30014,
0x00011404,
0x341BC0D1,
0xC7C1C6C1,
0xC5C17EE0,
0x77D30080,
0x0000703C,
0x00120001,
0x1404341B,
0xC0D1C7C1,
0xC6C1C5C1,
0x7EE0220C,
0x92C00014,
0x00021404,
0x341BC0D1,
0xC7C1C6C1,
0xC5C17EE0,
0x40C37FC0,
0x00001404,
0x341BC0D1,
0xC7C1C6C1,
0xC5C17EE0,
0x40201404,
0x341BC0D1,
0xC7C1C6C1,
0xC5C17EE0,
0x44084020,
0x418178E0,
0x44CBFF00,
0x00002414,
0x10022414,
0x1043BCB8,
0x729123CC,
0x8305007A,
0x0026BC98,
0x7A847B84,
0x220280C2,
0x222F0084,
0x72C33F00,
0x00002200,
0x830322CC,
0x830300EA,
0x00042007,
0x804322CF,
0x07E42006,
0x03037986,
0xBB97B997,
0x7330244A,
0x764023C0,
0x00C522C2,
0x0F850080,
0x0000700C,
0x20A80240,
0x23028043,
0x20CF0F06,
0x23C00045,
0x637B202F,
0x0002202F,
0x800220E1,
0x07C66058,
0x20440041,
0x210580C1,
0x7FE020C0,
0x00622302,
0x83030036,
0x00022202,
0x8302262F,
0xF0004300,
0x202F0304,
0x20CF05A1,
0x72912304,
0x0F83007F,
0xFFFF23CC,
0x802120CF,
0x05AD2104,
0x0F818000,
0x00007FE0,
0x78277391,
0x20E107CD,
0x20CA004D,
0x22028302,
0x00100002,
0x21040F81,
0x80000000,
0x7FE07827,
0x729120E0,
0x07CD0020,
0x00017391,
0x002E0005,
0x20040F80,
0x80000000,
0x21040F81,
0x80000000,
0x7FE07827,
0x739120E1,
0x07C120CF,
0x05A12104,
0x0F818000,
0x00007FE0,
0x7827C5E1,
0xC6E1C7E1,
0xC0F11CFC,
0xB6C8272F,
0xB0402641,
0x700A0000,
0x0000021C,
0x0021232F,
0xB00022C7,
0x10650242,
0x0001242F,
0x96C0242F,
0x930B242F,
0x930B242F,
0x930B242F,
0x930B242F,
0x930B242F,
0x930B242F,
0x930B242F,
0x130B2484,
0x9FC32053,
0x058E26CF,
0x15E20016,
0x00027EDB,
0x265195C0,
0x000A0002,
0x7EDBBC61,
0xF1FA252F,
0x97C0252F,
0x934B252F,
0x934B252F,
0x934B252F,
0x934B252F,
0x934B252F,
0x934B252F,
0x934B252F,
0x134B2584,
0x9FC32153,
0x058F27CF,
0x15E20016,
0x00027FFB,
0x275195C0,
0x000A0002,
0x7FFBBD61,
0xF1FA248C,
0x9FC301D8,
0x0021258C,
0x9FC3021C,
0x00217CA2,
0xE47F244A,
0x7680704C,
0x20A80240,
0x76F126C2,
0x13C67A5B,
0x22C50066,
0x7EDB45C9,
0x46482604,
0x9FBE0200,
0x000024C2,
0x106126C0,
0x13817095,
0x0080000C,
0x264490BE,
0x00260001,
0x2644917E,
0x000A0002,
0x70B5001A,
0x000172C5,
0x26049FBE,
0x04000000,
0x000A0001,
0x262F1382,
0x7185262F,
0x1382262F,
0x1382248C,
0x9FC300F6,
0x000A2606,
0x1F800080,
0x0000222F,
0x0303222F,
0x0083222F,
0x0083222F,
0x0083222F,
0x0083222F,
0x0083222F,
0x0083222F,
0x0083222F,
0x00827845,
0x705520CF,
0x07E21404,
0x341BC0D1,
0xC7C1C6C1,
0xC5C17EE0,
0x262F9382,
0x25C51065,
0x262F9382,
0x25C51065,
0x248C9A3F,
0x00A4000B,
0x26027302,
0x00000000,
0x22428042,
0x0058000C,
0x70B5002E,
0x0002776F,
0xE2A023C2,
0x36CA001A,
0x000A242F,
0xF08123C0,
0x36C520E8,
0x01E2232F,
0x36C0232F,
0x36C02387,
0x3FFF2604,
0x16CDE2A0,
0x26C2138A,
0x001C000A,
0x242FF081,
0x00080006,
0x262F1382,
0x20E801A2,
0x262F1382,
0x262F1382,
0x00090000,
0x26C0138B,
0x264490BE,
0x00120001,
0x26441142,
0x2205837E,
0x00060001,
0x72C5262F,
0x1382262F,
0x13827C82,
0x26049F80,
0x00800000,
0x24C01062,
0xF189DCFF,
0x46CB0080,
0x0000F185,
0x7C820707,
0xFFEF7EC2,
0x22C71065,
0x008C0001,
0x230CBF80,
0xFF000000,
0x40C37F80,
0x0000007C,
0x000D7055,
0x20C50F82,
0x80000000,
0x1404341B,
0xC0D1C7C1,
0xC6C1C5C1,
0x7EE0270C,
0xBF80FF00,
0x0000700C,
0x0054000D,
0x705520C5,
0x0F828000,
0x00001404,
0x341BC0D1,
0xC7C1C6C1,
0xC5C17EE0,
0x705520D0,
0x07E120CF,
0x07E276D3,
0x00800000,
0x00120001,
0x1404341B,
0xC0D1C7C1,
0xC6C1C5C1,
0x7EE0258C,
0x9FC30014,
0x00011404,
0x341BC0D1,
0xC7C1C6C1,
0xC5C17EE0,
0x40C37FC0,
0x00001404,
0x341BC0D1,
0xC7C1C6C1,
0xC5C17EE0,
0x77D30080,
0x00000014,
0x00021404,
0x341BC0D1,
0xC7C1C6C1,
0xC5C17EE0,
0x70554020,
0x20D007E1,
0x20CF07E2,
0x1404341B,
0xC0D1C7C1,
0xC6C1C5C1,
0x7EE078E0,
0xC5E1C6E1,
0xC7E1C0F1,
0x1CFCB6C8,
0x260A9000,
0x2202128A,
0x00480002,
0x1404341B,
0xC0D1C7C1,
0xC6C1C5C1,
0x7EE078E0,
0xC5E1C6E1,
0xC7E1C0F1,
0x1CFCB6C8,
0x701426CA,
0x102B26C2,
0x100B0014,
0x00021404,
0x341BC0D1,
0xC7C1C6C1,
0xC5C17EE0,
0x22CA106B,
0x22CA102A,
0x26CA100A,
0x76D300FF,
0xFFFFDC96,
0x0064000D,
0x26049FBE,
0x00800000,
0x264A7000,
0x00120002,
0x66DE2604,
0x9FBE0080,
0x0000BC61,
0xF3FA2606,
0x1F800080,
0x0000222F,
0x0303222F,
0x0083222F,
0x0083222F,
0x0083222F,
0x0083222F,
0x0083222F,
0x0083222F,
0x0083222F,
0x00827845,
0x705520CF,
0x07E21404,
0x341BC0D1,
0xC7C1C6C1,
0xC5C17EE0,
0x230212CB,
0x262F9382,
0x232F12C4,
0x76D300FF,
0xFFFF7185,
0xF6387075,
0x232F12C0,
0x0028000A,
0x26441042,
0x230590BE,
0x264A7000,
0x00180001,
0x71C52604,
0x9FBE0100,
0x0000000C,
0x0001262F,
0x13827185,
0x26061F80,
0x00800000,
0x222F0303,
0x222F0083,
0x222F0083,
0x222F0083,
0x222F0083,
0x222F0083,
0x222F0083,
0x222F0083,
0x222F0082,
0x78457055,
0x20CF07E2,
0x1404341B,
0xC0D1C7C1,
0xC6C1C5C1,
0x7EE078E0,
0xC5E1C6E1,
0xC7E1C0F1,
0x1CFCB6C8,
0x272FB040,
0x2641700A,
0x00000000,
0x028A0021,
0x232FB000,
0x22C71065,
0x02640001,
0x242F96C0,
0x242F930B,
0x242F930B,
0x242F930B,
0x242F930B,
0x242F930B,
0x242F930B,
0x242F930B,
0x242F130B,
0x24849FC3,
0x2053058E,
0x26CF15E2,
0x00140002,
0x7EDB2651,
0x95C0000C,
0x00027EDB,
0xBC61F1FB,
0x252F97C0,
0x252F934B,
0x252F934B,
0x252F934B,
0x252F934B,
0x252F934B,
0x252F934B,
0x252F934B,
0x252F134B,
0x25849FC3,
0x2153058F,
0x27CF15E2,
0x00140002,
0x7FFB2751,
0x95C0000C,
0x00027FFB,
0xBD61F1FB,
0x248C9FC3,
0x019E0021,
0x258C9FC3,
0x01B60021,
0x64BC2482,
0x1FC1704C,
0x702C700C,
0x244A7600,
0x20A80380,
0x262F9382,
0x20C00085,
0x21C083C5,
0x20410000,
0x272F93C0,
0x22010082,
0x244A7200,
0x212F8040,
0x262F100B,
0x20A80180,
0x212F8040,
0x262F138B,
0x26049FBE,
0x01000000,
0x000E0001,
0x7185262F,
0x9382212F,
0x00447095,
0x0020000C,
0x70340032,
0x000A2104,
0x8FBE7FFF,
0xFFFF000E,
0x00022644,
0x907E001E,
0x000171C5,
0x26049FBE,
0x01000000,
0x000E0001,
0x7185262F,
0x9382212F,
0x0044248C,
0x9FC300EC,
0x000A7095,
0x0046000C,
0x26061F80,
0x00800000,
0x222F0303,
0x222F0083,
0x222F0083,
0x222F0083,
0x222F0083,
0x222F0083,
0x222F0083,
0x222F0083,
0x222F0082,
0x78457055,
0x20CF07E2,
0x1404341B,
0xC0D1C7C1,
0xC6C1C5C1,
0x7EE0248C,
0x9A3F00A6,
0x000B2602,
0x73020000,
0x00002242,
0x8042005A,
0x000C7034,
0x002C0002,
0x776FE2A0,
0x23C236CA,
0x0018000A,
0x242FF081,
0x23C036C5,
0x20E801A2,
0x232F36C0,
0x232F36C0,
0x23873FFF,
0x260416C1,
0xE2A026C2,
0x138A001E,
0x000A242F,
0xF081000A,
0x0006262F,
0x138220E8,
0x01E2262F,
0x1382262F,
0x1382000B,
0x000026C0,
0x138B2644,
0x90BE0014,
0x00012644,
0x11422205,
0x807E0008,
0x000172C5,
0x262F1382,
0x262F1382,
0x7C822604,
0x9F800080,
0x000024C0,
0x1062F192,
0xDCFF46CB,
0x00800000,
0xF18C7C82,
0x0715FFEF,
0x7EC27055,
0x20C40F81,
0x7FFFFFFF,
0x20C50F82,
0x80000000,
0x76D30080,
0x0000F596,
0x258C9FC3,
0xF5927055,
0x402020C4,
0x0F817FFF,
0xFFFF20C5,
0x0F828000,
0x0000F188,
0x270CBF80,
0xFF000000,
0x00200006,
0x78027055,
0x20C50F82,
0x80000000,
0xF17A22C7,
0x1065230C,
0xBF80FF00,
0x0000F7B4,
0x40C37FC0,
0x0000F170,
0xC5E1C6E1,
0xC7E1C0F1,
0x1CFCB6C8,
0x232FB000,
0x2641700A,
0x00000000,
0x242F96C0,
0x242F930B,
0x242F930B,
0x242F930B,
0x242F930B,
0x242F930B,
0x242F930B,
0x242F930B,
0x242F130B,
0x24849FC3,
0x20060F8E,
0xFF800000,
0x26051F8E,
0x00800000,
0x2602F302,
0x00000096,
0x004A000B,
0xE2A020C2,
0x000A0014,
0x000B1404,
0x341BC0D1,
0xC7C1C6C1,
0xC5C17EE0,
0x242FF081,
0x40C1000A,
0x0006202F,
0x000220E8,
0x01E2202F,
0x0002202F,
0x00027055,
0x20CE0022,
0x1404341B,
0xC0D1C7C1,
0xC6C1C5C1,
0x7EE02402,
0x1F820000,
0x0096E288,
0x002A000A,
0x242FF081,
0x40C120C0,
0x000520E8,
0x0162781B,
0x781B7055,
0x20CE0022,
0x1404341B,
0xC0D1C7C1,
0xC6C1C5C1,
0x7EE0002A,
0x00027055,
0x00220001,
0x76D30080,
0x000040C3,
0x80000000,
0x00120002,
0x1404341B,
0xC0D1C7C1,
0xC6C1C5C1,
0x7EE07055,
0x40C37FFF,
0xFFFF20C0,
0x00621404,
0x341BC0D1,
0xC7C1C6C1,
0xC5C17EE0,
0xC5E1C6E1,
0xC7E1C0F1,
0x1CFCB6C8,
0x232FB000,
0x00140006,
0x1404341B,
0xC0D1C7C1,
0xC6C1C5C1,
0x06C9FFCF,
0x242F96C0,
0x242F930B,
0x242F930B,
0x242F930B,
0x242F930B,
0x242F930B,
0x242F930B,
0x242F930B,
0x242F130B,
0x24849FC3,
0x20060F8E,
0xFF800000,
0x26051F8E,
0x00800000,
0x2602F302,
0x00000096,
0x0042000B,
0xE2A07802,
0x0012000B,
0x1404341B,
0xC0D1C7C1,
0xC6C1C5C1,
0x7EE0242F,
0xF08140C1,
0x00080006,
0x202F0002,
0x20E801A2,
0x202F0002,
0x202F0002,
0x1404341B,
0xC0D1C7C1,
0xC6C1C5C1,
0x7EE02402,
0x1F820000,
0x0096E288,
0x00240009,
0x242FF081,
0x40C120C0,
0x000520E8,
0x0162781B,
0x781B1404,
0x341BC0D1,
0xC7C1C6C1,
0xC5C17EE0,
0x770C1404,
0x341BC0D1,
0xC7C1C6C1,
0xC5C17EE0,
0xC4E1240A,
0x1F800008,
0xAFE80C19,
0x3304240A,
0x1F800008,
0xB3E80C0D,
0x1704C4C1,
0x202007C0,
0x7FFF78E0,
0xC5E1C6E1,
0xC7E12007,
0x008B262F,
0xF000704D,
0x00100026,
0x232F12C4,
0x210E8281,
0x22031000,
0x0A1907DE,
0x230E8283,
0x22031082,
0xF00678E0,
0xC5E1C6E1,
0xC7E1706D,
0x250A90C0,
0x22CC8021,
0xF2607014,
0xF20C003C,
0x002BDC40,
0x212F8040,
0x202F800B,
0x07F8FFE3,
0xBC61F014,
0xDC20200A,
0x804023CA,
0x002122CA,
0x0021F222,
0x00140024,
0x702C202F,
0x8000BC61,
0x07FEFFE3,
0x20C08003,
0x240A7300,
0x260A9080,
0x706C0046,
0x0022704C,
0x20A80380,
0x21008041,
0x20018000,
0x230180C3,
0x25CC90C6,
0x21C0006E,
0x23C2034E,
0x7075F22F,
0xF645230E,
0x82832203,
0x1082232F,
0x92C0004E,
0x0003210E,
0x82810047,
0x00202203,
0x100020A8,
0x05802100,
0x80412001,
0x80002301,
0x80C32201,
0x00822302,
0x83432203,
0x8382F746,
0x23008343,
0x22018382,
0x21C00066,
0x70750012,
0x0001F1DA,
0x43414241,
0x6B29202F,
0x0042C7C1,
0xC6C1C5C1,
0x7EE078E0,
0x22538142,
0x7CE0224E,
0x88030016,
0x000C2901,
0x00CC2800,
0x00802900,
0x00817FE0,
0x7885234E,
0x00032900,
0x00C07FE0,
0x792278E0,
0x20690040,
0x78E0F1FE,
0xC5E1C6E1,
0xC7E1C0F1,
0x1CFCB6C8,
0x232FB000,
0x2641700A,
0x00000000,
0x242F96C0,
0x242F930B,
0x242F930B,
0x242F930B,
0x242F930B,
0x242F930B,
0x242F930B,
0x242F930B,
0x242F930B,
0x242F930B,
0x242F930B,
0x242F130B,
0x24849FDF,
0x20060F80,
0xFFF00000,
0x20050F80,
0x00100000,
0x2602F302,
0x00000413,
0x0048000B,
0xE2A00016,
0x000B7802,
0x1404341B,
0xC0D1C7C1,
0xC6C1C5C1,
0x7EE0242F,
0xF0814000,
0x00080006,
0x202F0002,
0x20E801A2,
0x202F0002,
0x202F0002,
0x705520CE,
0x00221404,
0x341BC0D1,
0xC7C1C6C1,
0xC5C17EE0,
0x24021F82,
0x00000413,
0xE28B0036,
0x000A240A,
0xF0804120,
0x20E801E2,
0x781B212F,
0x804020C0,
0x00657055,
0x00080001,
0x204E0000,
0x20CA0001,
0x1404341B,
0xC0D1C7C1,
0xC6C1C5C1,
0x7EE00036,
0x00027055,
0x002E0001,
0x70D30010,
0x000021CB,
0x8F81FFF0,
0x000040C3,
0x80000000,
0x20E00F82,
0x00001F92,
0x1404341B,
0xC0D1C7C1,
0xC6C1C5C1,
0x7EE040C3,
0x7FFFFFFF,
0x705520C0,
0x00621404,
0x341BC0D1,
0xC7C1C6C1,
0xC5C17EE0,
0x71A52030,
0x0F80000F,
0x02C820AD,
0x0B827EE0,
0x19CC0000,
0x12F08000,
0x20040F80,
0xFFFF8001,
0x20050F80,
0x000036B8,
0x503319BC,
0x000012F4,
0x8000206C,
0x04402005,
0x0F800001,
0xAFC85033,
0x19C00000,
0x12F88000,
0x206C03C0,
0xB881B884,
0xB88B5033,
0x19C40000,
0x12DC8000,
0x7EE078E0,
0x40C30008,
0x831860E0,
0x20040F80,
0xFFFFF07F,
0x7EE078E0,
0x830172C3,
0x000F01AC,
0x2841040E,
0x2840060D,
0xB8087DC5,
0x788478A5,
0x5033A102,
0x81048302,
0x2841040E,
0x2840060D,
0xB8087DC5,
0x788478A5,
0x5033A104,
0x81068303,
0x2841040E,
0x2840060D,
0xB8087DC5,
0x7EE078E0,
0x780F6834,
0x21300F81,
0x00085E60,
0x793D7EE0,
0x6020B88E,
0x50331AFC,
0x8000C80B,
0xB8AE5033,
0x1AFC8000,
0xC80BB88E,
0x50331AFC,
0x80008300,
0x7EE078E0,
0x7904B862,
0x200402C0,
0x79058401,
0x20040F80,
0xFF800001,
0x78255033,
0xA4018402,
0x8606206C,
0x02C07865,
0x5033A402,
0x17489000,
0x7EE078E0,
0x40C30008,
0x2FC448C0,
0x20000F81,
0x000F00AC,
0x7EE078E0,
0x25001F80,
0x00085CD0,
0x18000083,
0x7EE078E0,
0x1DB31018,
0x26301F80,
0x000F02F8,
0xB8A95033,
0x1DBC1018,
0xC80BB889,
0x50331DBC,
0x1018C80B,
0xB8A95033,
0x1DBC1018,
0x81007EE0,
0x40C30008,
0x2FB448C0,
0x7EE078E0,
0x13F8B000,
0x18520058,
0x7EE078E0,
0x5033A704,
0x125C8000,
0x23AD0A02,
0x21550DCB,
0x20040F80,
0xFFFF03FF,
0xB88AB88C,
0xB88D5033,
0x1A5C8000,
0x87077EE0,
0x8536206C,
0x074FB91B,
0x2E401240,
0x78248539,
0x7F056E16,
0xB9187824,
0x853C7F05,
0x6E13B915,
0x78247F05,
0x851F7EE0,
0x23003F80,
0x00085CD0,
0x18000083,
0x7EE078E0,
0xC0F10A42,
0x06E0D80A,
0xC80BC0D1,
0x7EE078E0,
0x20040F80,
0x00FC0000,
0x78255033,
0x7EE078E0,
0xC0F140A1,
0xD914089A,
0x02E0DA14,
0x0A3E05A0,
0x40A140A1,
0x702C088A,
0x02E0704C,
0x13B8B000,
0x41C30008,
0x01586022,
0xC0D17EE0,
0x25001F80,
0x00085CD0,
0x18000083,
0x7EE078E0,
0x4F622230,
0x0F82000F,
0x01882244,
0x00822205,
0x833E7EE0,
0x21840030,
0xB9861A0B,
0x30581A9C,
0x004012C0,
0x8001B992,
0xB9931A0B,
0x30581AC0,
0x804012C8,
0x80017EE0,
0x13F8B000,
0x10520600,
0x20040F81,
0xFBE0BFFF,
0x7EE078E0,
0xC0F1752C,
0x764C0A0E,
0x00602052,
0x07C0C0D1,
0x7EE078E0,
0x2305301B,
0x1A0B36D8,
0x1CCC16C0,
0x86022084,
0x00302085,
0x0CC95033,
0x1CE81000,
0x86027EE0,
0x13B68600,
0xB8CB2005,
0x02C05033,
0x1BB68018,
0x87C0706D,
0xBE3B1A0B,
0x3398176C,
0x96007EE0,
0x70C30008,
0x5CD01800,
0x00837EE0,
0x20000F81,
0x000F03A0,
0x81007EE0,
0x20000F81,
0x000F0110,
0x81007EE0,
0x1BFCB000,
0x13FCB000,
0xA2007EE0,
0x86002084,
0x07F87EE0,
0xC0F143A1,
0x239F080D,
0x40A10822,
0x0060677A,
0xB2032330,
0x3F81000F,
0x03B4216D,
0x0541AA2C,
0x1A0B3058,
0xC0D17EE0,
0x19BC0000,
0x11908000,
0x20450F00,
0x50331990,
0x800011C0,
0x80002046,
0x0F00B885,
0x503319C0,
0x800011BC,
0x8600206C,
0x06C0B88C,
0xB89A5033,
0x19BC8018,
0x11A38600,
0x7EE078E0,
0x1BFCB000,
0x13FCB000,
0x7EE078E0,
0xA5002B41,
0x04007A04,
0x17849000,
0xBB362384,
0x00082004,
0x0F81FFEF,
0xF0FF7945,
0x86417EE0,
0x850BB814,
0x20040F81,
0x00F00000,
0x8508B818,
0x20040F8E,
0x0F000000,
0x8505B81C,
0x78C57EE0,
0x8300B89E,
0xB89F5033,
0xA300821F,
0x206C05C0,
0xB887B893,
0x503319C1,
0x0018820D,
0x7EE078E0,
0x1BFCB000,
0x13FCB000,
0xB8B01BFC,
0xB00013FC,
0xB000B890,
0x1BFCB000,
0x13FCB000,
0x7EE078E0,
0x21AD0103,
0x215A0501,
0x61192100,
0x078C7EE0,
0xD83F6953,
0xB8117A04,
0x15809600,
0x20040F80,
0xFF807FFF,
0x7845B88F,
0x50337EE0,
0x82001BF4,
0xB00013F4,
0xB0002004,
0x0F80FC0F,
0xFFFF1BF4,
0xB0002B40,
0x05007EE0,
0xBF18BE14,
0x27041F8F,
0x0F000000,
0xB81C2604,
0x1F8E00F0,
0x000078E5,
0x7E057EE0,
0x20440E01,
0x79454200,
0x22840007,
0x7A252004,
0x02C17945,
0x1A0B3058,
0x7EE078E0,
0x16007000,
0x00080018,
0x20440840,
0x7EE078E0,
0x60E02004,
0x0F80FFFF,
0xF07FB889,
0x7EE078E0,
0x19AD8018,
0x11B68600,
0x20040F80,
0xFFFF0003,
0x78655033,
0x19B68018,
0x11BB8600,
0x20040F82,
0xFF0003FF,
0x2B400200,
0x78455033,
0x19BB8018,
0x7EE078E0,
0xC0F1081E,
0x05A040C1,
0x7014C0D1,
0x7EE078E0,
0x26F07040,
0x00082F94,
0x71242030,
0x0F80000F,
0x02CC206D,
0x0C005033,
0x7EE078E0,
0xB9BCB9BD,
0xB9BE1A0B,
0x3058A020,
0x7EE078E0,
0x8100206D,
0x05C05033,
0x7EE078E0,
0x1DA89000,
0x15589600,
0x7EE078E0,
0x40C30008,
0x2FB448A0,
0x7EE078E0,
0x13D4B001,
0x20840C0F,
0x6119226D,
0x07407043,
0x104A0083,
0x226D0580,
0x7EE078E0,
0x265F1781,
0x13BCB000,
0x6119275F,
0x13C06038,
0x621A40C3,
0x000862B0,
0x7EE078E0,
0x20000F83,
0x000F039C,
0x83807054,
0xBCBCBCBD,
0x1A0B3318,
0xA3808380,
0x7EE078E0,
0xB9082104,
0x0F810000,
0x0F007905,
0x7EE078E0,
0xB8082004,
0x0F800000,
0x0F007905,
0x7EE078E0,
0x85002004,
0x0F8087FF,
0xFFFF7EE0,
0x4F602030,
0x0F80000F,
0x0188B8E1,
0x7EE078E0,
0x27301F80,
0x000F0080,
0x27001F81,
0x000F0028,
0x206D0240,
0x50337EE0,
0x20000F83,
0x000F06EC,
0x83004260,
0x2280012F,
0xB8DD5033,
0xA3007EE0,
0x82001BFC,
0xB00013FC,
0xB0002004,
0x0F80FC0F,
0xFFFF1BFC,
0xB0007EE0,
0xB8042030,
0x0F820008,
0x12887EE0,
0x780F26F0,
0x70010008,
0x2F947EE0,
0x10380080,
0xB80470C3,
0x00081280,
0x8001B829,
0x206C00C1,
0x7EE078E0,
0x402020AD,
0x05017A05,
0x294104C0,
0x20840C01,
0x78455033,
0x7EE078E0,
0x1A0B30D8,
0x70742000,
0x0F82000F,
0x019443C3,
0xFF000FFF,
0x7EE078E0,
0x20040F80,
0x000F0000,
0x79057EE0,
0x82001BFC,
0xB00013FC,
0xB0007EE0,
0x13F8B000,
0x10520600,
0xB8DB7EE0,
0x40C30008,
0x00188000,
0x20440840,
0x7EE078E0,
0xC0F1D916,
0xB8D50C86,
0x06205033,
0xC0D17EE0,
0xA41A174C,
0x9000B890,
0xB892B89B,
0x5033A41B,
0x17449000,
0x7EE078E0,
0x40C30008,
0x831860E0,
0x20040F80,
0xFFFFF07F,
0xB8887EE0,
0x40C30008,
0x2FB448A1,
0x21000F82,
0x000F03B8,
0x82007EE0,
0x40E1219F,
0x0385209F,
0x051F2500,
0x1F82000F,
0x07287EE0,
0xA02010F0,
0x80012184,
0x0FF91A0B,
0x305818F0,
0x80407EE0,
0x20040F80,
0xC0000003,
0x20050F80,
0x1B36B970,
0x50337EE0,
0x20040F80,
0xFFFC0003,
0x20050F80,
0x00034744,
0x50337EE0,
0x43182055,
0x0F807D0F,
0x26F07340,
0x00082F94,
0x7EE078E0,
0xB80470C3,
0x00081280,
0x800220AD,
0x00897825,
0x7EE078E0,
0x79052304,
0x0F80FFFE,
0x23FF7825,
0x5033A200,
0x7EE078E0,
0x20550FC1,
0x792F26F0,
0x70430008,
0x2FC470C3,
0x00085CD0,
0x23000F82,
0x000F0110,
0x82207EE0,
0xC0F1B8D5,
0x0B8A0620,
0x5033C0D1,
0x7EE078E0,
0xA1078206,
0x40C30032,
0x004B5033,
0xA1088207,
0x7EE078E0,
0x20000F81,
0x000F02E0,
0x20000F82,
0x000F02E4,
0x7EE078E0,
0x40C30008,
0x831860E0,
0x20040F81,
0xFFFFF07F,
0x7EE078E0,
0xC0F170C3,
0x00088324,
0x10500601,
0x40C10C5A,
0x002021AD,
0x0BC2C0D1,
0x7EE078E0,
0x23F0135B,
0x23003F81,
0x000F03B8,
0x8100B8EC,
0x7EE078E0,
0x10380080,
0x683440C3,
0x00081280,
0x61017EE0,
0xB8062004,
0x0F80003F,
0xFFC07845,
0x50337EE0,
0x23840038,
0x1A0B30D8,
0x20AD0444,
0x7B057EE0,
0x41C3000F,
0x0080673F,
0x87002755,
0x1A027EE0,
0x10380080,
0xB80470C3,
0x00081280,
0x80237EE0,
0x20040F80,
0xE00001FF,
0xB892B89C,
0x50337EE0,
0x26F07002,
0x00082FC4,
0x22000F81,
0x000F00AC,
0x810072C3,
0x000F00A4,
0x7EE078E0,
0x20AD0285,
0x78257EE0,
0x2B4005C1,
0x7944A500,
0x17689000,
0xBA317EE0,
0x40C30008,
0x5FE06209,
0x13E4B000,
0xB8667EE0,
0x20040F80,
0x7FFFFFC0,
0xB885B89F,
0x50337EE0,
0x4FC02030,
0x0F80000F,
0x00ECB8F4,
0x7EE078E0,
0x23F01340,
0x20000F81,
0x000F03B8,
0x81007EE0,
0xBA2B7844,
0x78255033,
0xA5071794,
0x90007EE0,
0xC2E61CFC,
0xB6C8C1AD,
0x26F0701B,
0x00082FC4,
0xC14C41C3,
0x000F0104,
0x2300304E,
0x8600DA0C,
0xBA9EC041,
0xC00169EC,
0x27421201,
0xB8AAC041,
0xC0017763,
0xB88AC041,
0xC001A600,
0x16FC9000,
0x20050F80,
0x010C0080,
0x50331EFC,
0x900016F4,
0x90007845,
0x50331EF4,
0x90008606,
0xC041C001,
0x20040F80,
0xFFFFC3FF,
0xC041C001,
0xA6068605,
0xC041C001,
0x20840FF3,
0xC041C001,
0x2085000C,
0xC041C001,
0xA6058603,
0x78455033,
0xA6031600,
0x9000781D,
0xB8CDC04B,
0x23003F80,
0x000F0120,
0xC0492300,
0x3040C046,
0x700CC045,
0xC0057214,
0x010E0026,
0x258A1008,
0xC0098000,
0xC040C000,
0x206C00C0,
0xC040C005,
0xC1007014,
0xD80F20CA,
0x00217825,
0xC040C100,
0xC009A020,
0x10FC8000,
0xC040C000,
0x20840FF0,
0xC040C000,
0xB886C040,
0xC100C009,
0x18FC8040,
0x208A0004,
0xC047700C,
0xC048C008,
0x08AF02B5,
0xC1812300,
0x3F80000F,
0x0130C04A,
0x8000C040,
0xC0002084,
0x0030C040,
0xC10040A1,
0xB8C97825,
0xC040C100,
0xC00AA020,
0x09F206A0,
0xD864C00A,
0x10B58600,
0xC040C000,
0xB8BFC040,
0xC000B89F,
0xC040C100,
0xC00A18B5,
0x80582300,
0x3F81000F,
0x01408100,
0x284107C2,
0x08FB8033,
0x1A0B3098,
0x8120C006,
0x100C8000,
0xC040C000,
0xB8BFC040,
0xC200C006,
0x180C8080,
0xC0080817,
0x027521AD,
0x0407C00B,
0x08150045,
0xC0077D02,
0xF008C00B,
0x080D0045,
0x77A5F004,
0xC007651D,
0xC0087104,
0xC048C007,
0x781DC047,
0xF1A9C005,
0x7915C005,
0xA1A07104,
0xF177C101,
0xC0026038,
0x791CC00C,
0xA0208600,
0xC040C000,
0xB8AAC040,
0xC000A600,
0x8700C040,
0xC000B8A7,
0xC040C000,
0xA7008700,
0xC040C000,
0xB8B3C040,
0xC000A700,
0x8700C040,
0xC000B8B2,
0xC040C000,
0xA700C006,
0x8000C040,
0xC000B8BE,
0xC040C100,
0xC006A020,
0x8000C040,
0xC000B8A3,
0xC040C100,
0xC006A020,
0x8700C040,
0xC000B8B8,
0xC040C000,
0xA700C0AD,
0x1404341B,
0xC6C678E0,
0x26F07000,
0x00082FB4,
0x70C3000F,
0x02948020,
0x8001B9C8,
0x20AD0244,
0x78227FE0,
0x20800008,
0xC0E626F0,
0x700F0008,
0x2FA443C3,
0x00085C2C,
0xDC3F2700,
0x1F82000F,
0x00881200,
0x000B83A0,
0xBC066C16,
0x2D41130E,
0x79BB7E84,
0x78247E05,
0x2D401381,
0x2C401300,
0x78247E05,
0x236C1740,
0x25AD1E42,
0x7D058B04,
0xBC127DC5,
0xB8177884,
0x78A55033,
0xA200704C,
0x44E98B04,
0x781D0823,
0x00842614,
0x70800008,
0x5C348000,
0x24001F81,
0x000F0008,
0x72445033,
0xA1007485,
0xF1EF2700,
0x1F8D000F,
0x00D046CB,
0x00085BE4,
0x1500100B,
0x8600DC1F,
0xBC0A2841,
0x0343791D,
0x2384080F,
0x79847B25,
0x284002C2,
0x6C357944,
0x7B25236C,
0x160120AD,
0x06427825,
0x200500C1,
0x8E04BC0A,
0x704CB813,
0x78847825,
0x5033A500,
0x8600B839,
0x08210084,
0x26147080,
0x00085BEC,
0x80002700,
0x1F81000F,
0x00907244,
0x5033A100,
0x74E5F1F0,
0xC4C678E0,
0xC2E61CFC,
0xB6C84608,
0x209F080D,
0x47484338,
0x20000F8D,
0x00088670,
0x9500208C,
0x8FC3F712,
0x08960000,
0x95006841,
0xB5402E40,
0x12C27A16,
0x40C30008,
0x2FD46058,
0xA8E51804,
0x06C2A020,
0x1404341B,
0xC6C678E0,
0xC2E64508,
0x710C7838,
0x0ADAFF6F,
0x46480BFE,
0xFF6F41A1,
0x470840A1,
0x0EDEFEAF,
0x702C40E1,
0xF6440C42,
0xFEAF40E1,
0x0FB2FF4F,
0x7910264E,
0x14002E01,
0x70000000,
0xFFFF7824,
0xC6C678E0,
0xC0F12049,
0x0802770C,
0x09AEFFAF,
0x772CC0D1,
0x7FE07832,
0x710C20AB,
0x00C440C3,
0x000828C8,
0x18040041,
0x7FE01800,
0x000178E0,
0x21AA0104,
0x20AA0144,
0x22AA00C4,
0x7054F67A,
0x7EE078E0,
0xC1A1C0F1,
0x0B62FFCF,
0xC0D1C040,
0xC000B8B1,
0xC040C000,
0xC040C000,
0xA1008100,
0xC040C000,
0xB8B2C040,
0xC000C040,
0xC000A100,
0x11F88000,
0x20450600,
0x503319F8,
0x80008100,
0xC040C000,
0xB8B1C040,
0xC000B891,
0xC040C000,
0xA1008100,
0x206D0500,
0x5033E87D,
0x8100C040,
0xC000B8B1,
0xC040C000,
0xC040C000,
0xA1008200,
0x20460600,
0x5033A200,
0x7FE07487,
0xC2E61CFC,
0xB6C8C1A6,
0xC0452055,
0x0F807B0F,
0x26F070C0,
0x00082F94,
0x70C3000F,
0x01108040,
0x80112004,
0x0F810400,
0x00002244,
0x08002105,
0x803E0510,
0x000226F0,
0x70C10008,
0x2FB445CB,
0x000F02D0,
0x2540190E,
0x61BC8400,
0x61DA43DB,
0x00003800,
0xC040C000,
0x239F080D,
0x2640130F,
0xB8A5C040,
0xC0002100,
0x03CBE718,
0xB885C040,
0xC000A400,
0x8200C040,
0xC000B8A5,
0xC040C000,
0xB885C040,
0xC000A409,
0x8400C040,
0xC000B8BA,
0xC040C000,
0xB89AC040,
0xC000A400,
0x8200C040,
0xC000B8BA,
0xC040C000,
0xA4098400,
0xC040C000,
0xB8B8C040,
0xC000B898,
0xC040C000,
0xA4008200,
0xC040C000,
0xB8B8C040,
0xC000A409,
0x8400C040,
0xC000B8B9,
0xC040C000,
0xB899C040,
0xC000A400,
0x8200C040,
0xC000B8B9,
0xC040C000,
0xA4098400,
0xC040C000,
0xB8B7C040,
0xC000B897,
0xC040C000,
0xA4008200,
0xC040C000,
0xB8B7C040,
0xC000B897,
0xC040C000,
0xA4098402,
0xC040C000,
0xB8B5C040,
0xC000B895,
0xC040C000,
0xA4028203,
0xC040C000,
0xB8ABB8AC,
0xB8ADC040,
0xC0002005,
0x06C0C040,
0xC0002B40,
0x345BA40C,
0x23000F80,
0x00088390,
0xC0434475,
0xC303B8C6,
0xAB008403,
0x6D6C633B,
0xC040C000,
0xB8BDC040,
0xC000B89D,
0xC040C000,
0xA4034475,
0xC040C000,
0x2084003E,
0xC040C000,
0xA41214FC,
0x9000C040,
0xC000B8AE,
0xC040C000,
0xB88EC040,
0xC0001CFC,
0x90006E0C,
0xC04212FC,
0x80002755,
0x180E2100,
0x039FB88E,
0x5033A408,
0xC80BE618,
0x673FB8AE,
0x5033A408,
0xC80B663E,
0xB88E5033,
0xA40814FC,
0x9000C040,
0xC000B8AE,
0xC040C000,
0x1CFC9000,
0x40E7C040,
0xC000B8A6,
0xC040C000,
0xB886C040,
0xC0001CC8,
0x100044F7,
0xC040C000,
0xB8A2C040,
0xC0001CE0,
0x1000146B,
0x960D146B,
0x96002584,
0x1E0FC040,
0xC0002084,
0x01F0C040,
0xC0002085,
0x0E06C040,
0xC0001C6B,
0x901814B5,
0x961E14B5,
0x96002604,
0x3F9E00FF,
0xF000C040,
0xC0002004,
0x0F80FF00,
0x0FFFC040,
0xC000B890,
0xC040C000,
0x1CB59018,
0x14B5960B,
0x14B59600,
0x236C15CB,
0xC040C000,
0xB8D7C040,
0xC000B89B,
0xC040C000,
0x1CB59018,
0x40EF2045,
0x0C005033,
0x1CCC1000,
0x21000F80,
0x000F02D8,
0xC741C044,
0x8602C040,
0xC000B8AA,
0xC040C000,
0x1CE81000,
0x40EFC0F1,
0x0A76FF8F,
0xC0D1C040,
0xC000B8AA,
0xC040C000,
0xB88AC040,
0xC0001CE8,
0x10008602,
0x08FF831E,
0x86022305,
0x178B2100,
0x0F8F000F,
0x0444C040,
0xC000B8AA,
0xC040C000,
0xA60240EF,
0xB8BCB8BD,
0xB8BE5033,
0x1F043000,
0xC0F10A4E,
0xFF8FC0D1,
0xC040C000,
0x206C0100,
0xC040C000,
0x78C5C040,
0xC0001F6C,
0x901887C1,
0xBE3C1A0B,
0x3398176C,
0x9600BE05,
0xC040C000,
0x208407F8,
0xC040C000,
0x78C5C040,
0xC00070CD,
0x1F6C9018,
0x170E9600,
0xC040C000,
0x208401F0,
0xC040C000,
0x7D05C540,
0xC00070AD,
0x1F0E9018,
0x173C9600,
0xC040C000,
0x206C00C0,
0xC040C000,
0xB880C040,
0xC0001F3C,
0x9018173D,
0x9600C040,
0xC000206C,
0x00C0C040,
0xC000B880,
0xC040C000,
0x1F3D9018,
0x78AF089B,
0x0515C001,
0x8000C040,
0xC0002084,
0x003EC040,
0xC00078C5,
0xC040C700,
0xC001A0E0,
0x21000F8F,
0x000F03B4,
0x8300C040,
0xC000B8AE,
0xC040C000,
0xB88EC040,
0xC000A300,
0xC002C0F1,
0x0F82FF4F,
0xC0D1C040,
0xC000B8AE,
0xC040C000,
0xA3008700,
0xC040C000,
0x20840FFC,
0xC040C000,
0xB886C040,
0xC000A700,
0x8700C040,
0xC000B8A5,
0xC040C000,
0xB885C040,
0xC000A700,
0x87000801,
0x021E8700,
0x70D5DE7F,
0xC040C000,
0x7EC071A5,
0xB8A5C040,
0xC000A700,
0xF1B4DD7F,
0x202F02C7,
0x08990515,
0xC0018000,
0xC040C000,
0x2084003E,
0xC040C000,
0x78A5C040,
0xC600C001,
0xA0C02100,
0x0F8E000F,
0x03B48300,
0xC040C000,
0xB8AEC040,
0xC000B88E,
0xC040C000,
0xA300C002,
0xC0F10EE6,
0xFF4FC0D1,
0xC040C000,
0xB8AEC040,
0xC000A300,
0x8600C040,
0xC0002084,
0x0FFCC040,
0xC000B887,
0xC040C000,
0xA6008600,
0xC040C000,
0xB8A5C040,
0xC000B885,
0xC040C000,
0xA6008600,
0x08FF821E,
0x860070B5,
0xDD7FC040,
0xC0007DC0,
0x7165B8A5,
0xC040C000,
0xA600F1B4,
0xC0018000,
0xC040C000,
0x2084003E,
0xC040C003,
0x8800C500,
0xB8C678A5,
0xC040C500,
0xC001A0A0,
0x8300C040,
0xC000B8AE,
0xC040C000,
0xB88EC040,
0xC000A300,
0xC002C0F1,
0x0E52FF4F,
0xC0D1C040,
0xC000B8AE,
0xC040C000,
0xA3008400,
0x20040F80,
0xF87FFFDF,
0x5033A400,
0x8402C040,
0xC000B8B5,
0xC040C000,
0xA402C004,
0x8001C040,
0xC000B8BD,
0xC040C100,
0xC004A021,
0x40E7C040,
0xC000B8A6,
0xC040C000,
0x1F003000,
0x40EF2046,
0x0C005033,
0x1F043000,
0xC005080E,
0xFF8FC0A6,
0x1404341B,
0xC6C678E0,
0xC3E2C1A1,
0x43082055,
0x0F807D0F,
0x40A1D914,
0x0EBE02A0,
0xDA1426F0,
0x73400008,
0x2FB47543,
0x20000F81,
0x000F0158,
0x8100C040,
0xC0002084,
0x0020C040,
0x15381080,
0x0AFAFF8F,
0xC000BA35,
0x7845C040,
0xC000A100,
0x23001F80,
0x00085CD0,
0x18000083,
0xC7C278E0,
0xC1E2C1A1,
0x20550F8D,
0x708D7BAF,
0x26F070C1,
0x00082FB4,
0x71852100,
0x0F82000F,
0x03B88220,
0x21040F8B,
0x00001000,
0x26F070C1,
0x00082F94,
0x7B8F2130,
0x0F81000F,
0x01880B11,
0x02F52144,
0x00812105,
0x82FEF3E3,
0x43C30008,
0x5CC4E987,
0x0B271031,
0x6078D947,
0xF0108220,
0x631BD848,
0xC140C100,
0xB9ABC140,
0xC100B98B,
0xC140C100,
0xA220AB00,
0xC5C2D949,
0xA820C5C2,
0xC2E41CFC,
0xB6C8C1A1,
0x0B8AFF8F,
0x20000F81,
0x000F016C,
0x8100C040,
0xC000B8AD,
0xC040C000,
0xC040C000,
0xA1001157,
0x060E1A0B,
0x33981158,
0x061E8100,
0x26AD1B82,
0x20048F8B,
0x00004000,
0xF2148100,
0xC040C000,
0xB8AFC040,
0xC000B88F,
0xC040C000,
0xA1008100,
0xC040C000,
0xB8AFC040,
0xC000C040,
0xC000A100,
0x0E371094,
0x0E3334DF,
0x0B8F1011,
0x255F1180,
0x60D82032,
0x0F800008,
0x5CFC087F,
0x007141C1,
0x40C30008,
0x00188000,
0x20440840,
0x71140EB4,
0x022240A1,
0xF00940A1,
0x0E3E02A0,
0x41C140A1,
0x0B8A04E0,
0xD90F40C3,
0x00080030,
0x80402A41,
0x014341A1,
0x219F080D,
0x40C30008,
0x831B610C,
0x0C19107F,
0xE0092253,
0x01012353,
0x01020D26,
0x02A040A1,
0xD847F008,
0x60388020,
0x218407F8,
0xA020D84D,
0x23003F81,
0x00085CC4,
0xA9007487,
0x1404341B,
0xC6C440A1,
0x0DDE02A0,
0x41C16D16,
0x20300F80,
0x00080168,
0x712CB828,
0x7906215A,
0x03C10B1A,
0x04E040A1,
0x0E3B1134,
0x40A1209F,
0x080D2000,
0x0F810008,
0x83188100,
0xB881A100,
0x26F07340,
0x00082FB4,
0x20000F81,
0x000F025C,
0x8100C040,
0xC000B8BC,
0xC040C000,
0xC040C000,
0xA10040C3,
0x00080030,
0x80402A41,
0x03C3BA2A,
0xF1A978E0,
0xC2E20D42,
0x01A04508,
0x25551F80,
0x780F209F,
0x080D2032,
0x0F800008,
0x831B0813,
0x007FD849,
0x25001F81,
0x00085CC4,
0xA900C6C2,
0xC2E61CFC,
0xB6C8C1A1,
0x09F2FF8F,
0xDA842000,
0x0F8F000F,
0x02C887C0,
0x17A99600,
0xC040C000,
0xB8ADC040,
0xC000B88D,
0xC040C000,
0x1FA99018,
0x40A1209F,
0x080D2030,
0x0F810008,
0x846440A1,
0x0EC6FFAF,
0x21AD0BC2,
0x17B09600,
0x26AD1B82,
0xC040C000,
0xB8A5C040,
0xC000B885,
0xC040C000,
0x1FB09018,
0x255F1180,
0x60D870C3,
0x00085CFC,
0x18000043,
0x26F07340,
0x00082FB4,
0x75430D22,
0xFF4FC040,
0xC000B8A0,
0xC040C000,
0xC040C000,
0xA10011FC,
0x8000B8BC,
0xB8BDB8BE,
0x503319FC,
0x8000116E,
0x8600C040,
0xC0002084,
0x0020C040,
0x15381080,
0x0812FF8F,
0xC000BA35,
0x7845C040,
0xC000196E,
0x80180BC2,
0xFF4F7487,
0x1404341B,
0xC6C678E0,
0xC1A1C0F1,
0x095EFF8F,
0xC0D1C140,
0xC100B9B8,
0xC140C100,
0xB998C140,
0xC100A220,
0x12F88001,
0xB9811A0B,
0x30581AF8,
0x80402330,
0x0F81000F,
0x0138B981,
0x1A0B3058,
0xA22A1800,
0x00837FE0,
0x748778E0,
0xC1A3C0F1,
0x091AFF8F,
0xC0D1C142,
0xC102B9B6,
0xC142C102,
0xC142C102,
0xA22012F4,
0x8001C141,
0xC1012104,
0x0F81FC00,
0x3FFFC141,
0xC101B995,
0xC141C101,
0x1AF48040,
0x23300F81,
0x000F0134,
0xC140C100,
0x21040F81,
0xFF8007FF,
0xC140C100,
0xC140C100,
0xA2291800,
0x00837FE0,
0xC0A378E0,
0xC1A12055,
0x0FC1792F,
0x26F07043,
0x00082FC4,
0x70C30008,
0x5CD02300,
0x0F82000F,
0x00F88220,
0xC140C100,
0xB9B8C140,
0xC100B998,
0xC140C100,
0xA2208226,
0xC140C100,
0xB9B6C140,
0xC100B996,
0xC140C100,
0xA2268220,
0xC140C100,
0xB9B6C140,
0xC100B996,
0xC140C100,
0xA2208226,
0xC140C100,
0xB9B8C140,
0xC100C140,
0xC100A226,
0x8223C140,
0xC1002104,
0x0F81FC00,
0x3FFFC140,
0xC100B995,
0xC140C100,
0xA2232330,
0x0F81000F,
0x0134C140,
0xC1002104,
0x0F81FF80,
0x07FFC140,
0xC100B992,
0xC140C100,
0xA22F1800,
0x00837FE0,
0x748778E0,
0x20550FC1,
0x792F26F0,
0x70420008,
0x2FC470C3,
0x00085CD0,
0x22000F83,
0x000F0108,
0x8320B9A1,
0x1A0B3058,
0xA3202230,
0x0F81000F,
0x0138B9A1,
0x1A0B3058,
0xA32C7FE0,
0x18000083,
0xC1A12032,
0x0F820008,
0x5CB82055,
0x0FC10A27,
0x00B47B2F,
0x6B342130,
0x0F810008,
0x5E60793D,
0xB9C5219F,
0x02022130,
0x0F820008,
0x032022AD,
0x00C126F0,
0x70C10008,
0x2FC470C3,
0x00085CD0,
0x21000F83,
0x000F0000,
0x8320C140,
0xC1002184,
0x03FEC140,
0x6A34C200,
0x21840C01,
0x7945C140,
0xC100A320,
0x18000083,
0x7FE07487,
0xC2E24508,
0x0E76FF4F,
0x08130070,
0x25551FC0,
0x088AFF4F,
0x0B2A05A0,
0xB9C509FA,
0xFF4FC6C2,
0xC0E441C3,
0x00080018,
0x81202144,
0x08417134,
0xF2812055,
0x0FC17A2F,
0x6A342130,
0x0F810008,
0x5E604340,
0x239F0D02,
0x21840F01,
0x2179000C,
0x245F1781,
0x617943C3,
0x000865A0,
0x633B26F0,
0x70810008,
0x2FC42100,
0x0F8D000F,
0x01288520,
0x1A0B3058,
0x21AD0543,
0xAB2C8521,
0x4628BEC6,
0xABCD4628,
0x1A0B3058,
0x26AD1383,
0x21AD01C3,
0xABCFAB2E,
0x852B4628,
0xBEC9B3C9,
0x46281A0B,
0x305826AD,
0x1D0421AD,
0x0A84B3CB,
0xB32A852C,
0x46281A0B,
0x3058BEC9,
0x21AD0A84,
0xB3CEB328,
0x852D4628,
0xBEC6ABC8,
0x462826AD,
0x1543ABCB,
0x46281A0B,
0x305826AD,
0x138321AD,
0x01C3ABCA,
0xAB29852F,
0x4628BEC9,
0xB3CD4628,
0x1A0B3058,
0x26AD1443,
0x21AD0283,
0xABD9AB38,
0x85301A0B,
0x30582153,
0x010E21AD,
0x0944B322,
0x225F0181,
0xABC285B1,
0x619971C3,
0x00085D14,
0x19000043,
0x41A11A0B,
0x335821AD,
0x014325AD,
0x1341AB26,
0xB3A070C3,
0x00085CD0,
0x18000083,
0xC4C478E0,
0x40C3000F,
0xC0248020,
0xB9811A0B,
0x3058A020,
0xF00078E0,
0x7EE078E0,
0xC0E61CFC,
0xB6C8C1A1,
0x20550FC1,
0x7A2F26F0,
0x70810008,
0x2FA445CB,
0x000F00D0,
0x43DB0008,
0x5CD061BB,
0x83202104,
0x0F8C0400,
0x00008321,
0x21440081,
0x2105833E,
0xF2087063,
0x18000083,
0x74871404,
0x341BC4C6,
0x6A342100,
0x0F830008,
0x5E648B80,
0x46CB0008,
0x2FC42C41,
0x11417234,
0xF2E07134,
0xF2A5E9EE,
0x4E442400,
0x1F8F000F,
0x01248720,
0xC140C100,
0x2184003E,
0xC140C100,
0xB986C140,
0xC100A720,
0x17DC9001,
0xC140C100,
0xB9BEC140,
0xC100B99E,
0xC140C100,
0x1FDC9040,
0x17D49001,
0xC140C100,
0xB9A4C140,
0xC100B984,
0xC140C100,
0x1FD49040,
0x17EC9001,
0xB9A41A0B,
0x30581FEC,
0x90405023,
0xB9841A0B,
0x30581FEC,
0x90405023,
0xB9841A0B,
0x30581FEC,
0x90405023,
0xB9841A0B,
0x30581FEC,
0x90405023,
0xB9A41A0B,
0x30581FEC,
0x904017D4,
0x9001C140,
0xC100B9A4,
0xC140C100,
0xC140C100,
0x1FD49040,
0x17DC9001,
0xC140C100,
0xB9BEC140,
0xC100C140,
0xC1001FDC,
0x904017A4,
0x9001793D,
0x21448041,
0x1A0B3058,
0xF43B74C3,
0x000F0250,
0x842047CB,
0x0000FFFD,
0xC140C100,
0xB9A1C140,
0xC100B981,
0xC140C100,
0xA420149E,
0x960B2304,
0x13CB234F,
0x104B1A0B,
0x32D8149E,
0x9601C140,
0xC100216C,
0x03C1C140,
0xC1002105,
0x02C1C140,
0xC1001C9E,
0x90581444,
0x900179E4,
0x214F004F,
0x1A0B33D8,
0x14449001,
0xC140C100,
0x216C03C1,
0xC140C100,
0x79E5C140,
0xC1001C44,
0x90408B20,
0xB9C4B985,
0xAB204E44,
0x64A12144,
0x80411A0B,
0x3058F344,
0x24001F8F,
0x000F00C8,
0x8720260A,
0x3F800000,
0xFFFD2104,
0x078B1A0B,
0x32D88720,
0xC140C100,
0x216C03C1,
0xC140C100,
0x210502C1,
0xC140C100,
0xA7202400,
0x1F81000F,
0x01948180,
0x2404178C,
0x1A0B3318,
0x8120C140,
0xC100216C,
0x03C1C140,
0xC1007985,
0xC140C100,
0x1FCC1040,
0x8B80BCC4,
0xBC86AB80,
0x4E4161A1,
0x21448041,
0x1A0B3058,
0xF50A7063,
0xBCC41800,
0x0083AB80,
0xF10478E0,
0xC0F14308,
0x20320F80,
0x00085CB8,
0x20790001,
0x23551FC0,
0x0F6A05E0,
0x780F2300,
0x1F800008,
0x5CD0C0D1,
0x7FE01800,
0x008378E0,
0xC2E61CFC,
0xB6C8C1A2,
0xC0412055,
0x0FC07E0F,
0x6E562232,
0x0F800008,
0x015B47DB,
0x00080018,
0x44CB0008,
0x5E5808B7,
0x005F1703,
0x308008AF,
0x00FF6E14,
0x60812104,
0x0F810001,
0xE000099F,
0x0F810000,
0x20006098,
0x882CB984,
0xA82C40C3,
0x00082F8C,
0x80002000,
0x0F81000F,
0x00448100,
0xC040C000,
0xB8A7C040,
0xC000B887,
0xC040C000,
0xA10011F8,
0x8000C040,
0xC000B8A0,
0xC040C000,
0xB880C040,
0xC00019F8,
0x800011F0,
0x8000C040,
0xC000B8A1,
0xC040C000,
0xB881C040,
0xC00019F0,
0x800011F4,
0x8000C040,
0xC000B8A2,
0xC040C000,
0xB882C040,
0xC00019F4,
0x800040C3,
0x00082F84,
0x800070C3,
0x000F00D4,
0x80201043,
0x0600B92F,
0xB8247824,
0xB8E00300,
0x000126F0,
0x738F0008,
0x2FA46E14,
0x641C2730,
0x1F83000F,
0x00E01408,
0x101B2B41,
0x039E2684,
0x3F812384,
0x307E2305,
0x3780A402,
0x17033080,
0x236D0601,
0x089B00FF,
0x1A0B30D8,
0x22320F80,
0x0008005B,
0x088B005F,
0x84402204,
0x0F800001,
0xE000087F,
0x0F810000,
0x20002700,
0x1F8D000F,
0x00DC2345,
0x3280BB0E,
0x1500100B,
0xA4022304,
0x0F8303C0,
0x00002E40,
0x36407865,
0xB914BAD0,
0x7825706C,
0x78452B40,
0x12C2BB92,
0x7A647A05,
0x2B401281,
0x787B7824,
0x7A052B41,
0x1080797D,
0x78247A05,
0xA4401A0B,
0x32D88501,
0x702C2004,
0x0F80FEE0,
0x70FF2005,
0x0F800002,
0x86005033,
0xA5018500,
0xB887B889,
0xB8935033,
0xA5008401,
0x43DB000F,
0x0000DBFF,
0xB89FA401,
0x40C30008,
0x2F8C80A0,
0xBB0C7563,
0x850020AD,
0x0B03200F,
0x03821A0B,
0x30988500,
0xBA0C7A64,
0xC040C000,
0x20040F80,
0xFFF00FFF,
0xC040C000,
0x7845C040,
0xC000A500,
0x8506C040,
0xC0002004,
0x0F80FF00,
0xFFFFC040,
0xC80B2840,
0x04026B14,
0x7A04C000,
0x7845C040,
0xC000A506,
0x17033080,
0x0817001F,
0x27001F82,
0x000F00F8,
0x82002085,
0x0F9F5033,
0xA2008462,
0x40602084,
0x0F010817,
0x031526F0,
0x73800008,
0x2F942030,
0x0F80000F,
0x02CC2300,
0x33C28200,
0x47CB0008,
0x032026F0,
0x738D0008,
0x2FC4C040,
0xC000260A,
0x3F80000F,
0x00942500,
0x178EB8A0,
0xC040787D,
0xB8C5209F,
0x0202B915,
0x26403D1E,
0x60E0206D,
0x0183C000,
0x7865C040,
0xC000A200,
0x84028640,
0x7B1DBBC5,
0x239F0202,
0x22040F82,
0xF81F0000,
0x794563E4,
0x63FB2C41,
0x11CB2353,
0x10C04261,
0x78252284,
0x0C037A05,
0xD80FB808,
0x200402C1,
0xB8047945,
0x200402C0,
0x78255033,
0xA600166C,
0x90002304,
0x32DBC040,
0xC0002084,
0x03FEC040,
0xC100789B,
0x20840C01,
0x7825C040,
0xC0008321,
0xBC361E6C,
0x90008603,
0x246C1102,
0x2940028C,
0xC040C000,
0xB8B2C040,
0xC000B892,
0xC040C000,
0xA6032530,
0x1780C040,
0xC0002004,
0x0F80FFF0,
0xFFFFC040,
0xC0002005,
0x06C0C040,
0xC000A60D,
0x26563B40,
0x2600335E,
0x651D165A,
0x36004020,
0x20AD0142,
0x20050083,
0xD81FB80A,
0x20040302,
0xB8057A65,
0x7884DB07,
0x7A056914,
0xBB147864,
0x2005008C,
0x29400342,
0x6B132004,
0x00836833,
0x7B857944,
0x7965226C,
0x07007825,
0x50331E67,
0x10188505,
0xC040C000,
0xB8AFC040,
0xC000C040,
0xC0001E6C,
0x10188502,
0xC040C000,
0x20040F80,
0xF003FFFF,
0xC040C000,
0xB89BC040,
0xC0001E69,
0x10188505,
0xC040C000,
0xB8AFC040,
0xC000B88F,
0xC040C000,
0x1E6C1018,
0xC00170C3,
0x00085CD0,
0x18000083,
0xC0A21404,
0x341BC6C6,
0xC1E6C1A2,
0x41C30008,
0x00188180,
0xBCE3F494,
0x20550FC1,
0x7E2F6E54,
0x43C30008,
0x5E58627A,
0x82A02504,
0x1F810001,
0xE00071D3,
0x00002000,
0xF4822D41,
0x12C12104,
0x0F8F001F,
0x80002D41,
0x13812104,
0x0F810000,
0x0F007F25,
0x6D3426F0,
0x738D0008,
0x2FA42104,
0x0F810100,
0x00007F25,
0x25001F8E,
0x000F00E0,
0x86202104,
0x0F81FEE0,
0x70FF79E5,
0x1A0B3058,
0x0CB1107F,
0xA6202500,
0x1F8C000F,
0x00DC8420,
0x82C02104,
0x0F8DFFF7,
0xFD7F2E41,
0x12812184,
0x00087D25,
0x2E4112C1,
0x21840002,
0x7D256E32,
0x21040F81,
0x00080000,
0x79A51A0B,
0x3058A420,
0x8A2C708D,
0x70ADB9A4,
0x70CDAA2C,
0x0C2B1135,
0x4181219A,
0x080D2132,
0x0F810008,
0x866C79A5,
0x2179000D,
0x6C346179,
0x892C7185,
0xB92479C5,
0x2144004E,
0xF1EC2505,
0x93BEF41C,
0x41C30008,
0x2F8C8120,
0x21000F83,
0x000F0034,
0x8320C141,
0xC101B9A1,
0xC141C101,
0xC141C101,
0xA3208321,
0xC140C100,
0xB9A2C140,
0xC100C140,
0xC100A321,
0x82202104,
0x0F81FFFE,
0x1FFFA220,
0x70C30008,
0x5CD01800,
0x0083C5C6,
0xC5E1702C,
0x704CE28C,
0x01600006,
0x22000F80,
0x00085CD0,
0xA8207144,
0xF1F7CA03,
0x09330025,
0x695640C3,
0x00085F60,
0x621A820A,
0x43C307E3,
0xFFFF2004,
0x0F8087FF,
0xFFFFA20A,
0x820CB8BF,
0xA20C8200,
0x7864A200,
0x82057864,
0xA2054320,
0x239A080D,
0x22003040,
0x704C183C,
0x00821840,
0x00822300,
0x0F800008,
0x866CA840,
0x40C30008,
0x8318607C,
0x840273C3,
0x00088464,
0x706D2004,
0x0F80FFF9,
0xFFCFA402,
0x84002004,
0x0F80FFFF,
0xE003A400,
0x84032084,
0x07F8A403,
0x14521600,
0xB8DB1C52,
0x10188300,
0xB8BFA300,
0x697440C3,
0x00085E5C,
0x631B8300,
0x20040F80,
0x87FFFFFF,
0xA3008B08,
0xB8C3AB08,
0x0B2D10B5,
0x708D0C25,
0x12354361,
0x4020239A,
0x0385209A,
0x051F631B,
0x7B9473C3,
0x000891A6,
0xD880B300,
0x7185F1F1,
0x7165F1EC,
0x706C0B6F,
0x01B52105,
0x00C0200B,
0x8F807FFF,
0xFFFEF408,
0x787B7835,
0x70C30008,
0x28F0B040,
0x215A0180,
0x60782000,
0x0F8C0008,
0x5CFC70C3,
0x00085D14,
0xAC40A840,
0x7164F1E5,
0x708D0C31,
0x10D570AD,
0x0D2510F5,
0x43404020,
0x239A0A81,
0x209A0F09,
0x631B7B95,
0x63B870C3,
0x0008795C,
0x180003C3,
0x71A5F1F0,
0x7185F1EB,
0x71440AD1,
0x81947124,
0x733406B2,
0xFFCEC4C2,
0xC2E245CB,
0x000FC008,
0x8500780F,
0x50330A7A,
0xFF6F205F,
0x02802555,
0x1B018100,
0x43C30008,
0x00180843,
0x005F8542,
0x85085033,
0x2053004D,
0x8300206C,
0x004C8301,
0x7CA5226D,
0x064DB8A0,
0x78A52052,
0x0000A301,
0x2A410600,
0xBA352044,
0x020D2244,
0x08027AA5,
0x24461A00,
0x7A05A380,
0xF0038340,
0xBA83A340,
0x81055033,
0x205300C1,
0x20AD0901,
0x1A033002,
0x22440840,
0x080D0071,
0x1A043042,
0xBA83A340,
0xC6C278E0,
0xC3E6C1A2,
0x70AD70ED,
0xCA047EEF,
0x0E591005,
0xCA037610,
0x0AB804E5,
0x40C10C92,
0x052040C1,
0x0CEE04E0,
0x40C171E5,
0xF1F0251A,
0x1F800000,
0x00602032,
0x0F800008,
0x025B082B,
0x009F26F0,
0x73400008,
0x2F8C2000,
0x0F81000F,
0x00248100,
0xC041C001,
0xB8A0C041,
0xC001B880,
0xC041C001,
0xA10071A5,
0xCA030DC7,
0x900440C3,
0x000FC028,
0x8020C140,
0xC100B9A3,
0xC140C100,
0xB983C140,
0xC100A020,
0xC7C678E0,
0xC2E61CFC,
0xB6C84318,
0xE0087D0F,
0x25001F8E,
0x00085CD0,
0x8E0047CB,
0x00082F94,
0x088F00B0,
0xC1A243C3,
0x00085CC4,
0x086F0070,
0x7014F480,
0x27F016CC,
0x24301F80,
0x000F0188,
0x08F1003E,
0x5033B819,
0x20048F81,
0x38000000,
0x4063209F,
0x080D2000,
0x0F820008,
0x83248200,
0xB8BBB8BC,
0xB8BD7825,
0xA200F206,
0x294106C0,
0xE03FF011,
0x24301F80,
0x000F016C,
0x25001F81,
0x00085CB8,
0x420022AD,
0x02015033,
0x20AD0882,
0xA9406579,
0x1E001043,
0xA9006568,
0x26F07001,
0x00082760,
0x796040A1,
0x8E000889,
0x009127F0,
0x16CF2700,
0x1F81000F,
0x01888100,
0xC041C001,
0xB8A5C041,
0xC001B885,
0xC041C001,
0xA1008100,
0x20448040,
0x5033F5FD,
0x8100C040,
0xC000B8A5,
0xC040C000,
0xC040C000,
0xA1002532,
0x1F800008,
0x5CC426F0,
0x70010008,
0x276040C3,
0x00006840,
0x092D0001,
0xCA01E814,
0x0FA205A0,
0xD8962700,
0x1F82000F,
0x03388200,
0x206C0043,
0xCA02781B,
0x790FCA01,
0x79657825,
0x5033A200,
0x1E001003,
0xC0A21404,
0x341BC6C6,
0xC3E64608,
0x7404780F,
0x20000F8D,
0x00085CD0,
0x8D2047CB,
0x00082FA4,
0x096B00B0,
0xC1A242C3,
0x00085CC4,
0x094D0050,
0x09990011,
0x4FC32300,
0x0F81000F,
0x00EC8180,
0x0C8914DE,
0x812021AD,
0x0541E904,
0xE13FF012,
0x23300F81,
0x000F00E8,
0x20000F8C,
0x00085CB8,
0x432023AD,
0x02011A0B,
0x305821AD,
0x0882AC60,
0x605B1D00,
0x1043AB20,
0x604926F0,
0x70410008,
0x26587940,
0x8D000845,
0x00914FC0,
0x20000F81,
0x000F00EC,
0x8100C041,
0xC001B8B8,
0xC041C001,
0xB898C041,
0xC001A100,
0x8100206D,
0x04C05033,
0xE8FC8100,
0xC040C000,
0xB8B8C040,
0xC000C040,
0xC000A100,
0x1D001003,
0xC7C678E0,
0xC2E61CFC,
0xB6C8C1A8,
0x26F0700E,
0x00082FB4,
0xC04742C3,
0x000F02B0,
0x26001F81,
0x000F0034,
0x8100706F,
0xC041C001,
0x20040F80,
0xFFC0003F,
0xC041C001,
0x20050F80,
0x003FFFC0,
0xC041C001,
0xA1002600,
0x1F80000F,
0x0040C043,
0x81032045,
0x00C05033,
0xA1036658,
0xC0428000,
0x22570B02,
0xB88BB88C,
0xB8995033,
0x199F0018,
0xC00210A8,
0x8000B88A,
0xB88B5033,
0x19890018,
0xC00210B0,
0x8000B88A,
0x5033198B,
0x00182600,
0x1F80000F,
0x0010C045,
0x62D8C046,
0x11DC8000,
0x20450E00,
0x503319DC,
0x8000234C,
0xB8000130,
0x00262B40,
0x30C1C003,
0x80002084,
0x01F87825,
0xC1035033,
0xA100C80B,
0xB8825033,
0xA1000BA6,
0xFECF2600,
0x1F8D000F,
0x07A047A9,
0x20500081,
0xC0032780,
0x1425A020,
0x235A3501,
0xC007209F,
0x000A6119,
0x40C30008,
0x5094603A,
0x61119261,
0xB90DBBCC,
0x21040F80,
0x01FFE000,
0x7865A500,
0x92029263,
0x41C30FFF,
0xC000B80E,
0xBBCD7824,
0x7865A501,
0x9204B98D,
0xB8102004,
0x0F837FFF,
0x00009205,
0x7865A502,
0x92069267,
0xB80DBBCC,
0x78247865,
0x5033A503,
0x92288504,
0xB9CE206C,
0x03807825,
0x5033A504,
0xC80BB88F,
0x5033A504,
0x0B12FECF,
0x27001F81,
0x000006AC,
0xB8AF5033,
0xA504D8FF,
0xA1000D3E,
0x05A0D80A,
0x1DFC9001,
0x87002600,
0x1F8D000F,
0x00F0C040,
0xC000B8AC,
0xC040C000,
0xB88CC040,
0xC000A500,
0x0D1605A0,
0xD80A8700,
0xC044C004,
0xB8ACC044,
0xC004A500,
0x0D0205A0,
0xD8648700,
0xB8AE5033,
0xA5000AB6,
0xFECFB88E,
0x5033A500,
0x0AAAFECF,
0xB8AE5033,
0xA5000CE2,
0x05A0D80A,
0x7167F169,
0xC0058000,
0x20460E01,
0xC0051A0B,
0x3058A020,
0x0CC605A0,
0xD80CC002,
0x10A88000,
0x20040F81,
0xFFFFF3FF,
0xC0021A0B,
0x305818A8,
0x8040C006,
0x8022B9AA,
0x1A0B3058,
0xA022C0A8,
0x1404341B,
0xC6C678E0,
0xC5E126F0,
0x700C0008,
0x2FB4118E,
0x07022400,
0x1F83000F,
0x00C88300,
0xBACA74C3,
0x000F00CC,
0x206C0540,
0x2005008D,
0x118D0700,
0x42C3003F,
0xF800B80B,
0x784478A5,
0x5033A300,
0x118B0700,
0x83A1B8CA,
0x256C154D,
0x7D05118A,
0x0700B80B,
0x784478A5,
0x5033A301,
0x11880700,
0x83A2B8CA,
0x256C154D,
0x7D051187,
0x0700B80B,
0x784478A5,
0x5033A302,
0x118C0700,
0x7A5DB80A,
0x7A048407,
0xB8C97A05,
0x11890700,
0xB8157845,
0x5033A308,
0xC4C278E0,
0xC2E61CFC,
0xB6C8C1A2,
0x70AD700C,
0x08170135,
0x6821209A,
0x080D70C3,
0x00088670,
0xB0A04020,
0xF1F643DB,
0x00082F94,
0x46CB0008,
0x2FD40D37,
0x113547A9,
0x279A180D,
0x77C30008,
0x86700CA6,
0xFF0F9740,
0x2D4012C0,
0x7856661E,
0x6A01B700,
0xD881AE05,
0x23F03340,
0xA6200F7E,
0xFE8FAE04,
0xF1E441C3,
0x00080014,
0x8100B880,
0xA10041C3,
0x0000FFE8,
0x8100B884,
0x09CEFFEF,
0xA1000A56,
0xFFCF70AD,
0xCA040D37,
0x102547A9,
0x279A180D,
0x77C30008,
0x86700C4E,
0xFF0F9700,
0x2D4012C2,
0x7A167104,
0x62DAB700,
0xD882AA05,
0x23F03340,
0xA2200F26,
0xFE8FAA04,
0xF1E6081E,
0xFFCF70AD,
0x47CB0008,
0x2F8CCA03,
0x751000F4,
0x0026706F,
0x406378B4,
0x71770102,
0x002DC041,
0xC001780F,
0x20000F8E,
0x00085CD0,
0x8E200955,
0x009042C3,
0x00085CC4,
0x09370050,
0x09BD0011,
0x4FA12130,
0x0F81000F,
0x00300B17,
0x30301A0B,
0x305809A9,
0x047E605B,
0x21AD0501,
0xF006099D,
0x007E605B,
0x21AD0101,
0xAB201E00,
0x10436049,
0x26F07041,
0x000828A8,
0x79408E00,
0x087D0091,
0x4FA12100,
0x0F82000F,
0x00240B17,
0x30108200,
0xC040C000,
0xB8B1C040,
0xC000B891,
0xF0088200,
0xC040C000,
0xB8A5C040,
0xC000B885,
0xC040C000,
0xA2002130,
0x0F80000F,
0x00300B0D,
0x30305033,
0xB831F003,
0x781D2044,
0x80405033,
0xF5F371C3,
0x000F0024,
0x0B0F3010,
0x8100C040,
0xC000B8B1,
0xF0058100,
0xC040C000,
0xB8A5C040,
0xC000C040,
0xC000A100,
0x1E001003,
0xC0017167,
0x7104F18E,
0x70ADCA04,
0x7EAF0E1B,
0x102540C1,
0x0AC6FFCF,
0x098EFFEF,
0x40C171A5,
0xF1F571A5,
0xF17770AD,
0xF17578E0,
0xC2E61CFC,
0xB6C8C1A4,
0xC1402209,
0x00C17D3D,
0xC04340A1,
0x20870FC3,
0x6038C042,
0xC0094358,
0x70CD70ED,
0xC0410E65,
0x16E57573,
0x23423040,
0x20CA0345,
0x7B0FC002,
0x140C301E,
0x702C780F,
0x4E102048,
0x0002700C,
0x43487C4F,
0x0B150304,
0x26F0330C,
0x71442100,
0x83012041,
0x8000F1F7,
0x222F02C7,
0x4B526A61,
0x0B3EFEAF,
0x2B4207C2,
0xC0007AEF,
0x71A578D5,
0xA020C000,
0x48407030,
0x27CA138D,
0x71C5F1D1,
0xC001A8E0,
0x700CC0A4,
0x1404341B,
0xC6C678E0,
0xC2E61CFC,
0xB6C8C1A3,
0xC042781D,
0x20440042,
0x26F0708B,
0x00082F8C,
0x23301F81,
0x000F0030,
0xC0022044,
0x805EF405,
0x2941020E,
0xF0032941,
0x060E702C,
0xCA04090D,
0x00050A16,
0xFECFF1FC,
0xC80B0821,
0x0071BEC5,
0x23001F81,
0x000F0010,
0x81000811,
0x011E8100,
0x20450140,
0x5033A100,
0x26F0708F,
0x00082F84,
0x43D9239F,
0x39012700,
0x1F82000F,
0x00E88200,
0x264CB000,
0x23003F81,
0x0008164C,
0xC040C000,
0x1C003001,
0x8162C000,
0x7865C040,
0xC000A200,
0x12408000,
0xC040C000,
0x20040F80,
0xFE0FFFFF,
0xC0408104,
0xC041B826,
0x20040F83,
0x01F00000,
0xC0007865,
0xC040C000,
0x01A20022,
0x1A408000,
0x0A66FECF,
0xE80F2700,
0x1F82000F,
0x001C8200,
0xC040C000,
0xB8A8C040,
0xC000B888,
0xC040C000,
0xA200269F,
0x1901C001,
0x47DB7800,
0x0000260A,
0x3F800001,
0x0000206C,
0x07828100,
0x76C30008,
0x164C8665,
0xB8DA7845,
0x2B400682,
0x220407C2,
0x784542C3,
0x000F002C,
0x5033A100,
0x675C8400,
0x161C100B,
0x2455188D,
0xC040C000,
0x2B411201,
0x21040781,
0xB8B0C040,
0xC0002B41,
0x108B7825,
0xC040C000,
0x416021AD,
0x0143A400,
0x22560900,
0x671F8700,
0x2F413082,
0x2084003E,
0x78255033,
0x1D981000,
0x8719C040,
0xC000B8D9,
0xC0402B40,
0x0340206C,
0x0641C000,
0x7825C040,
0xC0002B41,
0x024123AD,
0x0CC51DFC,
0x10002E40,
0x31800CBA,
0xFE8FC040,
0xC000B8A7,
0xC040C000,
0xB887C040,
0xC0000A72,
0xFECFC040,
0xC000B8B8,
0xC040C000,
0xB898C040,
0xC000A419,
0x17689000,
0xC040C000,
0x20040F80,
0xFFFE0001,
0xC04040C3,
0x0008164C,
0x23303003,
0x2B410140,
0x20040F81,
0x0001FFFE,
0xC0007825,
0xC040C000,
0x0C16FECF,
0xC040C000,
0x20040F80,
0xE1FFFFFF,
0xC040C000,
0x7825C040,
0xC0000EE2,
0xFE8F2E40,
0x31000C46,
0xFECFC040,
0xC000B8A9,
0xC040C000,
0x7B05C340,
0xC000A50B,
0x17349000,
0xC040C000,
0x208403FC,
0xC040C001,
0xC100B832,
0x20840C03,
0x7825C040,
0xC000A415,
0x17189000,
0xC040C000,
0xB8B7C040,
0xC000B897,
0xC040C000,
0x02730020,
0xA40E2700,
0x1F82000F,
0x01508200,
0x8181D97F,
0x20050F80,
0x00000D08,
0x5033A200,
0x12588000,
0xB90D2700,
0x1F8D000F,
0x0084B897,
0xB8985033,
0x1A588000,
0x12488000,
0xC040C000,
0xB8AEC040,
0xC000B88E,
0xC040C000,
0x1A488000,
0x12788000,
0xC040C000,
0x20040F80,
0x807FFFFF,
0xC040C001,
0xB8152004,
0x0F837F80,
0x0000C000,
0x7865C040,
0xC0002104,
0x0303B907,
0x1A788000,
0x27301F80,
0x000F0184,
0x79842004,
0x0F80F800,
0x1FFF7865,
0x78255033,
0xA20D0E5D,
0x15B11234,
0x80000855,
0x031F42C3,
0x000F0188,
0x67598100,
0xE20862FA,
0xC040C000,
0xB8D7C040,
0xC0002005,
0x0F80E400,
0x0000C040,
0xC000A100,
0x8102C040,
0xC0002084,
0x0FE7C040,
0xC0002085,
0x0018C040,
0xC000A102,
0x8212C040,
0xC000B8B1,
0xC040C000,
0xA114F03F,
0x42C3000F,
0x0188675B,
0x8300E208,
0x62FAC040,
0xC000B8D7,
0xC040C001,
0xB80E206C,
0x05C1C000,
0x7825C040,
0xC000A300,
0x8302C040,
0xC0002084,
0x0FE7C040,
0x40C30008,
0x164C2330,
0x3000C100,
0xB82D2084,
0x00187825,
0xC040C000,
0xA3028212,
0xC040C000,
0xB8B1C040,
0x40C1209F,
0x090170C3,
0x0008164C,
0x8007B829,
0x20040F81,
0x00020000,
0xC0007825,
0xC040C000,
0xA314730C,
0x2C411441,
0xB80C7904,
0xBC2DB802,
0x78847905,
0x82002004,
0x0F80FFFF,
0x0FFF7825,
0x5033A200,
0x8500C040,
0xC0002084,
0x03FCC040,
0x40C1209F,
0x0901C100,
0x20000F83,
0x0008164C,
0x83482A41,
0x01DE200A,
0x07802084,
0x0C037825,
0xC040C000,
0x27001F81,
0x000F006C,
0x26843004,
0xA5008100,
0xC040C000,
0xB8B4C040,
0xC000B894,
0xC040C000,
0xA1008106,
0xC040C000,
0xB8A8C040,
0xC0002605,
0x301E1C00,
0x3780C000,
0xA1068100,
0xC040C000,
0xB8B5C040,
0xC000B895,
0xC040C000,
0xA100785B,
0x20040F8C,
0x00000FE0,
0x27301F80,
0x000F01A0,
0x8347206C,
0x02C07C05,
0x2A410703,
0x2A4105C0,
0x7B852044,
0x04007865,
0x5033194D,
0x00182330,
0x1F80000F,
0x00440E0D,
0x15B1702C,
0x0809019E,
0x226D0681,
0x23001F82,
0x000F0014,
0x8200B918,
0xC040C000,
0xB8B8C040,
0xC0007825,
0xC040C000,
0xA200C002,
0x70C30008,
0x5CD01800,
0x0083C0A3,
0x1404341B,
0xC6C678E0,
0xC2E61CFC,
0xB6C8C1A3,
0x702CC042,
0xCA04090D,
0x00050D5A,
0xFE8FF1FC,
0xC00241C3,
0x00082F8C,
0x781D2044,
0x005FC80B,
0x08210051,
0x21F007C0,
0x20000F82,
0x000F0010,
0x82000811,
0x011E8200,
0x20450140,
0x5033A200,
0x40C30008,
0x00188000,
0x20440840,
0x71140392,
0x000121F0,
0x07C3C002,
0x23000F8D,
0x000F0030,
0x2044805E,
0x8500F405,
0x2841020C,
0xF0032841,
0x060C265F,
0x35002F40,
0x318241C3,
0x00085F60,
0x60586038,
0xC0418000,
0x284106CB,
0x7575035E,
0x000D2024,
0x02C0001B,
0x00000025,
0x00000029,
0x00000051,
0x0000006D,
0x00000337,
0x0000B8DA,
0x204F0701,
0xC0010337,
0x0020A020,
0xC601B8DA,
0xB89CA600,
0xB8F40326,
0x00222652,
0x300B235F,
0x15006058,
0x603880C0,
0xBE94A0C0,
0xC0018000,
0xB8DA2005,
0x0F8E1800,
0x0000C001,
0xA0C0F004,
0x2652300B,
0x235F1500,
0x60586038,
0x80C0BEB4,
0xA0C0C001,
0x8000B8DA,
0x204F074E,
0xC001A0C0,
0x264CB000,
0x02B80002,
0x850020AD,
0x0A02087D,
0x061545CB,
0x00C00003,
0x0D71100E,
0x23300F80,
0x000F0004,
0xB8E26158,
0xF20480AB,
0xBDBFA0AB,
0x800B26F0,
0x77CD0008,
0x2F84081B,
0x001275C3,
0x000F004C,
0x8500206C,
0x00C05033,
0xA500DD40,
0xF01375C3,
0x000F0050,
0x850026F0,
0x77C00008,
0x28F85033,
0xA50015FC,
0x90002045,
0x03C05033,
0x1DFC9000,
0xDDC073C3,
0x000F0024,
0x83002084,
0x0FFC78A5,
0x5033A300,
0xBCC56158,
0x800B43DB,
0x0008166C,
0x08BB0032,
0x249F1901,
0x23003302,
0x82042F40,
0x314171C3,
0x00085E18,
0x206C0383,
0x81041208,
0x000B82C8,
0xB8CE7865,
0xA1048205,
0x2E41160F,
0xDDFF206C,
0x03838105,
0xBD08121C,
0x001EB8CE,
0x7865A105,
0x8206206C,
0x03838106,
0xB8CE7865,
0x8263A106,
0x2B401400,
0x7F052B41,
0x040078A4,
0x78E581E7,
0xA1032E40,
0x3200BFCE,
0x206C0380,
0x78E582E1,
0xA10740C1,
0x276C13C2,
0x20AD0C03,
0x78452B41,
0x02027AA4,
0x7845A102,
0x2B411400,
0x78A4BF10,
0x78E526AD,
0x1A0378C5,
0xA1012434,
0x16C02B41,
0x120B2304,
0x134BB810,
0x200502C0,
0x2E41360F,
0x7F05A1E0,
0xF0552300,
0x3303830C,
0x2F40314E,
0x76C30008,
0x5E18206C,
0x03818604,
0x1324000B,
0x83ABB8CE,
0x7825A604,
0x830DDCFF,
0x8350206C,
0x03818605,
0xBC0883EF,
0xB8CE7825,
0xA605830E,
0x206C0381,
0x8606B8CE,
0x7825A606,
0x236C13C0,
0x24041341,
0x79054040,
0x20AD0A03,
0x78258627,
0xA6012F40,
0x1200B9CE,
0x206C0380,
0x78252D41,
0x1401A607,
0x79842A41,
0x06002005,
0x005E832A,
0x22AD0C03,
0x2B40140B,
0x216C03C0,
0x20050780,
0xA6032D41,
0x12007884,
0xBD087A05,
0x78B0B910,
0x200502C0,
0xBF387A25,
0x7F05A642,
0xA6E026F0,
0x77C20008,
0x2F84DCFF,
0x2F401203,
0x22000F81,
0x000F01A4,
0x8100BC10,
0x2F411400,
0xBF187B84,
0x78E57865,
0x5033A100,
0x81022F40,
0x31402000,
0x0F830008,
0x5E180DAA,
0xFE4F7C04,
0x24051340,
0x5033A106,
0x8101C040,
0xC000206C,
0x0400C040,
0x8384C000,
0xBC2F7885,
0xC040C000,
0xA1018103,
0xC040C000,
0x206C0400,
0xC0408385,
0xC000BC2F,
0x7885C040,
0xC000A103,
0x8105C040,
0xC000206C,
0x0400C040,
0x8386C000,
0xBC2F7885,
0xC040C000,
0xA1058107,
0xC040C000,
0x206C0400,
0xC0408367,
0xC000BB2F,
0x7865C040,
0xC0000C7A,
0xFE8FC040,
0xC000206C,
0x03C0C040,
0xC0002045,
0x0C80C040,
0xC000A109,
0xC0018000,
0xB8DA2005,
0x0F812800,
0x0000C001,
0xA020C002,
0x70C30008,
0x5CD01800,
0x0083C0A3,
0x1404341B,
0xC6C678E0,
0x212F8002,
0x003C0025,
0xC5E12144,
0x00426A36,
0x21000F8C,
0x00085F8C,
0x84600B29,
0x0032BB9F,
0x26F07081,
0x00082F84,
0x2615708D,
0x000828F8,
0x21300F82,
0x000F0050,
0xA460A540,
0x1A0B3098,
0x70C30008,
0x5CD01800,
0x0083C4C2,
0x7EE078E0,
0x791B2144,
0x01012130,
0x0F810008,
0x2F8C2100,
0x0F82000F,
0x00108220,
0x0911011F,
0x82202146,
0x01411A0B,
0x3058A220,
0x70C30008,
0x5CD07FE0,
0x18000083,
0x7EE078E0,
0x7EE078E0,
0x7EE078E0,
0xC2E21CFC,
0xB6C84318,
0x20550F80,
0x780F4100,
0x219F080D,
0x42C30008,
0x831C623D,
0x8541226D,
0x0C41093F,
0x0050E9AA,
0x22040F81,
0x07F9FFFF,
0xB991A521,
0x8520704C,
0xBA8F2104,
0x0F83FF80,
0x7FFF6836,
0x21300F81,
0x0008015C,
0xB9282104,
0x8F81007F,
0x800021CA,
0x00817965,
0xA5201552,
0x160109F6,
0x02A021AD,
0x0BC2E808,
0x0D5AFE4F,
0x8501B8B1,
0xB8B2A501,
0x1404341B,
0xC6C278E0,
0xC2E24508,
0x20550F80,
0x780F4100,
0x219F080D,
0xDA832130,
0x0F810008,
0x84640FAE,
0xFEAF21AD,
0x0BC22500,
0x1F810008,
0x5CC4D84C,
0xA900C6C2,
0xC2E24508,
0x40C30008,
0x00188000,
0x20440840,
0x081D0070,
0x25551F80,
0x094AFE8F,
0x21300F81,
0x000F02C8,
0x09E601E0,
0x21AD0B82,
0x0C46FE4F,
0xC6C278E0,
0xC2E24508,
0x20550F80,
0x0A020260,
0x780F0C32,
0xFE4FC6C2,
0xC1A12055,
0x0F81792F,
0x26F07042,
0x00082FB4,
0x20320F8C,
0x00085CB8,
0x22000F83,
0x000F02EC,
0x83200C35,
0x10711A0B,
0x3058214F,
0x020C1A0B,
0x33188320,
0xC140C100,
0x1C003001,
0xC1007985,
0xC140C100,
0xA3202200,
0x0F83000F,
0x03488340,
0xBA88F015,
0xB9A81A0B,
0x30588380,
0xC440C400,
0x1C003001,
0xC4007985,
0xC140C100,
0xA3202200,
0x0F83000F,
0x03488340,
0xBAA81A0B,
0x30988320,
0x70C30008,
0x5CD0C140,
0xC1001C00,
0x3001C100,
0x7945C140,
0xC100A320,
0x18000083,
0x7FE07487,
0xC2E24508,
0x20550F80,
0x0872FE8F,
0x42C30008,
0x00182130,
0x0F81000F,
0x02C88240,
0x22440842,
0x0A0D0070,
0x21AD0B82,
0x0D560240,
0x0B5EFE4F,
0xC6C278E0,
0xC0F1260A,
0x30002055,
0x0F80083E,
0xFE8F71C3,
0x000F02C8,
0x81601A0B,
0x30D811AC,
0x8601B922,
0x1A0B3058,
0x26323F81,
0x00085CB8,
0x097A03A0,
0x23AD0B82,
0x26003F80,
0x00085CD0,
0xC0D17FE0,
0x18000083,
0x40C3000F,
0xC0248020,
0xB9801A0B,
0x30587FE0,
0xA02078E0,
0x7EE078E0,
0xC0F12032,
0x0F810008,
0x5CB84308,
0x20550F80,
0x0B9603E0,
0x780F2300,
0x1F800008,
0x5CD0C0D1,
0x7FE01800,
0x008378E0,
0xC2E64508,
0x20550F80,
0x7F0F26F0,
0x73C00008,
0x2F942500,
0x1F8E0008,
0x5CB82030,
0x0F80000F,
0x0110080F,
0x01BF40E1,
0x0F0603E0,
0x8E208E00,
0xE89240E1,
0x209F080D,
0x20000F8E,
0x00088464,
0x86000815,
0x003340E1,
0x0EE603E0,
0x702C8600,
0xB8BFA600,
0x0A7EFE4F,
0xC6C678E0,
0xC1A12055,
0x0F81792F,
0x26F07041,
0x00082FB4,
0x706C2100,
0x0F82000F,
0x00008220,
0xB9A91A0B,
0x3058A220,
0x5023B988,
0x1A0B3058,
0xA220796F,
0x091D02B5,
0x71648220,
0xB9891A0B,
0x3058A220,
0x5023B9A9,
0x1A0B3058,
0xA220F1F3,
0x822070C3,
0x00085CD0,
0xC140C100,
0xB9A8C140,
0xC100C140,
0xC100A220,
0x18000083,
0x7FE07487,
0xC2E61CFC,
0xB6C8C1B1,
0xC0502055,
0x0F80780F,
0xC0456836,
0x40C30008,
0x01586038,
0xC0418803,
0x08C3005F,
0x16007080,
0x0008001B,
0x08B700DF,
0xC00541C3,
0x00088318,
0x209F080D,
0x61012104,
0x0F810001,
0xE000099F,
0x0F810000,
0x200070C3,
0x0008866C,
0x18000043,
0x40C30008,
0x2F8C8000,
0x70C3000F,
0x00448020,
0xC140C100,
0xB9A7C140,
0xC100B987,
0xC140C100,
0xA02010F8,
0x8001C140,
0xC100B9A0,
0xC140C100,
0xB980C140,
0xC10018F8,
0x804010F0,
0x8001C140,
0xC100B9A1,
0xC140C100,
0xB981C140,
0xC10018F0,
0x804010F4,
0x8001C140,
0xC100B9A2,
0xC140C100,
0xB982C140,
0xC10018F4,
0x804040C3,
0x00082F84,
0x800070C3,
0x000F00D4,
0x80201043,
0x0600B92F,
0xB8247904,
0xB9E005AC,
0x0041C005,
0x26F07000,
0x00082F94,
0xC0462000,
0x0F82000F,
0x02C882A0,
0xC60578BB,
0x269F180D,
0x20040F9E,
0x001F8000,
0x1A0B3358,
0x256D110F,
0x26001F80,
0x00088324,
0xC0441050,
0x06002004,
0x0F81FFE0,
0x7FFFC004,
0x21050783,
0x185000D8,
0x12AB8600,
0x16007080,
0x0008001B,
0x08A300FF,
0x25AD19C1,
0xC0018803,
0x0897005F,
0x40C30008,
0x831860C2,
0x22040F80,
0x0001E000,
0x08830F81,
0x00002000,
0xC006758D,
0xBC0F2000,
0x0F83000F,
0x02BC1300,
0x000BC004,
0x7985BD16,
0x18500058,
0x2E4032C0,
0x78A5BF14,
0x78E570ED,
0xBAD041E1,
0x7A052B40,
0x1240B992,
0x78247A05,
0x2B40120D,
0x783B78A4,
0x2B4012C1,
0xBCAF7845,
0x79847905,
0xC0041A0B,
0x32D876AD,
0x18F48040,
0x83032004,
0x0F80FFF0,
0x386F2005,
0x0F800001,
0x43005033,
0xA3038300,
0xB886B889,
0xB88B5033,
0xA30040C3,
0x00082F8C,
0x8000DA0F,
0xBA106059,
0x8100C305,
0x20AD0D03,
0x200F00C3,
0x1A0B30D8,
0x8100BB14,
0x23040F83,
0x0FF00000,
0xC040C000,
0x20040F80,
0xF00FFFFF,
0xC040C000,
0x7865C040,
0xC000A100,
0x8106C040,
0xC000B8D7,
0xC040C80B,
0x28400603,
0xC0007865,
0xC040C000,
0xA10640C3,
0x0008831C,
0x60C1C004,
0xB99F18F8,
0x8040C006,
0x60598100,
0xC040C000,
0xB8BEC040,
0xC0041050,
0x060020AD,
0x0BC2209A,
0x020270C3,
0x00080324,
0x8003B81A,
0x20040F82,
0x40000000,
0xC0007845,
0xC040C000,
0xA100C004,
0x10500602,
0x22AD0BC2,
0x225A0280,
0x651D2532,
0x1F810008,
0x2D1C0A1D,
0x0195C006,
0x20300F80,
0x000F02CC,
0x206D0C00,
0x205F0180,
0x621AF003,
0xE20CC005,
0x26F0704B,
0x00081510,
0xBF0E7043,
0xC0491838,
0x008242C3,
0x000F018C,
0xC006260A,
0x3F800003,
0x8000605B,
0x83002046,
0x030C2B41,
0x15C02044,
0x01002005,
0x03012B41,
0x15802044,
0x02007825,
0x20470300,
0x5033A300,
0xC0052256,
0x0A81DA23,
0xBA1426F0,
0x70000008,
0x2FB42B41,
0x114CC043,
0xC004C603,
0x10500600,
0x663EC047,
0x8600C040,
0xC000B8B7,
0xC040C000,
0xB897C040,
0xC000A600,
0x496CB868,
0xC04A860D,
0x41C3FC0F,
0xFFFFC040,
0xC0007824,
0xC040C007,
0xB994C042,
0x20AD0BC2,
0xC0427314,
0xD819B815,
0x20CA008D,
0xC2007845,
0xC040C000,
0x42C30068,
0x3885A60D,
0x16599600,
0x206C0040,
0x50331E59,
0x90188601,
0xC040C000,
0xB8AFC040,
0xC000A601,
0x166E9600,
0x206C05C0,
0x20050F80,
0x000010C6,
0x50331E6E,
0x9018166F,
0x9600C040,
0xC000206C,
0x0140C040,
0xC0001E6F,
0x9018166F,
0x96002004,
0x0F80FC00,
0x003FB886,
0xB88AB88E,
0x50331E6F,
0x90181670,
0x9600C040,
0xC0007824,
0xC040C000,
0xB9BAB899,
0xC040C000,
0x1E709018,
0xC0032000,
0x0F8D000F,
0x067C8500,
0xC040C000,
0x206C00C0,
0xC040C000,
0x20450380,
0xC040C000,
0x1EE81018,
0x15FC9000,
0x40C3DCBA,
0x99875033,
0x1EE71018,
0x15F89000,
0x40C36544,
0x32105033,
0x1EE61018,
0x15D49000,
0xC040C000,
0xB8AEC040,
0xC00078E5,
0xC040C000,
0x1EDD1018,
0x16949600,
0x206C05C0,
0x78455033,
0x1E949018,
0x16929600,
0x206C05C0,
0x20050F80,
0x00686885,
0x50331E92,
0x90181690,
0x9600206C,
0x05C07845,
0x50331E90,
0x90181649,
0x960042C3,
0x00080324,
0xC040C000,
0x7824C040,
0xC0002404,
0x1F8107E0,
0x00002484,
0x10187825,
0xC040C000,
0x2B411241,
0x21040F81,
0x00001F80,
0x1E499018,
0x2B4114C0,
0x20840001,
0x7905164A,
0x96002B41,
0x11CB2304,
0x178B206C,
0x04C07905,
0xC002209A,
0x02022000,
0x0F8F0008,
0x03246043,
0x87032B41,
0x059BC048,
0xB8032004,
0x0F82000F,
0xE000C008,
0x7A25877C,
0xB8252053,
0x00817945,
0x20440600,
0x78252344,
0x38017825,
0x50331E4A,
0x901815D4,
0x9000C040,
0xC000B8AF,
0xB8B0B8B1,
0xC040C000,
0x200502C0,
0xC040C000,
0x2E41318B,
0x1EDD1018,
0x164C9600,
0x20840FE7,
0x7C051A0B,
0x33181E4C,
0x9318C003,
0x20000F8C,
0x000F06D0,
0x84002004,
0x0F82FFFF,
0xF007871D,
0x0FEAFE0F,
0x1EFD1058,
0x284004C1,
0x2E403100,
0x782414FC,
0x90012650,
0x341E2104,
0x0F82FFC0,
0x1C007A05,
0x2B410400,
0x20530101,
0x79452084,
0x080F7905,
0x2B410342,
0x2B401100,
0x78447825,
0x22040F82,
0x00070000,
0x78455033,
0x1EFC1018,
0x2B400380,
0xBB092004,
0x0F803E00,
0x00002304,
0x0F81000F,
0xFC007825,
0x14F89001,
0x2356180B,
0x21040F82,
0xC1F0001F,
0x873B7A05,
0x29410580,
0x206C0100,
0x78455033,
0x1EFB1018,
0x875E8600,
0x2A41028C,
0xB8A74381,
0xB8AA2384,
0x0002B8AC,
0x7B052A41,
0x03002084,
0x00107B05,
0x2A4103C0,
0x20040F80,
0x00001000,
0x78655033,
0xA600226C,
0x06C32404,
0x12CCBA23,
0x2B401300,
0x7B857844,
0x7B05C203,
0xC00A6040,
0x236C3142,
0x20040F80,
0x0F0FF0FF,
0x78655033,
0xA60B154B,
0x9600C040,
0xC000B8A6,
0xC040C000,
0xB886C040,
0xC0001ECC,
0x10001557,
0x9600C040,
0xC0002084,
0x0FF0C040,
0xC0007845,
0xC040C000,
0x1EFC1000,
0x8702A604,
0x8701A61B,
0x86042085,
0x00D05033,
0xA6041533,
0x96002085,
0x00D05033,
0xA61B8644,
0xBA8D1A0B,
0x30988604,
0xC040C000,
0x1C003001,
0xC0007845,
0xC040C000,
0xA6041533,
0x9602BA8D,
0x1A0B3098,
0x15339600,
0xC040C000,
0x1C003001,
0xC0007845,
0xC040C000,
0xA61B2940,
0x02402004,
0x0F8307FF,
0xFE0016BE,
0x960021AD,
0x0484206C,
0x0682871A,
0x7A65C04A,
0xB8377845,
0x50331EBE,
0x901816BF,
0x9600C040,
0xC0002084,
0x0038C040,
0xC0007905,
0xC140C000,
0x1EBF9018,
0x164E9600,
0xC040C000,
0x20040F80,
0xFF80000F,
0xC040C009,
0x0FDEFE0F,
0xC0007825,
0xC040C000,
0x1E4E9018,
0x164F9600,
0xC040C000,
0x206C0480,
0xC040C009,
0x09B2FE4F,
0xC000B92D,
0x7825C040,
0xC0001E4F,
0x90181652,
0x9600C040,
0xC000206C,
0x0480C040,
0xC0091038,
0x0080C100,
0x08C6FE4F,
0xC040C000,
0xD909B908,
0x1E529018,
0xC002B875,
0x780F7214,
0xC00721CA,
0x02C52004,
0x0F80001B,
0x8000200C,
0x8780C007,
0x21CA02C1,
0x20040F82,
0x001E8000,
0x730CB811,
0x7210C008,
0x21CA02C1,
0x28410402,
0x20AD0441,
0xC0487825,
0x22840C01,
0x20050083,
0x16859600,
0x42C3FFFF,
0xF0887844,
0x78655033,
0x1E859018,
0x16889600,
0x78442005,
0x00428728,
0x0F36FE0F,
0x1E889018,
0x16569600,
0x206C0542,
0x402020AD,
0x0B827A05,
0x870AC048,
0x0906FE4F,
0x1E569018,
0x0CE6FE0F,
0x1E681018,
0x16681600,
0x206D0BC3,
0xC0030F1A,
0xFE0FF20D,
0x8200C040,
0xC0007864,
0xC040C000,
0x20050F80,
0x0058F000,
0xF00B8200,
0xC040C000,
0x7864C040,
0xC0002005,
0x0F800058,
0xD000C040,
0xC000A200,
0xC0032000,
0x0F82000F,
0x00388260,
0xC0071A0B,
0x30D82004,
0x0F80001F,
0x0000C047,
0x080F0F81,
0x00020000,
0x23850FC7,
0xF004C008,
0x089AFE4F,
0xDC07BC0A,
0x29410400,
0x294103CD,
0x6C347884,
0x79A40FB6,
0xFE0FC703,
0x088EFE4F,
0xC040C000,
0x206C0140,
0xC040C002,
0xC300209A,
0x02022000,
0x0F8D0008,
0x03248507,
0x20AD0DC2,
0x7865C040,
0xC0008566,
0xA7008784,
0x2B41008B,
0x23531080,
0x246C114C,
0x7C052344,
0x1E007885,
0x097EFE0F,
0x8593206C,
0x01407865,
0x5033A707,
0xC3037361,
0x8300C040,
0xC0002084,
0x0020C040,
0xC1004081,
0x0872FE4F,
0xC040C000,
0xBC352340,
0x1101A20F,
0x140C301B,
0x83012140,
0x010B2300,
0x305BC040,
0xC0002084,
0x0020C040,
0xC0007885,
0xC040C000,
0x8594A210,
0xC0037061,
0xC04B8302,
0xC040C000,
0x20840020,
0xC040C100,
0x4081082A,
0xFE4FC040,
0xC0002340,
0x1101BC35,
0xA211C003,
0x2140010B,
0x6038C04C,
0x8303C040,
0xC0002084,
0x0020C040,
0xC0007885,
0xC040C000,
0x8595A212,
0xC0037061,
0xC04D8304,
0xC040C000,
0x20840020,
0xC040C100,
0x40810FE2,
0xFE0FC040,
0xC0002340,
0x1101BC35,
0xA213C003,
0x2140010B,
0x6038C04E,
0x8305C040,
0xC0002084,
0x0020C040,
0xC0007885,
0xC040C000,
0x8596A214,
0xC0037061,
0xC04F8306,
0xC040C000,
0x20840020,
0xC040C100,
0x40810F9A,
0xFE0FC040,
0xC0002340,
0x1101BC35,
0xA215C003,
0x2140010B,
0x2000005F,
0x83078537,
0xC040C000,
0x20840020,
0xC040C000,
0x7885C040,
0xC000A216,
0x140C301E,
0x447F2600,
0x32DEC040,
0xC0002084,
0x0020C040,
0xC4004020,
0x20AD0285,
0x7885C040,
0xC000B935,
0xA217C403,
0x23401100,
0x641CC00B,
0x8007C040,
0xC0002084,
0x0020C040,
0xC0007825,
0xC040C000,
0x8538A218,
0xC00C4328,
0x23AD1285,
0xB9358007,
0xC040C000,
0x20840020,
0xC040C000,
0x200502C0,
0xC040C000,
0xA219C00D,
0x8007C040,
0xC0002084,
0x0020C040,
0xC0007825,
0xC040C000,
0x8539A21A,
0xC00E4328,
0x23AD1285,
0xB9358007,
0xC040C000,
0x20840020,
0xC040C000,
0x200502C0,
0xC040C000,
0xA21BC00F,
0x8007C040,
0xC0002084,
0x0020C040,
0xC0007825,
0xC040C000,
0xA21C44FF,
0xC040C000,
0x20840020,
0xC040C00A,
0xC10020AD,
0x00C57825,
0xC040C000,
0xA21D13FC,
0x800043C3,
0xE00FFFFF,
0xC040C000,
0x20840020,
0xC0408512,
0xC1000E76,
0xFE0FC040,
0xC000A20E,
0x161C3000,
0xC040C000,
0x20840020,
0xC040C009,
0x10380080,
0xC100B804,
0x70C30008,
0x12808003,
0x0E4AFE0F,
0xC040C000,
0xA21E8407,
0xC040C000,
0x20840020,
0xC040C009,
0x0DF6FE0F,
0xC000B935,
0x7825C040,
0xC000A21F,
0x12188000,
0xC040C000,
0xB8ADC040,
0xC008B823,
0x20040F81,
0x00002000,
0xC0007825,
0xC040C000,
0x1A188000,
0x8417C040,
0xC0007864,
0xC040C00A,
0xB8062004,
0x0F811FF0,
0x0000C000,
0x7825C040,
0xC0001ABC,
0x0000C007,
0x228A0FC7,
0x080D0F80,
0x00020000,
0x8549BA37,
0xC003BA14,
0x20000F81,
0x000F0028,
0x8100C040,
0xC0007B04,
0xC340C000,
0x7845C040,
0xC000A100,
0x8100C040,
0xC0002004,
0x0F80FFF0,
0x000FC040,
0x8509B823,
0x20040F82,
0x000FFFF0,
0xC0007845,
0xC040C000,
0xA100C003,
0x0ACAFE0F,
0x22000F8C,
0x0000042C,
0x84000D4A,
0xFE0FA400,
0x089AFE0F,
0xC040C000,
0x20040F80,
0xF000FFFF,
0xC040C000,
0xB897C040,
0xC00019AF,
0x00181285,
0x8600C040,
0xC000206C,
0x02C0C040,
0xC000B887,
0xC040C000,
0x199C0000,
0xC002080F,
0x0311C001,
0x8813083D,
0x001FC002,
0xB86D780F,
0x080D0095,
0xC0018813,
0x0829005F,
0xC002080F,
0x0111C001,
0x8813081D,
0x009FC002,
0x080D0151,
0xC0018813,
0x080D00DF,
0xC0018022,
0xB9B4F005,
0xC0018022,
0xB994C001,
0xA022C002,
0x080D0311,
0xC0018813,
0x0837011F,
0xC002B86D,
0x780F080F,
0x0095C001,
0x88130827,
0x015FC002,
0x080D0111,
0xC0018813,
0x0817019F,
0xC002080F,
0x0151C001,
0x8813080B,
0x01DFB9A1,
0xF002B981,
0xC001A022,
0xC0020813,
0x03111600,
0x70800008,
0x002A084D,
0x015FC002,
0xB86D780F,
0x08110095,
0x16007080,
0x0008002A,
0x0835019F,
0xC0020813,
0x01111600,
0x70800008,
0x002A0825,
0x01DFC002,
0x08110151,
0x16007080,
0x00080029,
0x0811001F,
0xC001C101,
0x8001B8A6,
0xA101F007,
0xC0018021,
0xC001B986,
0xA021C002,
0x08110311,
0x16007080,
0x0008001B,
0x0863019F,
0xC002B86D,
0x780F0813,
0x00951600,
0x70800008,
0x001B084F,
0x01DFC002,
0x08110111,
0x16007080,
0x0008001A,
0x083B001F,
0xC0020813,
0x01511600,
0x70800008,
0x001A082B,
0x005FC001,
0x8020C001,
0xB9A3A020,
0xC0020825,
0x0095C006,
0x0E3EFDCF,
0xC040C000,
0xB8A6C040,
0xC000B886,
0xF00CC001,
0x8020C001,
0xB983A020,
0xC0060E22,
0xFDCFC040,
0xC000B8A6,
0xC040C000,
0xA100C003,
0x0ADEFE0F,
0xC0020821,
0x01518700,
0xC040C000,
0x20040F80,
0xFF81FFFF,
0xC040C000,
0xB896C040,
0xC000A700,
0xC005209F,
0x080D2000,
0x0F830008,
0x83248300,
0x208407F8,
0xA3008600,
0xB8A5B8B0,
0x5033A600,
0x8100C040,
0xC000B8B0,
0xC040C000,
0xA1008200,
0xC040C000,
0xB8DBC040,
0xC000A200,
0xC00370C3,
0x000F025C,
0x8020C140,
0xC100B9BC,
0xC140C100,
0xA020C006,
0x20000F82,
0x000F0184,
0x8200781D,
0x20050F81,
0x000C6000,
0x1A0B3058,
0x8200793B,
0xC040C000,
0xB8C0C040,
0xC0007825,
0xC040C000,
0xA2000EFA,
0xFDCF0817,
0x0050C004,
0x10500601,
0xC0050BF2,
0x01E021AD,
0x0BC2C010,
0x0D36FDCF,
0xC0B11404,
0x341BC6C6,
0xC2E41CFC,
0xB6C8C1A2,
0x1600701E,
0x00080018,
0x43182055,
0x0F8B2651,
0xB0C0F494,
0x232F02C7,
0x4060209F,
0x080D2000,
0x0F8E0008,
0x83188620,
0x21040F80,
0x0001E000,
0x70D30000,
0x2000F482,
0x29410300,
0x20040F82,
0x000FC000,
0x294103C0,
0x2084001E,
0x784526F0,
0x70C20008,
0x2F94B930,
0x2144040C,
0x7C052200,
0x0F80000F,
0x02C88020,
0x21040F81,
0xFFF0386F,
0x79851A0B,
0x30580EB9,
0x307FA020,
0x239F080D,
0x45CB0008,
0x866C708D,
0x63BBAB80,
0x22000F83,
0x000F02BC,
0x83008640,
0x20040F81,
0xFFFFF5BF,
0x2A410200,
0x20040F80,
0x00000800,
0x79052A41,
0x02402084,
0x0008BA2B,
0x78252284,
0x00017845,
0x702C704C,
0x5033A300,
0x0C2B1115,
0x241A1F80,
0x00000360,
0x60A87825,
0x20790001,
0x6C142032,
0x0F800008,
0x5E647185,
0xB8247845,
0x20440042,
0xF1EC2105,
0x80BEF41C,
0x40C30008,
0x2F8C8000,
0x20000F81,
0x000F0034,
0x8100C041,
0xC001B8A1,
0xC041C001,
0xC041C001,
0xA1008101,
0xC040C000,
0xB8A2C040,
0xC000C040,
0xC000A101,
0x86002004,
0x0F80FFFE,
0x1FFFA600,
0x0D92FDCF,
0x081F0070,
0x202F02C7,
0x4100219F,
0x080D2130,
0x0F810008,
0x84640A82,
0x01E021AD,
0x0BC20ABE,
0xFDCFC0A2,
0x1404341B,
0xC6C478E0,
0xC2E61CFC,
0xB6C8C1A1,
0x431840C3,
0x00082F84,
0x8000706C,
0x20300F80,
0x000F015C,
0x20AD0543,
0xE0C0F787,
0x2080003F,
0x780F205F,
0x01432355,
0x3F80790F,
0x26F0704E,
0x00082FB4,
0x69162030,
0x0F820008,
0x01582600,
0x1F8D000F,
0x00088500,
0x23320F8F,
0x00082E40,
0x22AD0141,
0xC040C000,
0x675F2084,
0x003CC040,
0x78FD0D4E,
0xFE2FB8C3,
0x790FC000,
0x7825C040,
0xC000A500,
0x8500C040,
0xC000B8A8,
0xC040C100,
0x2F401200,
0x20840004,
0x7825C040,
0xC0002600,
0x1F81000F,
0x02D4A500,
0x8100C040,
0xC000B8A9,
0xC040C000,
0xB889C040,
0xC000096A,
0xFDCFC040,
0xC000B8A9,
0xC040C000,
0xC040C000,
0x1DB31018,
0x09E6FDCF,
0x74871404,
0x341BC6C6,
0xC1A241C3,
0x00082F84,
0x8120706C,
0x21300F81,
0x000F015C,
0x21AD0543,
0xE1C5F795,
0xE1CE716C,
0xF791E1D6,
0x726CF78F,
0xE1DF736C,
0xF78BE1E7,
0x746CF789,
0xE1F0756C,
0xF785E1F8,
0xDB0723CA,
0x01A52055,
0x0F81792F,
0x26F07041,
0x00082FB4,
0xBB1D70C3,
0x00085CD0,
0x21000F82,
0x000F0300,
0x8220C141,
0xC101B9DC,
0xC141C101,
0x7965C141,
0xC101A220,
0x12D88001,
0xC140C100,
0xB9BBC140,
0xC100B99B,
0xC140C100,
0x1AD88040,
0x18000083,
0x7FE0C0A2,
0xC2E61CFC,
0xB6C8C1A7,
0xC0462055,
0x0F807E0F,
0x26F07381,
0x00082F94,
0x21000F82,
0x000F02C8,
0x82002100,
0x0F8F000F,
0x0338C044,
0x503382A1,
0x1A0B3358,
0x8700BDE8,
0x25051F8B,
0x0000FE00,
0xB8A45033,
0xA21C40A1,
0xB8C823CA,
0x1001C004,
0x42C30008,
0x2FB40849,
0x05FF256D,
0x1F404AC0,
0x20000F81,
0x000F024C,
0x8100C041,
0xC001B8AC,
0xC041C001,
0xA1008700,
0x206C0040,
0x5033A700,
0x1A023003,
0x1A013003,
0x11718600,
0xC041C001,
0xB8B7C041,
0xC0011971,
0x8018F083,
0xC0428700,
0x71C3000F,
0x033C2046,
0x08C05033,
0xA7004AC0,
0x20000F83,
0x000F03B0,
0x83401318,
0x8600C041,
0xC001B8B7,
0xC041C001,
0xB897C041,
0xC0011B18,
0x801813A7,
0x86002004,
0x0F80FFFF,
0xEFF0B883,
0xB88C5033,
0x1BA78018,
0x87002004,
0x0F80FFC0,
0xF0FF2005,
0x0F80000A,
0x0A005033,
0xA7008100,
0xC041C001,
0x1C043001,
0xC001A100,
0xC002702C,
0xC0402244,
0x0080C045,
0x781DC043,
0xC303222F,
0x02C640C1,
0x082A0420,
0x4358C002,
0xC303712C,
0xC04040C1,
0x081A0420,
0x4263C002,
0xC303722C,
0xC04040C1,
0x080A0420,
0x42632D41,
0x1200C105,
0x25AD1243,
0x20840002,
0x78A5780D,
0xE989208C,
0x89FF218A,
0x09FFF68C,
0x20490641,
0xF008208C,
0x8C3F218A,
0x0C3FF684,
0x20490401,
0x21790000,
0x1A023002,
0xC004081B,
0x05BE1A01,
0x30438700,
0xB8A55033,
0xA700C80B,
0xB8855033,
0xA700C006,
0x08B2FDCF,
0xC0A71404,
0x341BC6C6,
0xC0F12032,
0x0F810008,
0x5CB84300,
0x20550F80,
0x0A620360,
0x780F2300,
0x0F800008,
0x5CD0C0D1,
0x7FE01800,
0x008378E0,
0xC2E61CFC,
0xB6C8C1AB,
0xC0462055,
0x0F807E0F,
0x26F07380,
0x00082F94,
0x47C9279F,
0x180DC047,
0x20300F80,
0x000F02C8,
0xC04940C3,
0x00088318,
0xC04240C3,
0x00088318,
0x60E24140,
0x21AD01C2,
0xE19405B0,
0x004DC009,
0x27001F9B,
0x00088324,
0xC04320AD,
0x0B82C043,
0x20240040,
0x00550000,
0x038B0000,
0x03BD0000,
0x03D90000,
0x03F70000,
0x04130000,
0x042F0000,
0x044B0000,
0x047D0000,
0x04EF0000,
0x051D0000,
0x05430000,
0x05690000,
0x058F0000,
0x05AD0000,
0x06450000,
0x06A90000,
0x07430000,
0x07F50000,
0x00C90040,
0x018D0040,
0x40C30008,
0x832060E0,
0xBAA241C3,
0x000F0010,
0xB8B01BFC,
0xB0000E46,
0xFD8F1BF4,
0xB0802156,
0x0A4DC041,
0x1404301E,
0x2600305E,
0x16003000,
0xC040C000,
0xB8A5C040,
0xC000B885,
0xC040C000,
0x1E003000,
0xC30163BB,
0x8300C040,
0xC0002084,
0x0020C040,
0xC403C100,
0x249A1202,
0x24001F82,
0x0008034C,
0x82080D26,
0xFDCFC040,
0xC000822F,
0x1E523018,
0x4D78C501,
0xB935651D,
0x830EC040,
0xC0002084,
0x0020C040,
0xC0007825,
0xC040C000,
0x1E603018,
0x8501C040,
0xC0002084,
0x0020C040,
0x8210C100,
0x20AD00C5,
0x7825C040,
0xC0001E61,
0x301813BA,
0x8600206C,
0x00405033,
0x1E303000,
0x13B78600,
0xC040C000,
0x20040F80,
0xFFC0003F,
0xC04040C3,
0x0008034C,
0x6400B806,
0x20040F81,
0x003FFFC0,
0xC0007825,
0xC040C000,
0x1E243000,
0x8501B82C,
0x20040F81,
0x00000BFF,
0x1A0B3058,
0x8501B90C,
0xC040C000,
0x20040F80,
0xFF000FFF,
0xC040C000,
0x7825C040,
0xC000D90F,
0x1E613018,
0x0BB60320,
0x40C1C001,
0xDA852000,
0x0F81000F,
0x03988100,
0xB893B898,
0x50331EE2,
0x30188102,
0xC040C000,
0xB8A9C040,
0xC000B889,
0xC040C000,
0x1EE43018,
0x8106B8B8,
0xB8BE5033,
0x1EE83018,
0xC0012030,
0x0F80000F,
0x03D4C040,
0xC000B8AA,
0xC040C000,
0x1EF13018,
0x13503601,
0x40C10FC6,
0xFDEF21AD,
0x0BC20846,
0xFDCFF4E4,
0xC0016EB6,
0x0E4AFD8F,
0xC040C000,
0xB8A0C040,
0xC000B880,
0xC040C000,
0xA10040C1,
0x209F080D,
0x20000F81,
0x00088324,
0x81002084,
0x07F8A100,
0x40C30008,
0x01586500,
0x081D0013,
0xC0012000,
0x0F81000F,
0x025C8100,
0xC040C000,
0xB8BCC040,
0xC000A100,
0xC0030837,
0x0114C007,
0x20000F81,
0x000F02CC,
0x8100C040,
0xC000B8B4,
0xC040C000,
0xA10011F4,
0x8000C040,
0xC000B8AA,
0xC040C000,
0xB88AC040,
0xC00019F4,
0x8000C103,
0x0D6A00E0,
0x40C1C001,
0x42C3000F,
0x00386059,
0x81002255,
0x0F42C040,
0xC0002084,
0x0038C040,
0xC000A100,
0x11F08000,
0xC040C000,
0x20040F80,
0xE00FFFFF,
0xC040C000,
0x19F08000,
0xC001605B,
0x830042C3,
0x00772964,
0x206C05C0,
0x78455033,
0x19F40000,
0x13F88000,
0x206C03C1,
0x21050F81,
0x00000964,
0x1A0B3058,
0xC103206C,
0x05C07534,
0x20C50F81,
0x00762964,
0x20C50F82,
0x00774964,
0x50331BF8,
0x8000C001,
0x20000F81,
0x000F011C,
0x8100206C,
0x04C32305,
0x0F830000,
0x29641A0B,
0x30D8C303,
0x206C05C0,
0x757420C5,
0x0F810076,
0x296420C5,
0x00825033,
0xA100C001,
0xDA23BA14,
0x20000F81,
0x000F0310,
0x810075C3,
0x00080158,
0xC040C000,
0x20040F80,
0xFC0FFFFF,
0xC040C003,
0x7314D819,
0xB81520CA,
0x008DC200,
0x7845C040,
0xC000A100,
0x09BEFDCF,
0x214F01C0,
0x1BF4B000,
0x8D090813,
0x013F2185,
0x001E0221,
0x00601BF4,
0xB0401350,
0x360140C1,
0xDA870E12,
0xFDEF21AD,
0x0BC21350,
0x360240C1,
0x702C0A42,
0x012022AD,
0x0BC24508,
0x0E7EFD8F,
0x01E40062,
0x70B5F283,
0x13503601,
0x40C1DA88,
0x0DE2FDEF,
0x21AD0BC2,
0x0856FDCF,
0x1BF4B000,
0x40C10A26,
0x01A0712C,
0x45080E52,
0xFD8FF5EA,
0x70B5F26D,
0x09C6FD8F,
0x20850006,
0x1BF4B000,
0x40C10A06,
0x01A0722C,
0x45080E32,
0xFD8FF5DA,
0x70B5F25D,
0x40C30008,
0x83180DDE,
0xFD8F1BF4,
0xB00040C1,
0x0A260320,
0x712C4508,
0x0E0EFD8F,
0xF5C870B5,
0xF24B0986,
0xFD8F2085,
0x000A1BF4,
0xB00040C1,
0x0A060320,
0x722C4508,
0x0DEEFD8F,
0xF5B870B5,
0xF23B0966,
0xFD8F2085,
0x000C1BF4,
0xB00040C1,
0x0C520360,
0x712C4508,
0x0DCEFD8F,
0xF5A870B5,
0xF22B0946,
0xFD8F2085,
0x000E1BF4,
0xB00040C1,
0x0C320360,
0x722C4508,
0x0DAEFD8F,
0xF59870B5,
0xF21B40C3,
0x00088318,
0x60E0DA89,
0x20040F80,
0xFFFFF07F,
0xB88A1BF4,
0xB00040C1,
0x209F080D,
0x089AFDCF,
0x40C10D56,
0x0260702C,
0x45080D7A,
0xFD8FF57E,
0x70B500E8,
0x004109FE,
0xFD8F42C3,
0xFF000FFF,
0x20000F81,
0x000F0124,
0x81007844,
0x20050F80,
0x00774000,
0x5033A100,
0x11F88000,
0x78442005,
0x0F800077,
0x20005033,
0x19F88000,
0x40C1209F,
0x080DDA8A,
0x0842FDCF,
0x40C30008,
0x831860E1,
0x21040F80,
0xFFFFF07F,
0xB9E10098,
0x00422085,
0x00121BF4,
0xB000C003,
0x081B0171,
0x71AD1350,
0x360240C1,
0x712C08B6,
0x012022AD,
0x0BC22079,
0x000D0CF2,
0xFD8FF450,
0x70B5F3BD,
0x0866FD8F,
0x20850014,
0x1BF4B000,
0xC0030815,
0x017171AD,
0x40C108E2,
0x0320722C,
0x2079000D,
0x0CC6FD8F,
0xF43A70B5,
0xF3A7083E,
0xFD8F2085,
0x00161BF4,
0xB000C003,
0x08130171,
0x71AD40C1,
0x0B220360,
0x722C2079,
0x000D0C9E,
0xFD8FF426,
0x70B5F393,
0x0812FD8F,
0x20850018,
0x1BF4B000,
0xC0030815,
0x017171AD,
0x40C10C52,
0x0260712C,
0x2079000D,
0x0C72FD8F,
0xF41070B5,
0xF37D0FEA,
0xFD4F2085,
0x001A1BF4,
0xB000C103,
0x097202E0,
0x40C14508,
0x0C52FD8F,
0x07B80022,
0x70B5F36D,
0x0FC6FD4F,
0x2085001C,
0x1BF4B000,
0x40C30008,
0x2FB448C2,
0x22000F81,
0x000F0028,
0x810072C3,
0x000F0194,
0xC040C000,
0x20040F80,
0xE00FFFFF,
0xC040C000,
0x20050F80,
0x1FF00000,
0xC040C000,
0xA1008104,
0xC040C000,
0x20840038,
0xC040C000,
0x20850FC7,
0xC040C000,
0xA1048200,
0xB82C2004,
0x0F830000,
0x0BFF6E16,
0x70C30008,
0x01588004,
0x781B2084,
0x00107B05,
0x1A0B30D8,
0x82002B40,
0x0302C040,
0xC0002004,
0x0F80FF00,
0x0FFFC040,
0xC0007845,
0xC040C000,
0x195B0018,
0x0F2AFD4F,
0x2085001E,
0x1BF4B000,
0x16007080,
0x0008002D,
0x084B01BE,
0x71AD0822,
0xFD8F2000,
0x0F81000F,
0x01948100,
0xC040C000,
0x20840020,
0xC040C003,
0xC200209A,
0x020270C3,
0x0008034C,
0x8010B823,
0x7815B8CA,
0x7845C040,
0xC000DA0F,
0xA10040C1,
0x0CDE00E0,
0xD90F2079,
0x000D0B4E,
0xFD8FF57E,
0x70B506BC,
0x00010EC2,
0xFD4FB88B,
0x1BF4B000,
0x0FC6FD4F,
0x0942FD8F,
0xC040C000,
0xB8A0C040,
0xC000A100,
0x11FC8000,
0xC040C000,
0xB8BEC040,
0xC00019FC,
0x8000116E,
0x8600C040,
0xC0002084,
0x0020C040,
0x22003380,
0x10380080,
0x0C32FD8F,
0xC000BA35,
0x7845C040,
0xC000196E,
0x8018C003,
0x08890114,
0xC00745CB,
0x00085D30,
0x7DD62000,
0x0F81000F,
0x02C08100,
0xC040C000,
0xB8AAC040,
0xC0000AF2,
0xFDEFA100,
0xA50040C3,
0x00088318,
0x60E0A521,
0x20040F81,
0xFFFFF07F,
0xB8E104B4,
0x00022105,
0x0F800000,
0x08801BF4,
0xB0001600,
0x7000000F,
0xC00845CB,
0x00085D50,
0x7DD60AB6,
0xFDEFC041,
0xC201A521,
0x7A4F225F,
0x0283C203,
0x0A2B0170,
0xA500C203,
0x0A2D0131,
0x708D1600,
0x700C0008,
0x0020F00F,
0xC00260E0,
0x20040F80,
0xFFFFF07F,
0x05C30020,
0xB8881600,
0x700C0008,
0x00247C6C,
0x42C30008,
0x5D307AD6,
0x82618240,
0x210280CB,
0x20038082,
0x233C1300,
0x705478C0,
0x7014059C,
0x00020EB2,
0xFD4F2000,
0x0F82000F,
0x077C8200,
0xC040C000,
0x1C003001,
0xC0007865,
0xC040C000,
0xA2008201,
0xC040C000,
0x1C003001,
0xC0007825,
0xC040C000,
0xA2010BE2,
0xFD8FB88B,
0x1BF4B000,
0x22003380,
0x18080043,
0x40C30008,
0x5CEC78D5,
0x18000001,
0x0E5EFD4F,
0x27001F81,
0x00088318,
0x20000F82,
0x000F014C,
0x8200C040,
0xC000206C,
0x0380C040,
0x6E1670C3,
0x00080158,
0x8063C000,
0xBBCE7865,
0xC040C000,
0x43C30008,
0x91E6A200,
0x12FC8000,
0xC040C000,
0x20040F80,
0x87FFFFFF,
0xC040C000,
0xB89CB89D,
0xC040C000,
0x1AFC8000,
0x12B18600,
0xC040C000,
0xB8B7C040,
0xC000B897,
0xC040C000,
0x1AB18018,
0x40C1209F,
0x051F631B,
0x12AC0600,
0x50332053,
0x030C20AD,
0x03C6B380,
0xB30112AD,
0x06005033,
0x20530302,
0x20AD03C6,
0xB3028903,
0x0817007F,
0xB34308D6,
0xFD8F080F,
0x007040C1,
0x0AC600A0,
0xC1030C9A,
0xFD4FB887,
0xB888B88B,
0x1BF4B000,
0x40C10C86,
0x02A0702C,
0xE87CC007,
0x20300F80,
0x000F0188,
0xB8E140C3,
0x00082FB4,
0x48C1F441,
0x40C30008,
0x5CEC48C0,
0x21000F82,
0x000F0010,
0xC0468200,
0xC040C000,
0xB8B7C040,
0xC000A200,
0x6E1670C3,
0x00080158,
0x80A2BDE0,
0x02860022,
0xC0410DB2,
0xFCAFC006,
0xC048C001,
0xC1440DA6,
0xFCAF8003,
0x25AD1D43,
0xC04540A1,
0x0DB2FCAF,
0xC141C205,
0x0E6AFCAF,
0xC301C208,
0x0F9EFC6F,
0xC30442C3,
0x406FE000,
0x0E56FCAF,
0x706C42C3,
0x40240000,
0x0F92FC6F,
0x706C0347,
0x000071C3,
0x000F03BC,
0x8100C040,
0xC000B8B4,
0xC040C000,
0xB894C040,
0xC000A100,
0x40C30008,
0x8318080A,
0xFD8FB88B,
0x1BF4B000,
0x40C30008,
0x2FB448C5,
0x44C9249F,
0x180D2500,
0x1F81000F,
0x03A08100,
0x42C300FF,
0xF000C040,
0xC000B8A0,
0xC040C000,
0xA10011FC,
0x8000C040,
0xC000B8BE,
0xC040C000,
0x19FC8000,
0x81022084,
0x0CFD5033,
0xA1028104,
0xB8B8B8BE,
0x5033A104,
0x25301F80,
0x000F03D4,
0xC040C000,
0xB8AAC040,
0xC000A10D,
0x11F88000,
0xB8B3B8B8,
0x503319F8,
0x80008100,
0xC040C000,
0xB8A9C040,
0xC000A100,
0x40C30008,
0x864C116F,
0x86036400,
0xBBCBB80C,
0x78447865,
0x24001F83,
0x0008864C,
0x8B90BC18,
0x78855033,
0x196F8018,
0x11708600,
0x8381B8CB,
0xBC0C7C44,
0x7C058B11,
0xB8187885,
0x50331970,
0x80181171,
0x86008382,
0xB8CBBC0C,
0x7C447C05,
0x8B12B818,
0x78855033,
0x19718018,
0x11728600,
0x8383B8CB,
0xBC0C7A84,
0x7A058B13,
0xB8187845,
0x50331972,
0x80180A4E,
0xFD8F204B,
0x81801BF4,
0xB040F436,
0x6E5640C3,
0x00080158,
0x62000861,
0x079E2500,
0x1F81000F,
0x01948100,
0xB82C2004,
0x0F830000,
0x0BFF2200,
0x0F800008,
0x01588004,
0x20840010,
0x200500C2,
0x1A0B3098,
0x8100BA0C,
0xC040C000,
0x20040F80,
0xFF000FFF,
0xC040C000,
0x7845C040,
0xC000A100,
0xC0072000,
0x0F81000F,
0x01708100,
0xC040C000,
0xB8A7F00E,
0xC0072000,
0x0F81000F,
0x01708100,
0xC040C000,
0xB8A7C040,
0xC000B887,
0x42C1C040,
0x229F080D,
0xC000A100,
0x22000F80,
0x0008864C,
0x9012208C,
0x8FC3F71C,
0x2E4012C1,
0x7916C007,
0x71C30008,
0x2FDA2030,
0x0F80000F,
0x02D020AD,
0x09C3B100,
0x22000F80,
0x00088324,
0x10500601,
0x40C1DA86,
0x0DEEFDAF,
0x21AD0BC2,
0xC0022500,
0x1F81000F,
0x001060E0,
0xB8A21BF4,
0xB0008100,
0xC040C000,
0xB8A5C040,
0xC000A100,
0xC00260E0,
0x20518040,
0x01B80022,
0xB8A1C006,
0x0C42FD4F,
0xF0D82100,
0x0F82000F,
0x02948220,
0x294005C0,
0xB85FB9C8,
0x20840038,
0x7825C045,
0x82608201,
0x28400381,
0xB95F20AD,
0x02442184,
0x00387905,
0x12470600,
0x081B007F,
0x8281C005,
0x089EFD2F,
0x4910F032,
0x21050F80,
0x00000900,
0xF0B06B17,
0xB85F23AD,
0x04042084,
0x00387865,
0xC0482C40,
0x15C0B85F,
0x24531202,
0x20840038,
0x7845C044,
0x086AFD2F,
0x4910C04A,
0xC104C008,
0x085EFD2F,
0x4910086A,
0xFCEFC10A,
0xC044C108,
0xC005084E,
0xFD2F4910,
0x0856FCEF,
0xC10441C3,
0x40400000,
0x0BEAFCCF,
0x0C16FD0F,
0xC0450A8A,
0xFCAFC006,
0xC044C005,
0x0A9AFCAF,
0xC14642C3,
0x3FE00000,
0x0B4EFCAF,
0x706CC204,
0x0C82FC6F,
0xC3060F22,
0xFC8F0A62,
0xFCAFC046,
0xC048C001,
0xC1440A56,
0xFCAF8003,
0x25AD1D43,
0xC04540A1,
0x0A62FCAF,
0xC141C205,
0x0B1AFCAF,
0xC301C208,
0x0C4EFC6F,
0xC30442C3,
0x406FE000,
0x0B06FCAF,
0x706CC207,
0x22000F8D,
0x000F0180,
0xC206A540,
0xC2072200,
0x0F83000F,
0x02C08340,
0xC240C200,
0xBAB0C240,
0xC200BA90,
0xC240C200,
0x1D501098,
0x8344C240,
0xC2002204,
0x0F82FFFF,
0x807F0EA6,
0xFCAFC240,
0x7912782F,
0x6857C000,
0x7845C040,
0xC0001D54,
0x1018C009,
0x20040F80,
0x000F8000,
0x08390F81,
0x00010000,
0x40C1209F,
0x080D70C3,
0x0008864C,
0x88540A25,
0x06356A61,
0xA874265F,
0x16006058,
0xC2032000,
0x0F830008,
0x503470C3,
0x00084FD4,
0xAB40A820,
0xC0020C52,
0xFD4FB88B,
0x1BF4B000,
0xC0AB1404,
0x341BC6C6,
0x2085001A,
0xF1F878E0,
0xC2E61CFC,
0xB6C84508,
0x20550F80,
0x7E0F43D9,
0x239F380D,
0x23003F8F,
0x00088670,
0x9700208C,
0x8FC30048,
0x002DC1A1,
0x2E4012C0,
0x0C7AFDAF,
0xC0409760,
0xC20040C3,
0x00082FD4,
0x7A76621A,
0x6B01B700,
0x23303F80,
0x00088464,
0xA22020AD,
0x0BC2AA04,
0x26F07380,
0x00082F94,
0x20300F80,
0x000F0158,
0xB8C6AA05,
0x0866FD4F,
0x74871404,
0x341BC6C6,
0xC2E24508,
0x20550FC0,
0x780F26F0,
0x70010008,
0x2FA42130,
0x0F83000F,
0x00D06836,
0x21000F82,
0x00080064,
0xD965230B,
0x8F804400,
0x0000A220,
0x0B0403E1,
0x1A0B30D8,
0x0922FD4F,
0xC6C278E0,
0xC2E24508,
0x0D7EFD4F,
0x08130070,
0x25551FC0,
0x0F92FD0F,
0x0CE203E0,
0xB9C50902,
0xFD4FC6C2,
0xC2E24508,
0x20550FC0,
0x0F7AFD0F,
0x0C9A03A0,
0xB9C5E804,
0x08E6FD4F,
0xC6C278E0,
0xC0F14308,
0x20320F82,
0x00085CB8,
0x20550FC0,
0x0F56FD0F,
0x0AE603E0,
0xB9C52300,
0x1F800008,
0x5CD0C0D1,
0x7FE01800,
0x008378E0,
0xC0F14308,
0x0D16FD4F,
0x08130070,
0x23551FC0,
0x0F2AFD0F,
0x0E4A03E0,
0xB9C52300,
0x1F800008,
0x5CD0C0D1,
0x7FE01800,
0x008378E0,
0xC2E24508,
0x0CEAFD4F,
0x08130070,
0x25551FC0,
0x0EFEFD0F,
0x0FAE03E0,
0xB9C5086E,
0xFD4FC6C2,
0x7EE078E0,
0xC1A22055,
0x0FC1792F,
0x26F0704C,
0x00082FB4,
0x20320F83,
0x00085CB8,
0x70C30008,
0x5CD02400,
0x1F82000F,
0x02D48220,
0xBB152304,
0x0F830020,
0x0000C141,
0xC101B9B5,
0xC141C101,
0x7965C141,
0xC101A220,
0x24301F81,
0x000F02F8,
0xC140C100,
0xB9B5C140,
0xC1007965,
0xC140C100,
0xA2291800,
0x00837FE0,
0xC0A278E0,
0xC2E24508,
0x20550FC0,
0x09860420,
0x780F0FEE,
0xFD0FC6C2,
0xC2E44528,
0x224E0401,
0x2E017043,
0x0000FFFF,
0x200400CC,
0x6A292C01,
0x907EF211,
0x7B066B01,
0x0CEAFCEF,
0x78104608,
0x710C0D0A,
0xFCEF78B8,
0x08AAFCEF,
0x265217C1,
0xC6C40CD2,
0xFCCF4608,
0x710C0CF2,
0xFCEF78B8,
0x4100089A,
0xFCEF40C1,
0xC6C478E0,
0x1CF4B7C8,
0x0F0E0060,
0x430826F0,
0x72C20008,
0x2FB42200,
0x0F81000F,
0x03B88100,
0x08FF831E,
0x8100C042,
0xC002B8AA,
0xC042C002,
0xC042C002,
0xA1008100,
0x08FF831F,
0x22000F80,
0x000F039C,
0x80200A2A,
0xFD4F8021,
0xC141C101,
0xB9A0C141,
0xC101C141,
0xC101A021,
0x140C341F,
0x7EE078E0,
0xC2E61CFC,
0xB6C8C1A7,
0xC04226F0,
0x70000008,
0x2FB4C143,
0x41C3000F,
0x0080C041,
0xC70143CB,
0x00087928,
0x21570E1E,
0x673F8700,
0xC040C000,
0xB8B7B8B8,
0xB8B9C040,
0xC003C202,
0x209F0A81,
0x229F0F09,
0x621A2232,
0x02C0B817,
0x20040F83,
0x03800000,
0xC0007865,
0xC040C000,
0xA700C001,
0x70C3000F,
0x07CCC044,
0x8000C304,
0xB885B88E,
0x5033A300,
0x87002200,
0x02C3C040,
0xC000206C,
0x0140C040,
0x8B81C000,
0xBCC57885,
0xC040C000,
0x22000F8C,
0x00087973,
0xA700C004,
0x8000C040,
0xC000206C,
0x0100C040,
0x8CB3C000,
0xBDC478A5,
0xC040C500,
0xC004A0A0,
0xC00170C3,
0x000F00A8,
0xC045C004,
0x20300F80,
0xFFFFF8DC,
0xC040C000,
0x20040F80,
0xFF83FFFF,
0xC0408B02,
0xB8122004,
0x0F8D007C,
0x0000C000,
0x78A5C040,
0xC000A70A,
0xC0048000,
0xC040C000,
0x20040F80,
0xFFFFC03F,
0xC0408C14,
0x6896C000,
0x7885C040,
0xC400C004,
0xA0801790,
0x90002045,
0x00C05033,
0x1F909000,
0x930F9390,
0xB8062004,
0x0F810000,
0x0FC017C4,
0x9000BCC5,
0x206C0480,
0x78857905,
0x930EDC7F,
0xBC0CB80C,
0x78847825,
0x50331FC4,
0x9000930C,
0xBC24B809,
0x20040F8D,
0x0007FE00,
0x930D17C8,
0x9001B8C8,
0x216C0481,
0x78257D05,
0x1A0B3358,
0x1FC89340,
0x930AB809,
0x20040F8D,
0x0001FE00,
0x930B17CC,
0x9001B8C8,
0x216C0401,
0x78257D05,
0x1A0B3358,
0x1FCC9340,
0x17D09000,
0x8BB3206C,
0x06819308,
0x79A5B808,
0x78849387,
0x7905D83F,
0xBC0FB80F,
0x78849386,
0x7905D83F,
0xBC15B815,
0x78847825,
0x50331FD0,
0x900017D4,
0x90019305,
0x216C05C1,
0xB8C57905,
0x9304B806,
0x20040F80,
0x00000FC0,
0x78259323,
0xB90C2104,
0x0F810003,
0xF0007905,
0x9302B812,
0x0CFEFD0F,
0x1FD49000,
0x17D89000,
0xC040C000,
0x206C0140,
0xC0402340,
0x1B006049,
0xC000B9C5,
0x7825C040,
0xC0001FD8,
0x90002340,
0x1AC017DC,
0x90016048,
0x216C05C1,
0xB8C57905,
0x23401A80,
0x60486876,
0x23040F83,
0x00000FC0,
0x23401A40,
0x7B256049,
0x23401A00,
0x6048B90C,
0x21040F81,
0x0003F000,
0xB8127965,
0x0C96FD0F,
0x1FDC9000,
0x234019C0,
0x17E09001,
0x6048216C,
0x05C1B8C5,
0x79052340,
0x19806048,
0x68762304,
0x0F830000,
0x0FC02340,
0x19407B25,
0x60492340,
0x19006048,
0xB90C2104,
0x0F810003,
0xF000B812,
0x79650C52,
0xFD0F1FE0,
0x90001790,
0x901B1F90,
0x9FC12340,
0x1D0017E4,
0x90016048,
0x21040F81,
0xFF00F000,
0xB8C37905,
0x23401D40,
0x6048B804,
0x7B0F2340,
0x1D807B25,
0x60492340,
0x1E006048,
0xB9082104,
0x0F810000,
0x0F00B810,
0x79650886,
0xFD4F2340,
0x1E406048,
0xB8147825,
0x20040F81,
0xF0FFFFFF,
0x23401E80,
0x6048B818,
0x20040F80,
0x0F000000,
0x78255033,
0x1FE49000,
0x23401F00,
0x17E89001,
0x6048216C,
0x02C3B8C3,
0x7B052340,
0x1F406048,
0xB804790F,
0x23401F80,
0x60487965,
0xB8082004,
0x0F800000,
0x0F007825,
0x50331FE8,
0x900017B8,
0x9000B8A9,
0x50331FB8,
0x9000C80B,
0xB8895033,
0x1FB89000,
0xC0012000,
0x0F81000F,
0x04142600,
0x301E0EA2,
0xFD0FE87F,
0x16283000,
0xC040C000,
0xB8A9C040,
0xC0001E28,
0x30000E8A,
0xFD0FE8FF,
0x1F9096C0,
0xC003C502,
0xC101209F,
0x0A81259F,
0x1F09260A,
0x3F8001FF,
0x00002100,
0x0F83000F,
0x00F442C3,
0xFE00FE00,
0x651D2300,
0x134B1344,
0x1100DE7F,
0xBE07B810,
0x2004078C,
0x13421100,
0x832047DB,
0x00087982,
0xB8C87944,
0x78257885,
0x5033A300,
0x1348110C,
0x13461100,
0x8321BC10,
0xB8C87944,
0x2404178C,
0x78257C05,
0x1A0B3318,
0xA381C001,
0x25001F8C,
0x00087973,
0x20300F80,
0x000F047C,
0xC040C000,
0x20840038,
0xC0401340,
0x1100C100,
0xB8C87825,
0xC040C000,
0x1BE20018,
0x13848000,
0xC040C000,
0x20040F80,
0xFFF81FFF,
0xC0408C05,
0xB80D2004,
0x0F810007,
0xE000C000,
0x7825C040,
0xC0001B84,
0x80001380,
0x80018C04,
0x21040F81,
0xF01FC000,
0xB8C67825,
0x8C236957,
0x8C217AC4,
0x7A05B915,
0x2E401380,
0x78247845,
0x50331B80,
0x800040C3,
0x00087973,
0x13848001,
0x6508216C,
0x0301B8C6,
0x7905134A,
0x10806857,
0x26501340,
0x78447825,
0x50331B84,
0x80008344,
0x8C0941C3,
0xFF807F00,
0x7A24B80F,
0x7A058C08,
0x78455033,
0xA3048343,
0x8C077944,
0xB80F7905,
0x8C062E41,
0x32827825,
0x5033A303,
0x139C801B,
0x253417C0,
0x2A400241,
0xB8062004,
0x008B40C3,
0x00087984,
0x6510B80F,
0x79042304,
0x3F80FF00,
0x003F7825,
0x2305100B,
0x1A0B32D8,
0x1B9C82C0,
0x40C30008,
0x798013B4,
0x80016510,
0x43CB0008,
0x015C216C,
0x0441B8C8,
0x790540C3,
0x0008797E,
0x65156A13,
0xBD0978A4,
0x78255033,
0x1BB48000,
0xC0022340,
0x11016856,
0x220002C0,
0xC0468807,
0x6159084B,
0x007E4358,
0xC0012000,
0x0F82000F,
0x029C8200,
0xC040C000,
0x20040F80,
0xFFFFC07F,
0xC0408C03,
0xB8077E04,
0xC00078C5,
0xC040C000,
0xA20012C0,
0x8000C040,
0xC000B8BC,
0xC040C000,
0xB89CC040,
0xC0001AC0,
0x80008901,
0xB8E4F2C8,
0xC00143C3,
0x00087988,
0x45CB0008,
0x798C2000,
0x0F82000F,
0x030C8200,
0x46CB0008,
0x798EC040,
0xC0002004,
0x0F80FFF0,
0x7FFFC040,
0xC003C402,
0x209F0A81,
0x249F1F09,
0x641C2400,
0x1F810008,
0x79738917,
0xB80F2004,
0x0F9E000F,
0x8000C000,
0x20050780,
0xC040C000,
0xA20012FC,
0x8000C040,
0xC000206C,
0x00C0C040,
0x8938C000,
0xB9C37825,
0xC040C000,
0x1AFC8000,
0xC0012000,
0x0F81000F,
0x03308100,
0xC040C000,
0x20040F80,
0xF0003FFF,
0xC0406470,
0xB80E2004,
0x0F830FFF,
0xC000C000,
0x7865C040,
0xC000A209,
0x64B58106,
0x2D401203,
0xBDC12084,
0x0F2F2384,
0x001078A5,
0x78655033,
0x8126C140,
0xC1001C00,
0x3001C100,
0x7825C040,
0xC000A20F,
0x64D02044,
0x004112F8,
0x8000B83B,
0x20440380,
0x79051A0B,
0x305812F8,
0x8000B91B,
0xC040C000,
0x20040F80,
0x87FFFFFF,
0xC040C000,
0x7825C040,
0xC0001AF8,
0x800012D0,
0x8000B885,
0xB8905033,
0x1AD08000,
0x12D48000,
0xC040C000,
0xB8B0C040,
0xC000B890,
0xC040C000,
0x1AD48000,
0x12D88000,
0xB83C204F,
0x00011A0B,
0x305812D8,
0x8000B91C,
0xC040C000,
0xB8DBC040,
0xC0007825,
0xC040C000,
0x1AD88000,
0x12E88000,
0xB8A05033,
0x1AE88000,
0xC80BB880,
0x50331AE8,
0x8000C80B,
0xB8805033,
0x1AE88000,
0xC80BB880,
0x50331AE8,
0x8000C80B,
0xB8A05033,
0x1AE88000,
0xC002702C,
0x0F7A0020,
0x704CC001,
0x20300F80,
0x000F03B8,
0x08F7831E,
0xC0012000,
0x0F81000F,
0x039C8100,
0xB8BCB8BD,
0xB8BE5033,
0xA1008101,
0xC040C000,
0xB8A0C040,
0xC000B880,
0xC040C000,
0xA101C002,
0x209F080D,
0x20320F80,
0x00088674,
0x081B0051,
0xC0030817,
0x01512330,
0x32C0080F,
0x019E0AE6,
0xFE2FC002,
0xF0421790,
0x9000C040,
0xC000B8A4,
0xC040C000,
0xB884C040,
0xC0001F90,
0x90000972,
0x03E0D864,
0xC0012000,
0x0F8D000F,
0x00F08500,
0xC040C000,
0xB8AEC040,
0xC000A500,
0x095203E0,
0xD8648500,
0xC040C000,
0xB8AEC040,
0xC000B88E,
0xC040C000,
0xA500093A,
0x03E0D864,
0x8500C040,
0xC000B8AE,
0xC040C000,
0xA5000926,
0x03E0D864,
0x15209000,
0xC040C000,
0xB8A4C040,
0xC0001D20,
0x9000090E,
0x03E0D864,
0xC103C002,
0x219F0A81,
0x209F0F09,
0x603870C3,
0x00087973,
0x883D2940,
0x03C02004,
0x0F820078,
0x00006914,
0x7B0FC001,
0x20000F81,
0x000F0348,
0x81002004,
0x0F80FF87,
0xFF0F7865,
0x7A051A0B,
0x30988100,
0xC040C000,
0x1C003001,
0xC0007845,
0xC040C000,
0xA100C003,
0x751402E0,
0x0002C001,
0x42C30008,
0x5D702000,
0x0F81000F,
0x03108100,
0xC040C000,
0x20040F80,
0xFC0FFFFF,
0xC040C002,
0x205F031B,
0x23323080,
0xB8142004,
0x0F8303F0,
0x0000C000,
0x7865C040,
0xC000A100,
0xC0027043,
0xC0431010,
0x00807014,
0x02900021,
0x2300309B,
0xC0011302,
0x31022000,
0x0F81000F,
0x067C8100,
0x224E038E,
0x265310C2,
0xC040C000,
0x206C00C0,
0xC040C000,
0x7845C040,
0xC0001980,
0x8010811F,
0x2E401700,
0x7A052E40,
0x16002004,
0x0F800F00,
0x00007A05,
0x2E401500,
0x20040F80,
0x00F00000,
0x7A052E40,
0x14002004,
0x0F80000F,
0x00007A05,
0x2E401300,
0x78107A05,
0x2E401200,
0x20040F80,
0x00000F00,
0x7A056E14,
0x780F7845,
0x5033A11F,
0x815E5033,
0xA11E2130,
0x0F80FFFF,
0xFAACC040,
0xC0002004,
0x0F80FF83,
0xFFFFC040,
0x2E401480,
0x20040F81,
0x007C0000,
0xC0007825,
0xC040C100,
0xC005A020,
0xC0012000,
0x0F8D000F,
0x02B08500,
0xC040C000,
0xB8A9C040,
0xC000A500,
0x15A89000,
0xC040C000,
0xB8A8C040,
0xC000B888,
0xC040C000,
0x0876FD0F,
0xC040C000,
0xB8A1C040,
0xC000B881,
0xC040C000,
0x1D589018,
0x0F5E03A0,
0xD89615A8,
0x9000C040,
0xC000B8A8,
0xC040C000,
0x084AFD0F,
0xC040C000,
0xB8A1C040,
0xC0001D58,
0x90181568,
0x160020AD,
0x02C20891,
0x83A15033,
0xC001DA0F,
0xBA0A2000,
0x0F8D000F,
0x009C8500,
0xC040C000,
0x20040F80,
0xFC1FFFFF,
0xC040C000,
0xB899C040,
0xC000A500,
0x15F89000,
0x206C05C1,
0x13043080,
0xB8C57905,
0x13053080,
0xB8062004,
0x0F800000,
0x0FC07905,
0x13063080,
0xB80C2004,
0x0F800003,
0xF0007905,
0x13073080,
0xB8120C9E,
0xFCCF1DF8,
0x900015FC,
0x9000C040,
0xC000206C,
0x0140C040,
0x13083081,
0xC000B9C5,
0x7825C040,
0xC0001DFC,
0x900015FC,
0x90002004,
0x0F83FC00,
0x003FC006,
0x80056836,
0x40202084,
0x000F7B05,
0x21040080,
0x7B056A14,
0x78247B05,
0x2A400200,
0x78247B05,
0x2A400300,
0x78247865,
0x50331DFC,
0x9000C001,
0x20000F8E,
0x000F02E0,
0x8600C040,
0xC000B8AF,
0xC040C000,
0xB88FC040,
0xC0001D91,
0x1018C001,
0x20300F80,
0x000F0330,
0xC040C000,
0x206C0340,
0xC0401302,
0x3101710C,
0x78382053,
0x0341C000,
0x7825C040,
0xC0001DA5,
0x10188600,
0xC040C000,
0xB8A4C040,
0xC000B884,
0xC040C000,
0x1D911018,
0x16F09000,
0x20850006,
0x50331D8D,
0x1018C003,
0x101C0081,
0x0F0201E0,
0xC0028600,
0xC040C000,
0xB8A4C040,
0xC0001D91,
0x101816F0,
0x90002084,
0x0FF95033,
0x1D8D1018,
0x17909000,
0x206C0040,
0x50331F90,
0x9000C004,
0x80002004,
0x0F81FFFF,
0xBFDFC004,
0x1A0B3058,
0xA020C0A7,
0x1404341B,
0xC6C678E0,
0xC2E61CFC,
0xB6C8C1A2,
0xC04026F0,
0x70000008,
0x2FB44220,
0x229F0A81,
0xC0412000,
0x0F8C000F,
0x03E884A0,
0x46CB0008,
0x797347CB,
0x00087928,
0x1A0B3358,
0xA4A0C000,
0x209F0F09,
0x621A665B,
0x2D4116C0,
0xAB1340A1,
0x675F20AD,
0x0D42AF01,
0xC00125AD,
0x1481AFA0,
0x20000F8D,
0x000F0448,
0x8500E60B,
0xB829AB14,
0x841A20AD,
0x02C2AF02,
0x14D81600,
0x50332053,
0x014B20AD,
0x09821F20,
0x12C4B70F,
0x14D91600,
0x2053018B,
0x1F1C12C4,
0x43085033,
0x23AD11C4,
0x20AD0C04,
0x1F1A12C4,
0xB70C14DA,
0x160020AD,
0x0244B70B,
0x14DB1600,
0x232F1007,
0x1F1412C4,
0x430823AD,
0x1A031F12,
0x12C44308,
0x503323AD,
0x140320AD,
0x0DC21F10,
0x12C4B707,
0x14DC160B,
0x23531140,
0x1A0B32D8,
0xB70614DD,
0x1600B8C5,
0x1F2C1002,
0x406120AD,
0x0982B705,
0x14DE161E,
0x26533140,
0x1F2B1002,
0x200A0780,
0x20AD0982,
0x1F2A1002,
0x406120AD,
0x0B02B704,
0x1A0B3798,
0x14DF161E,
0x26533140,
0x1F291002,
0x200A0780,
0x20AD0B02,
0x1F281002,
0x406120AD,
0x0C82B703,
0x1A0B3798,
0x14E0161E,
0x23AD1E02,
0x1F0412C4,
0x26533140,
0x1F271002,
0x200A0780,
0x20AD0982,
0x1F261002,
0x200A0780,
0x20AD0B02,
0x1F251002,
0x200A0780,
0x20AD0C82,
0x1F241002,
0x1A0B3798,
0x14D71600,
0xB8C81F40,
0x100414AB,
0x961B1A0B,
0x36D814AC,
0x961E1A0B,
0x37981500,
0x100B84B7,
0x1A0B3358,
0x14AD9600,
0x2053019F,
0x1B0407C2,
0x471827AD,
0x31C31B03,
0x07C24718,
0x27AD3B82,
0x1B0507C2,
0x2353321F,
0x23AD3404,
0x1F4217C4,
0x1F4416C4,
0x503314AE,
0x960020AD,
0x01C3AB01,
0x200A0780,
0xB8C826AD,
0x32441F46,
0x10041F48,
0x178414AF,
0x961E200A,
0x0780B8C6,
0xAB00200A,
0x078020AD,
0x09C21F4A,
0x100262D8,
0x2353120E,
0xB0C01A0B,
0x379814B0,
0x960E2200,
0x0F8F0008,
0x79842E41,
0x1200AB07,
0x2E411400,
0xAB082E41,
0x1600AB09,
0x40A1B8C8,
0xB70040A1,
0x22000F8F,
0x00087982,
0x20AD0244,
0xB7002200,
0x0F800008,
0x798025AD,
0x1484ABC6,
0xB0A01A0B,
0x33981424,
0x90002200,
0x0F8D0008,
0x798820AD,
0x03C2AB17,
0x14489000,
0x20AD0B86,
0xB5001420,
0x90002200,
0x0F8D0008,
0x798C72C3,
0x0008798E,
0xB8C3AB18,
0x14609000,
0x50332053,
0x004EB828,
0x20440100,
0x78C5B500,
0x141C9000,
0xB83B2053,
0x00CBB8C0,
0x1A0B32D8,
0xB2001460,
0x90002841,
0x03C25033,
0x22840C03,
0x20AD0901,
0x78450963,
0x0171AB1D,
0xC00045CB,
0x00085D70,
0x205F0300,
0x651DC001,
0x20000F8E,
0x000F0310,
0x860020AD,
0x0D02AD00,
0x860820AD,
0x0B8609DE,
0x0320B501,
0xB5011661,
0x96012153,
0x0140AD04,
0x402020AD,
0x0C82AD07,
0x40201A0B,
0x305820AD,
0x0B0221AD,
0x0982AD06,
0xAD251662,
0x9600B8C5,
0xAD08C0A2,
0x1404341B,
0xC6C678E0,
0xC1E2091B,
0x0435C1A1,
0x43C30008,
0x001B8B60,
0xDC6EBBE0,
0x24CA1DE2,
0xF00B2200,
0x30031338,
0x0083BB04,
0x23300F8C,
0x00081288,
0xBC3526F0,
0x700D0008,
0x2FB47C8F,
0xB9C42500,
0x1F83000F,
0x01588300,
0xC040C000,
0x20840020,
0xC040C000,
0x7885C040,
0xC0002500,
0x1F8C000F,
0x03B8A300,
0x8400C040,
0xC000B8AA,
0xC040C000,
0xC040C000,
0x1B980018,
0x14E49000,
0xC040C000,
0xB8BEC040,
0xC000B89E,
0xC040C000,
0x1B910018,
0x6A152084,
0x080F7905,
0x84002004,
0x0F80FFFF,
0xF4007825,
0x50331B98,
0x001814E4,
0x9000B89C,
0xB89D5033,
0x1B910018,
0x14E89000,
0xC040C000,
0xB8A0C040,
0xC000B880,
0xC040C000,
0x1B920018,
0x8400C040,
0xC000B8AA,
0xC040C000,
0xB88AC040,
0xC0001B98,
0x0018C5C2,
0xC2E61CFC,
0xB6C8C1A5,
0x4328239F,
0x1202C043,
0xDF3FBF06,
0x23001F81,
0x00080330,
0x810481AB,
0xC042B826,
0x20040F83,
0x03800000,
0xC00326F0,
0x70000008,
0x2FB4C041,
0x20000F8E,
0x000F0080,
0x86002004,
0x0F82FC7F,
0xFFC0C002,
0x7A658168,
0x20AD0DC2,
0x78455033,
0xA600C001,
0x70C3000F,
0x00A8C044,
0x8000C040,
0xC0002004,
0x0F80FF83,
0xFFFFC040,
0xC0022004,
0x0F82007C,
0x0000C000,
0x7845C040,
0xC000A60A,
0x16C49000,
0x206C048C,
0x8107B83A,
0x7C056B16,
0x200403C2,
0x7A852004,
0x0F800007,
0xF0007845,
0x50331EC4,
0x900016C8,
0x9000206C,
0x04822B41,
0x03407845,
0x81695033,
0x1EC89000,
0x16CC9002,
0x7C7D4081,
0xB8C8226C,
0x04027A05,
0x24041F80,
0x0001FE00,
0x78455033,
0x1ECC9000,
0x16D09000,
0x206C0682,
0x2B410480,
0x816A7845,
0x2F401242,
0x2B40034C,
0x7A847A05,
0x2F4013C0,
0x78847845,
0x50331ED0,
0x900016D4,
0x90002F40,
0x130C206C,
0x05C22B41,
0x03807A05,
0x2D4013C0,
0x78847845,
0x50331ED4,
0x900016D8,
0x9000816E,
0xC040C000,
0x206C0140,
0xC040810D,
0xC2004718,
0x20AD0A02,
0x7845C040,
0xC0002F41,
0x33821ED8,
0x900016DC,
0x9000206C,
0x05C07A05,
0x2B400400,
0x78847845,
0x50331EDC,
0x900016E0,
0x9000BB28,
0x206C05C0,
0x78655033,
0x1EE09000,
0xC00143C3,
0xFE00FE00,
0x20000F9B,
0x000F047C,
0x4067C040,
0xC0002084,
0x0038C040,
0xC20040A1,
0x20AD0244,
0x7845C040,
0xC0001EFF,
0x1018131E,
0xB60C8101,
0x7C642841,
0x05C22205,
0x031E6852,
0x44CB01FF,
0x00007A84,
0x22050782,
0x1A0B3098,
0xA65D131F,
0xB60220AD,
0x01447A64,
0x7A0540C3,
0x00080330,
0x23301000,
0xDB7FBB07,
0xB8277884,
0x7A051A0B,
0x3098A65E,
0x16F89000,
0x6F57C040,
0xC0002004,
0x0F80FFF8,
0x1FFFC040,
0x2D411140,
0x7A04C000,
0xBD397845,
0xC040C000,
0x814C1EF8,
0x900016F4,
0x90006A93,
0xBA39206C,
0x06C078A5,
0x2304030D,
0x7D05D87F,
0xB8157884,
0x7D05D87F,
0xB80E7884,
0x78A55033,
0x1EF49000,
0x2F40314C,
0x78FB7884,
0x7A0516F8,
0x90008182,
0xDDFF206C,
0x03007845,
0x50331EF8,
0x90001322,
0xB6022C40,
0x13C0BD0F,
0x47CBFF80,
0x7F0078A4,
0x7AE47A05,
0x408120AD,
0x0A037845,
0x50331E84,
0x10001321,
0xB602789D,
0x78A4BC38,
0x81237885,
0x7F4478E5,
0x50331E80,
0x1000783B,
0xBD977D04,
0x8604B931,
0x20040F82,
0xFF00003F,
0x7AA5216C,
0x01407845,
0x5033A604,
0xC004C102,
0x704C8000,
0xB9D1206C,
0x04407825,
0x5033A60A,
0xC0012000,
0x0F8D000F,
0x07CC8520,
0x23550A00,
0x78255033,
0x1BD43018,
0x8500702C,
0x20040F80,
0xFFFFC020,
0x50331BD4,
0x30181690,
0x90002045,
0x00C05033,
0x1E909000,
0x0C0EFFEF,
0xC003C001,
0x20300F80,
0x000F03B8,
0x08F7831E,
0xC00142C3,
0x000F02D0,
0x60598100,
0xE2242255,
0x0A83C040,
0xC000B8A0,
0xC040C000,
0xB880C040,
0xC000A100,
0xC0016040,
0xB8A05033,
0xA109C80B,
0xB8805033,
0xA109C80B,
0xB8805033,
0xA109C80B,
0xB8805033,
0xA109C80B,
0xB8A05033,
0xA1098100,
0xC040C000,
0xB8A0C040,
0xC000C040,
0xC000A100,
0xC001621A,
0x631B12A8,
0x0000B8BC,
0xB8BDB8BE,
0x503319CC,
0x00008301,
0xC040C000,
0xB8A0C040,
0xC000B880,
0xC040C000,
0x19D00000,
0x11508600,
0x206C0040,
0x50331950,
0x80188500,
0xB8A5B8AE,
0x5033A500,
0xC0A51404,
0x341BC6C6,
0xC3E2C1A1,
0x26F0700D,
0x00082FB4,
0x25001F8C,
0x000F03B8,
0x8460236D,
0x02831A0B,
0x30D8EB86,
0x0B2EFFCF,
0x700CC7C2,
0x8400206D,
0x03005033,
0x7014700C,
0xF3F98400,
0xC040C000,
0xB8AAC040,
0xC000C040,
0xC000A400,
0x8400206D,
0x03005033,
0xE8FC2500,
0x1F80000F,
0x039C8020,
0x0E4AFC8F,
0x710CC7C2,
0xC2E61CFC,
0xB6C8C1A3,
0x26F0701B,
0x00082FB4,
0xC141C042,
0x23003F8F,
0x000F0010,
0x87002300,
0x3F8E000F,
0x00AC70AD,
0xC040C000,
0xB8ADC040,
0xC000B88D,
0xC040C000,
0xA7008600,
0xB8BCB8BD,
0xB89D5033,
0x1F9C1000,
0xE5BF008E,
0x000D2300,
0x3F81000F,
0x07288140,
0x21800126,
0x21000F8C,
0x00000404,
0x8400C040,
0xC0002084,
0x0020C040,
0xC001C302,
0x207D0080,
0x239F051F,
0x209F0385,
0x631B2A41,
0x01402084,
0x0F81631A,
0x40C30008,
0x90A66210,
0xC200B8CA,
0x7845C040,
0xC000A400,
0x81408100,
0x26067081,
0x40000000,
0xC040C000,
0xB8BEC040,
0xC0007825,
0xC040C000,
0xA6000CA2,
0x0360D864,
0x23303F80,
0x000F03F4,
0x205380FE,
0xF5FA71A5,
0xF1BA8600,
0x23003F8D,
0x000F00B4,
0xB8BCB8BD,
0x5033A600,
0x870070CD,
0xC040C000,
0xB8ADC040,
0xC000C040,
0xC000A700,
0x8700C040,
0xC000B8AF,
0xC040C000,
0xB88FC040,
0xC000A700,
0x8500B8AC,
0xB8ADB88C,
0x5033A500,
0xE6BF008A,
0x000D2300,
0x3F81000F,
0x07288140,
0x21800326,
0x21000F8C,
0x00000404,
0x8400BAC5,
0xC040C000,
0x20840020,
0xC040C001,
0xC302207D,
0x0080239F,
0x051F209F,
0x03856078,
0x785470C3,
0x000890A6,
0x10800100,
0xC200B8CA,
0x7845C040,
0xC000A400,
0x81408100,
0x26067081,
0x00004000,
0xC040C000,
0xB8AEC040,
0xC0007825,
0xC040C000,
0xA5000BD2,
0x0360D864,
0x23303F80,
0x000F03F4,
0x208B801C,
0xF5FA71C5,
0xF1BC8500,
0xB8ACB8AD,
0x5033A500,
0x8700C040,
0xC000B8AF,
0xC040C000,
0xC040C000,
0xA700C0A3,
0x1404341B,
0xC6C678E0,
0xC3E6C1B6,
0x4508B806,
0x1BB8B000,
0x70C30008,
0x01581BD8,
0xB0008809,
0x46281BEC,
0xB080B8E4,
0x710C0640,
0x00611BE0,
0xB00013EC,
0xB00042C3,
0x00080018,
0x41C30008,
0x83180825,
0x01301BB3,
0xB00340A1,
0x209F080D,
0x60388803,
0x0811005F,
0x824540C3,
0x00082C2C,
0xBA26F007,
0x824540C3,
0x00082AE0,
0xBA2A1BD4,
0xB0002253,
0x00C01BF0,
0xB000B804,
0x73042084,
0x0C031BAC,
0xB7002402,
0x301CC081,
0x0C42FC6F,
0x1BB4B000,
0x42A1229F,
0x080D208A,
0x00441BCC,
0xB00040C3,
0x01000100,
0x1BC8B000,
0x61581052,
0x06031BF8,
0xB000702C,
0x2B410700,
0x761405A8,
0x006D1BE0,
0xB0402024,
0x0000001F,
0x00000207,
0x0000026B,
0x00000325,
0x00000491,
0x004004EF,
0x00400555,
0x004041C3,
0x00088464,
0x0EC71010,
0x704C13F0,
0xB0007C4F,
0x0C431025,
0x4768255F,
0x13C027AD,
0x1542708D,
0x60F82000,
0x0F8B0008,
0x5DDC70C3,
0x00085DA0,
0xA880255F,
0x1F001B00,
0x13027144,
0x78F52000,
0x0F8F0008,
0x60D070C3,
0x000861C0,
0xA780A080,
0xF1DD0B6E,
0xFC8F2000,
0x0F82000F,
0x02D00CB2,
0xFC8FB8A0,
0x1BFCB000,
0x13FCB000,
0xB8800926,
0xFC8F40A1,
0x209F080D,
0x611913D8,
0xB0001904,
0x0FC18005,
0x206C0102,
0x13F8B000,
0x1052060B,
0x13D8B000,
0x2B411403,
0x2353010C,
0x7A85A045,
0x80E48100,
0x27AD1C41,
0x20040F82,
0x83FFFFFF,
0x13F0B000,
0x240013DE,
0x260CB000,
0xD81F00D8,
0x0026B81A,
0x2E40369E,
0xF06C2304,
0x0F80F000,
0x3FFF2005,
0x0F830C00,
0x000013F8,
0xB0001852,
0x00D82200,
0x0F830008,
0x866E700C,
0xB3006158,
0x41C300FF,
0xFFFFA021,
0x0AC6FC8F,
0x20000F81,
0x000F02DC,
0x81000972,
0xFC8FA100,
0x810008FE,
0xFC8FB8A5,
0x08F6FC8F,
0xB8851BFC,
0xB00013FC,
0xB000A100,
0x81010952,
0xFC8FA101,
0x11F48000,
0x1BFCB000,
0x13FCB000,
0xB8A01BFC,
0xB00013FC,
0xB000B880,
0x08C6FC8F,
0x19F48000,
0x810208BE,
0xFC8FB8DB,
0x08B6FC8F,
0xB89C08B2,
0xFC8FA102,
0x81042045,
0x00C0A104,
0x40C30901,
0x102819A0,
0x801840C3,
0x4D119029,
0x19A18018,
0x40C36619,
0xF05619A2,
0x801840C3,
0x0019F0AC,
0x503319A3,
0x8018F027,
0x13F0B01E,
0x2E40369E,
0x2600301E,
0x20040780,
0x78452004,
0x0F82FC1F,
0xFFFF0C17,
0x13E4A100,
0x4BF0B815,
0x20040F80,
0x03E00000,
0x7A05A140,
0x23041F80,
0xFC00FFFF,
0x22040F81,
0x03E00000,
0x7825B925,
0x79050E2E,
0xFC4F0B3E,
0xFC8F204F,
0x07010E22,
0xFC4F0EAA,
0xFC4F0A2D,
0x057F2A41,
0x04C013F8,
0xB00013D4,
0xB0011052,
0x06022A41,
0x04402084,
0x0C076119,
0xEE092A41,
0x068C226D,
0x0380F009,
0x09B2FC8F,
0xF00A2A41,
0x06CC226D,
0x03C07043,
0x104A0083,
0x24441040,
0x70431048,
0x00820E72,
0x022040A1,
0x40A1712C,
0x0DFEFFAF,
0x744C0AD6,
0xFC8F204F,
0x07410DBA,
0xFC4F0B22,
0xFC8FB8EC,
0x03240041,
0x82000FAE,
0xFC4FB8AA,
0x0F2EFC4F,
0x82000801,
0x031F71C3,
0x000F039C,
0x810042C3,
0x8FFFFFFF,
0x78445033,
0xA1008101,
0xBABB1BFC,
0xB00013FC,
0xB000B8A0,
0x1BFCB000,
0x13FCB000,
0xA1012200,
0x33401808,
0x00432615,
0x73400008,
0x5CEC1800,
0x0001116C,
0x86000F5A,
0xFC4F206C,
0x03800F52,
0xFC4FB88A,
0x0F4AFC4F,
0x196C8018,
0x116B8600,
0x0F3EFC4F,
0x78440F3A,
0xFC4F734C,
0xBA1C7845,
0x0F2EFC4F,
0x196B8018,
0x111D8600,
0x1BFCB000,
0x13FCB000,
0xB8B70F1A,
0xFC4FB897,
0x0F12FC4F,
0x191D8018,
0x13F8B000,
0x10520601,
0xB9DB7945,
0x18520058,
0x40A10BD6,
0x01A0702C,
0xE87C08A6,
0xFC8F1BD0,
0xB0002000,
0x0F82000F,
0x001009E6,
0xFC8FB8B7,
0x0E62FC4F,
0x12A10601,
0x1A0B3058,
0x12A20603,
0x1A0B30D8,
0x12E80600,
0x781D2044,
0x80405033,
0x294005C0,
0xB85FB9C8,
0x20840038,
0x20050042,
0x2B400380,
0xB85F23AD,
0x02442084,
0x00382005,
0x00C1F210,
0x13F8B000,
0x88030819,
0x007F4950,
0x0A8AFC0F,
0x41C34040,
0x00000E32,
0xFBCFF005,
0x0A7AFC2F,
0x4950D93F,
0x0B9AFC2F,
0xB9180F66,
0xFC0F1BDC,
0xB00013D0,
0xB0002030,
0x0F80000F,
0x007C1BE4,
0xB00026F0,
0x73400008,
0x5CEC0A26,
0xFC0F4708,
0x0A1EFC2F,
0x13DCB000,
0x41000DEE,
0xFBEF40E1,
0x0F2EFC0F,
0x13E4B001,
0x71D521AD,
0x00C31BE4,
0xB04013F8,
0xB0011152,
0x060FF4C6,
0x255F1F01,
0x42E122AD,
0x054213DC,
0xB0031BE8,
0xB0407955,
0x21000F8C,
0x000860D0,
0x71C30008,
0x61C0A100,
0x27001F80,
0x00200000,
0x20040F81,
0x03E00000,
0x13D0B000,
0xA4602704,
0x1F8EFC1F,
0xFFFF7E25,
0x20300F8B,
0x000F03E8,
0x13F8B000,
0xB9351A0B,
0x32D81852,
0x0398255F,
0x13C0259F,
0x180D1BEC,
0xB0002530,
0x1F8C0008,
0x8464621A,
0x40612200,
0x0F830008,
0x5DA0B8C6,
0x4589AB00,
0x406125AD,
0x168272C3,
0x00085DDC,
0x20AD0D42,
0x71B101E8,
0x002EAA00,
0x24AD1542,
0x706C264A,
0x30001BF0,
0xB30013F0,
0xB0007A0F,
0x755001D2,
0x0025786F,
0x13CCB081,
0x276D1380,
0x08410061,
0x276D168B,
0x13C8B081,
0x0B351041,
0x13ECB001,
0x40C30008,
0x5DDC6159,
0x2132000B,
0x40C30008,
0x2AD88000,
0x089902C4,
0x40C30008,
0x5DA06109,
0x13E4B000,
0xB8660983,
0x0003F042,
0x13CFB081,
0x703041C3,
0x00082AB0,
0xF41913CB,
0xB080276D,
0x168B0B2B,
0x100113EC,
0xB00B40C3,
0x00085DDC,
0x2300108B,
0x2332101F,
0x81090F55,
0x300440C3,
0x00085DA0,
0x23321001,
0xF01A13EC,
0xB01F40C3,
0x00085DDC,
0x2700309F,
0x2732300B,
0x81090B31,
0x1004810A,
0x082902C4,
0x40C30008,
0x5DA02732,
0x300113E4,
0xB000B866,
0x09150002,
0x13E4B000,
0x7604080D,
0x0044260F,
0x309E7164,
0x13F0B000,
0x71041BF0,
0xB000F191,
0x42A1276D,
0x13C1229F,
0x0C034328,
0x219F0E01,
0x276D16DE,
0x6159265F,
0x3F02615B,
0x41E121AD,
0x05427B35,
0x23000F82,
0x00086C30,
0xA20013EC,
0xB0000849,
0x011013F8,
0xB0008803,
0x083D005F,
0x27041F80,
0x0B808000,
0x082D0F80,
0x00008000,
0x27041F80,
0x03800000,
0x263C700C,
0x01600000,
0x40C30800,
0x80002004,
0x03CEB8AF,
0x20380380,
0x788BF204,
0x1A000FC1,
0x13DCB000,
0x23000F82,
0x00086870,
0xA200235F,
0x1782255F,
0x1F001BBC,
0xB000621A,
0x265F33C0,
0x6058603A,
0x13D0B000,
0x22000F8C,
0x00085FE0,
0x72C30008,
0x62B02000,
0x0F83000F,
0x03E88300,
0xB8C6AC00,
0x830020AD,
0x0D42AA00,
0x13F0B000,
0x77040973,
0x002340A1,
0x27001F81,
0x00200000,
0x27041F80,
0x0C1FFFFF,
0x21040F81,
0x03E00000,
0x7825204F,
0x0701F045,
0x265316C1,
0xF040083D,
0x0050088B,
0x00114381,
0x786F0D83,
0x1004260F,
0x301E7164,
0xF1FA0E23,
0x302EB810,
0x26041F81,
0xFFE0FFFF,
0x20040F8E,
0x001F0000,
0x13F8B000,
0x7E251852,
0x03987185,
0x788F0DDF,
0x90050417,
0x0000209F,
0x080D2000,
0x0F810008,
0x866E9100,
0x73140144,
0x00267104,
0xB1007A10,
0x23423E00,
0x60482704,
0x1F81041F,
0x7FFFB8C0,
0xB81B7905,
0x23423D00,
0x6048B8C0,
0xB80F7905,
0xB99C13F8,
0xB000068D,
0x00201852,
0x0058700C,
0x774C776D,
0x77EF702C,
0x70ED1BE0,
0xB3C01BF0,
0xB0404100,
0x788F4769,
0x0D611024,
0x43480E27,
0x300E13E8,
0xB0027A15,
0x40C30008,
0x61C06200,
0x0B1F1025,
0x42000F21,
0x10254261,
0x0F2D3025,
0x42614020,
0x13F0B001,
0x426143E9,
0xF00C47F9,
0x4081F006,
0x430847F9,
0x40204181,
0x13F0B00F,
0x1BE0B3C0,
0x7185F1D5,
0x47184020,
0x13F0B001,
0x43E91BE0,
0xB300F1F8,
0x786F7214,
0x13F0B002,
0x13E0B000,
0x13E8B003,
0x13E8B00C,
0x20CA0081,
0x1BE0B000,
0x13F0B000,
0x792F7C35,
0x7A0F7B55,
0x40C30008,
0x60D06303,
0x40C30008,
0x60D06404,
0x0C2310C4,
0x13E0B000,
0x7D0F13E8,
0xB0002015,
0x034D40C3,
0x000860D0,
0x65007410,
0x02560026,
0xB9100B25,
0x030413E0,
0xB000790F,
0x13E8B000,
0x20150041,
0x40C30008,
0x60D06100,
0x731002C0,
0x0026BA10,
0x13E0B000,
0x26041F8E,
0xFFE0FFFF,
0xB8C402BD,
0x0020B810,
0x700C1BDC,
0xB0001BEC,
0xB0001BE8,
0xB00013EC,
0xB0007414,
0x01000026,
0x23423E01,
0x13ECB000,
0x736C610F,
0x23423D01,
0x610E2300,
0x3F80FFFF,
0xFFB3C040,
0x41A140C1,
0x219F0C03,
0x209F0E01,
0x13F0B002,
0x6119275F,
0x1F007ACA,
0x603813B4,
0xB00170C3,
0x00086C30,
0x795613F0,
0xB0027AEA,
0x79550832,
0xFDAF13F0,
0xB0022342,
0x310013B3,
0xB08278D4,
0x60F8A840,
0x27141381,
0x13E8B000,
0x718D200F,
0x00401BE8,
0xB00013CC,
0xB08043C3,
0x00082AB0,
0x0E251021,
0x7C3813C8,
0xB0800F1D,
0x10010B42,
0xFC4F6209,
0x830A0855,
0x00440E92,
0xFC4F094D,
0x0002F02A,
0x0B2AFC4F,
0x13CFB081,
0x2232000B,
0x0E1D1061,
0x830913CB,
0xB0810F15,
0x10410B2D,
0x100440C3,
0x00085FE0,
0x6209F00B,
0x0B1D1004,
0x830A0819,
0x02C40E56,
0xFC4F0911,
0x000213E4,
0xB0007604,
0x08110045,
0x13E8B000,
0x7886B8C3,
0x1BE8B000,
0x13ECB000,
0x71041BEC,
0xB000F17F,
0x13E8B000,
0x08370255,
0x13E8B000,
0x20240000,
0x00250000,
0x023B0000,
0x02510000,
0x001F0000,
0x025D0000,
0x00170000,
0x00130000,
0x000F0000,
0x02610000,
0xD80F1BE8,
0xB000770C,
0x77EF1BE4,
0xB000702C,
0x706D708D,
0x700C704C,
0x1BC0B080,
0x1BC4B080,
0x470813DC,
0xB0004689,
0x442808BD,
0x01351BEC,
0xB7C013DC,
0xB0002342,
0x3E01610B,
0x23423D01,
0x610A13E8,
0xB0002314,
0x0081083F,
0x004E13F0,
0xB00113B4,
0xB000794A,
0x20160041,
0x13F0B000,
0x786A7915,
0x23423100,
0x78542032,
0x00DE13EC,
0xB00021F0,
0x0781081F,
0x00654738,
0x13E4B000,
0x082F0065,
0x40E113EC,
0xB01F4181,
0x44C940E1,
0xF01B13EC,
0xB000210A,
0x07801BE4,
0xB0004389,
0x44484060,
0x1BC0B380,
0x1BC4B3C0,
0xF00D13EC,
0xB01F1BE4,
0xB0404181,
0x230A1780,
0x44C91BC0,
0xB0801BC4,
0xB0C013DC,
0xB0027144,
0x1BDCB080,
0xF1A82604,
0x1F8EFFE0,
0xFFFF2104,
0x0F80001F,
0x0000F046,
0x13C0B000,
0x42A1229F,
0x0C03D978,
0x782A6219,
0x13C4B000,
0x205F0F00,
0x60382015,
0x02C140C3,
0x00086870,
0x610140C1,
0x209F0E01,
0x621A275F,
0x1F00621A,
0x7A9540C3,
0x00086870,
0x620213F8,
0xB0007230,
0x702C1052,
0x061ED81F,
0xB8100144,
0x0026B98E,
0x2B40140B,
0x2304100B,
0x13C0B000,
0xB80E7824,
0x200502C1,
0x13C4B000,
0xB81A2004,
0x0F800400,
0x0000F098,
0x26041F8E,
0xFFE0FFFF,
0x22040F80,
0x001F0000,
0x7E0513F8,
0xB0001852,
0x039813D8,
0xB0008810,
0x087300BE,
0x26AD1402,
0x13D0B000,
0x20000F82,
0x000F0310,
0x822013EC,
0xB00021AD,
0x0D02661E,
0x40C30008,
0x5DDC660C,
0x40C30008,
0x2AB0806A,
0x0B1D0325,
0x1A0B3058,
0x098AFC4F,
0x29400500,
0xD93BB914,
0x6038B996,
0x7904F010,
0x80090C27,
0x1025B914,
0x096EFC4F,
0x21000F80,
0x00500000,
0x20040F81,
0x03F00000,
0x13FCB000,
0x78250E5E,
0xFC0F13F8,
0xB0001052,
0x06022253,
0x06C1B99E,
0x18520058,
0xBA2B13D8,
0xB0002284,
0x080F8025,
0x218407F0,
0x7945A025,
0x02190020,
0x700C13F8,
0xB00013FC,
0xB0811052,
0x0600B9C4,
0xB9102004,
0x0F80FBE0,
0xBFFFF031,
0x0D86FC0F,
0x13FDB080,
0xB8C4B810,
0x7825204F,
0x0681F028,
0x0D72FC0F,
0x13FEB080,
0xB8C4B810,
0x7825204F,
0x0381F01E,
0x0D5EFC0F,
0x13FFB080,
0xB8C4B810,
0x78252005,
0x0F810400,
0x4000F012,
0xBC10BE0E,
0x788479C4,
0xBF1A7905,
0x27041F80,
0x04000000,
0x78252604,
0x3F81FBE0,
0xBFFF7905,
0x0C26FC0F,
0x13D8B000,
0x88100883,
0x009E13D0,
0xB0002000,
0x0F82000F,
0x0310216D,
0x0380205F,
0x078C8260,
0x13BCB000,
0x23AD0D02,
0x641C216D,
0x0680205F,
0x03C021AD,
0x04026098,
0x611940C3,
0x000862B0,
0x610940C3,
0x00082AB0,
0x808A0C17,
0x10651A0B,
0x30D80E8E,
0xFC0F70C3,
0x03600000,
0xF0098009,
0x09270005,
0x0E7AFC0F,
0x70C300A0,
0x00002004,
0x0F8103F0,
0x000013F4,
0xB0007825,
0x1BF4B000,
0x13F4B000,
0xA20013F8,
0xB0001052,
0x0600B8DB,
0x20050F81,
0x50000000,
0x0B8AFC0F,
0x0C12FC0F,
0x0A2F057F,
0x2A4104C0,
0x13F8B000,
0x13D4B001,
0x10520602,
0x2A410300,
0x20840C07,
0x6119226D,
0x03807043,
0x104A0083,
0x226D0680,
0xF0030F1A,
0xFC0F7043,
0x10480082,
0x0BEA01E0,
0x40A140A1,
0x712C0B7A,
0xFF6F744C,
0x13F8B000,
0x10520600,
0xB8DB2005,
0x0F815000,
0x00000B2A,
0xFC0F0892,
0xFC4F0899,
0x031E8200,
0x1BF4B000,
0x13F4B000,
0xB8AA1BF4,
0xB00013F4,
0xB000A200,
0x82000801,
0x031F71C3,
0x000F039C,
0x8100DA0C,
0xB8BCB8BD,
0xB8BE5033,
0xA1008101,
0x1BF4B000,
0x13F4B000,
0xB8A01BF4,
0xB00013F4,
0xB000A101,
0x40A10BFE,
0xFEEFD90A,
0x0FE2FC0F,
0x20050F83,
0x60000000,
0x13F8B000,
0x185200D8,
0x13F8B000,
0xBBDB1852,
0x00D80E6A,
0xFC0F70C3,
0x000F02D0,
0x80201BF4,
0xB04013F4,
0xB001B9A0,
0x1BF4B040,
0x13F4B001,
0xA020710C,
0x1BE0B000,
0x13ACB01C,
0x13E0B000,
0xC7C678E0,
0xC0E61CFC,
0xB6C8C1A1,
0x26F07001,
0x00082F94,
0x42C3000F,
0x02C826F0,
0x700C0008,
0x2FB4706D,
0x6143E218,
0x645F23AD,
0x0B821A0B,
0x30D88720,
0x24001F8E,
0x000F02D0,
0x2242011B,
0xC140C100,
0xB9ACC140,
0xC100B98C,
0xC140C100,
0xA72017F0,
0x9001C140,
0xC100B9A4,
0xC140C100,
0xB984C140,
0xC1001FF0,
0x904017FC,
0x9001C140,
0xC100B9B1,
0xC140C100,
0xB991C140,
0xC1001FFC,
0x90400BEF,
0x10B570AD,
0x0DE31215,
0x24001F9E,
0x000F030C,
0x16003001,
0xC140C100,
0x21040F81,
0xFE0FFFFF,
0xC1402332,
0x1F810008,
0x2F8061B9,
0xB9142104,
0x0F8201F0,
0x0000C100,
0x7945C140,
0xC10042C3,
0xFFE003FF,
0x1E003040,
0x24001F9E,
0x000F0328,
0x0B171051,
0x16003001,
0xC140C100,
0x7944C140,
0xC100B990,
0xF01B1600,
0x3001C140,
0xC1007944,
0xC1404200,
0x237D0081,
0x229F051F,
0x219F0385,
0x623A7AB4,
0x22340F81,
0x000891A6,
0xB90A2104,
0x0F82001F,
0xFC00C100,
0x7945C140,
0xC1002400,
0x1F82000F,
0x02F471A5,
0x1E003040,
0x8220C140,
0xC100B9A4,
0xC140C100,
0xC140C100,
0xA2208220,
0xC140C100,
0xB9A4C140,
0xC100B984,
0xC140C100,
0xA2208220,
0xC140C100,
0xB9A4C140,
0xC100C140,
0xC100A220,
0xF1907165,
0xF18B8700,
0xC040C000,
0xB8ACC040,
0xC000C040,
0xC000A700,
0x8600C040,
0xC000B8A4,
0xC040C000,
0xC040C000,
0xA6002330,
0x3300C040,
0xC000B8B1,
0xC040C000,
0xC040C000,
0x1FFC9000,
0x74871404,
0x341BC4C6,
0xC1A142C3,
0x0008002D,
0x8A400ADB,
0x00FE4300,
0x26F070C3,
0x00082FB4,
0x23000F82,
0x000F03D4,
0x8200206D,
0x01405033,
0xE8B28200,
0xC040C000,
0x20840FFC,
0xC0406916,
0x790FC000,
0x7825C040,
0xC0002300,
0x0F81000F,
0x03A0A200,
0x8100C040,
0xC000B8A6,
0xC040C000,
0xB886C040,
0xC000A100,
0x8200C040,
0xC000B8A5,
0xC040C000,
0xB885C040,
0xC000A10D,
0x8100C040,
0xC000B8A5,
0xC040C000,
0xB885C040,
0xC000A100,
0x700CF02E,
0x8200206D,
0x02005033,
0x7014700C,
0xF2268200,
0xC040C000,
0xB8A5C040,
0xC000C040,
0xC000A200,
0x8200206D,
0x02005033,
0xE8FC2300,
0x0F80000F,
0x03A08020,
0xC140C100,
0xB9A6C140,
0xC100C140,
0xC100A020,
0x8020C140,
0xC100B9A5,
0xC140C100,
0xC140C100,
0xA020710C,
0x7FE07487,
0xC3E6C1A1,
0x45084308,
0x217D0080,
0x239F151F,
0x209F0385,
0x41C30008,
0x909826F0,
0x735E0008,
0x2FB442C3,
0x1FFF0000,
0x2300100B,
0x71619101,
0x26003F8E,
0x000F04A8,
0x91E0B810,
0x20040083,
0x860044CB,
0xE000E000,
0xBFCC7884,
0x78E57865,
0x5033A600,
0x91E39162,
0x16FC9000,
0xBF10BBCC,
0x78847F44,
0x786578E5,
0x50331EFC,
0x90001651,
0x9600C040,
0xC0002004,
0x0F80F800,
0xFFFFC040,
0x9104B810,
0x20040F83,
0x07FF0000,
0xC0007865,
0xC040C000,
0x1E519018,
0x9166BB10,
0x7B449145,
0x8601BACC,
0x78847A05,
0x7B4540A1,
0x1A0B30D8,
0x0D56FD2F,
0xA6617543,
0x1D341043,
0x26003F82,
0x000F071C,
0x820040C3,
0x000891B6,
0x200002C1,
0x23341000,
0x9161B810,
0x78655033,
0x1E9D1018,
0x12FC8000,
0x91029163,
0xB8107865,
0x50331E9C,
0x101812F8,
0x80009104,
0x9165B810,
0x78655033,
0x1E9B1018,
0x12F48000,
0x91069167,
0xB8107865,
0x50331E9A,
0x101812E4,
0x800B9108,
0x9169B807,
0x20040F8C,
0x00003F80,
0x236C1340,
0xBBC67885,
0x78655033,
0x1E961018,
0x26303F8B,
0x000F076C,
0x910B6876,
0x910A2384,
0x0007B809,
0x20040F8C,
0x00000E00,
0x23041F80,
0xFFFFF03F,
0x78857865,
0x50331EB1,
0x101812CC,
0x8003910D,
0x6852910C,
0x22840F01,
0xB8072004,
0x0F810000,
0x0F802304,
0x0F80FFFF,
0xF0037825,
0x78455033,
0x1E901018,
0xC7C678E0,
0xC2E61CFC,
0xB6C8C1A3,
0x47084200,
0x217D0080,
0x229F051F,
0x4318209F,
0x038526F0,
0x73CD0008,
0x2FB46058,
0x25001F81,
0x000F03FC,
0x20000F82,
0x000890A6,
0x81002500,
0x1F8E000F,
0x00105033,
0x20530303,
0x20AD03C6,
0x1AF280C4,
0x1AF48004,
0x81015033,
0x20530303,
0x20AD03C6,
0x1AF880C4,
0x1AF68004,
0x810520AD,
0x04451AFA,
0x80048103,
0x50332053,
0x030320AD,
0x04061AFC,
0x80C41AFE,
0x80041105,
0x8600C040,
0xC000B8AD,
0xC040C000,
0xB88DC040,
0xC0001905,
0x80182500,
0x1F80000F,
0x00ACC042,
0x112C8600,
0xB89CB89D,
0x5033192C,
0x8018700C,
0xC041C001,
0xE0BF0074,
0x002D4163,
0x0B16FC0F,
0x22000F8C,
0xFFFFF984,
0x61198200,
0xB8252084,
0x0F816038,
0x20000F83,
0x000890A6,
0x124B8600,
0x25001F81,
0x000F0454,
0x20AD02C5,
0xB3008460,
0x84002606,
0x70C24000,
0x0000C040,
0xC000B8BE,
0xC040C000,
0x7845C040,
0xC0001916,
0x80180FF2,
0x02A0D864,
0x25301F80,
0x000F03F4,
0x205380FE,
0xF5FAC001,
0x7104F1C6,
0xC0028000,
0xC102B8BC,
0xB8BD5033,
0xA1008600,
0xC040C000,
0xB8ADC040,
0xC000A600,
0x8600C040,
0xC000B8AF,
0xC040C000,
0xB88FC040,
0xC000A600,
0x25001F80,
0x000F00B4,
0xC0428000,
0xC102B88C,
0xB88D5033,
0xA100700C,
0xC041C001,
0xE0BF0070,
0x002D4163,
0x0A56FC0F,
0x22000F8C,
0xFFFFF98C,
0x61198200,
0xB8C57914,
0x124B8600,
0x21000F83,
0x000890A6,
0x25001F81,
0x000F0454,
0xB8CA1B80,
0x00048460,
0x84002606,
0x70C20000,
0x4000C040,
0xC000B8AE,
0xC040C000,
0x7845C040,
0xC0001918,
0x80180F36,
0x02A0D864,
0x25301F80,
0x000F03F4,
0x208B801C,
0xF5FAC001,
0x7104F1C8,
0xC002239F,
0x3385279F,
0x151F2500,
0x1F8C000F,
0x00E48000,
0xC1027763,
0xB8ACB8AD,
0x5033A100,
0x86002500,
0x1F81000F,
0x00E0C040,
0xC000B8AF,
0xC040C000,
0xA60040C3,
0x000891A8,
0x671A8100,
0x4300BBCA,
0x5033B260,
0x27001F83,
0x000890A6,
0x20AD02C5,
0x1B80001C,
0x81015033,
0x28410543,
0x20AD0285,
0xB261B204,
0x11FC8000,
0x43005033,
0xBBCA20AD,
0x02C5B263,
0xB20211F8,
0x800E2500,
0x1F83000F,
0x04EC40C1,
0xB8CA1A0B,
0x3398B206,
0x830026AD,
0x12C5B2C5,
0x2841040D,
0xB208B2A7,
0x503313FC,
0x80005033,
0xB20AB830,
0xB20913F8,
0x80005033,
0xB20CB830,
0xB20B14FF,
0x16005033,
0xB20EB830,
0xB20D11FF,
0x06004408,
0x503324AD,
0x120320AD,
0x03C3B290,
0xB20F11FC,
0x060C2453,
0x1100B214,
0x408120AD,
0x0A84B216,
0x40811A0B,
0x331820AD,
0x0D0424AD,
0x1142B215,
0xB29311FE,
0x06004100,
0x503321AD,
0x008120AD,
0x0141B232,
0xB21113BA,
0x0601782F,
0xB21A2941,
0x0600B217,
0x40201A0B,
0x305820AD,
0x0A0321AD,
0x0C03B219,
0xB23813B9,
0x0600790F,
0xB23E2841,
0x0601B23B,
0x41005033,
0x21AD0A03,
0x20AD0C03,
0xB23DB21C,
0xC0A31404,
0x341BC6C6,
0xC2E61CFC,
0xB6C8C1A5,
0x4608269F,
0x180D4300,
0x260A3040,
0x26001F9F,
0x0008831C,
0x42EF2A41,
0x06C0E09C,
0x060A00AD,
0x70AD47CB,
0x00082F94,
0x43CB0008,
0x2FB443DB,
0x0008015C,
0x44CB0008,
0x86702024,
0x00000077,
0x00000189,
0x00000249,
0x000002EF,
0x000003CD,
0x00000473,
0x00000517,
0x000005CB,
0x000005E5,
0x00000671,
0x00000723,
0x000007DF,
0x00000093,
0x0040013F,
0x004001F3,
0x00400273,
0x00400313,
0x00400363,
0x004003B1,
0x004004BB,
0x00400549,
0x004005E3,
0x004006BF,
0x00400743,
0x004001A1,
0x00800351,
0x008003D3,
0x0080046B,
0x008004A7,
0x00802204,
0x0F80F807,
0xFFFF1F04,
0x300040E7,
0x208403E0,
0x1F003000,
0x23F010C0,
0x20000F81,
0x000F0158,
0x8140C240,
0xC2002284,
0x0020C240,
0xC2002285,
0x0FDFC240,
0xC200A140,
0x8140C240,
0xC2002204,
0x0F82FFFE,
0x0FFFC240,
0xC2002205,
0x0F820001,
0xF000C240,
0xC2000E13,
0x3171A140,
0x6B367163,
0x89230957,
0x019F70C3,
0x000F0194,
0x8020C140,
0xC1002184,
0x0020C140,
0xC1002185,
0x0FDFC140,
0xC100A020,
0x10FC8001,
0xC140C100,
0x21840020,
0xC140C100,
0x21850FDF,
0xC140C100,
0x18FC8040,
0x10F88001,
0xC140C100,
0x21840020,
0xC140C100,
0x21850FDF,
0xF02670C3,
0x000F0194,
0x8020C140,
0xC1002184,
0x0020C140,
0xC1002185,
0x05C2C140,
0xC100A020,
0x10FC8001,
0xC140C100,
0x21840020,
0xC140C100,
0xB985C140,
0xC10018FC,
0x804010F8,
0x8001C140,
0xC1002184,
0x0020C140,
0xC100B984,
0xC140C100,
0x18F88040,
0x40EFB8DA,
0xB89B4200,
0x1F043000,
0xC0F10D8A,
0xFBCFC0D1,
0xF4B76B16,
0x70638803,
0x081101FF,
0x22530680,
0xB89B0443,
0x00A0B89C,
0x23F010C0,
0x70C3000F,
0x03D88020,
0xC140C100,
0xB9B9C140,
0xC100A020,
0x10CC8001,
0xC140C100,
0xB9B4C140,
0xC100B994,
0xC140C100,
0x18CC8040,
0x8020C140,
0xC100B9BA,
0xC140C100,
0xA02010CC,
0x8001C140,
0xC100B9B5,
0xC140C100,
0xB995C140,
0xC10018CC,
0x80408020,
0xC140C100,
0xB9BBB9BC,
0xC140C100,
0xB99BB99C,
0xC140C100,
0xA02010CC,
0x8001C140,
0xC100B9B6,
0xC140C100,
0xB996C140,
0xC10018CC,
0x80408020,
0xC140C100,
0xB9B9C140,
0xC100B999,
0xC140C100,
0xA02040EF,
0xB8DAB89C,
0x1F043000,
0x23F010C0,
0x20000F81,
0x000F03D8,
0x8140226D,
0x05CCC0F1,
0x0936FBCF,
0xC0D1F2C7,
0x1C043780,
0x260A30C0,
0xEC9EEA1E,
0x8160C340,
0xC300BBB6,
0xC340C300,
0xBB96C340,
0xC300A160,
0x20000F83,
0x000F03A4,
0x8380C440,
0xC400BCB1,
0xC440C400,
0xBC91C440,
0xC400A380,
0x81600B01,
0x05DE718D,
0x8160C340,
0xC300BBB9,
0xC340C300,
0xA1600C0F,
0x10518160,
0x236D05CC,
0xF1FB70C3,
0x000F03A4,
0x80607054,
0xBBB4BBB5,
0xBBB61A0B,
0x30D8A060,
0xF4E140EF,
0x230A0780,
0x1404301E,
0xB8DA2005,
0x0F821800,
0x00001F04,
0x3080C0F1,
0x0C1AFBCF,
0xC0D100CE,
0x00A26B16,
0x70638802,
0x080F003F,
0x22530680,
0x00670060,
0xB89B23F0,
0x10C070C3,
0x000F03D8,
0x8020C140,
0xC100B9B9,
0xC140C100,
0xA02010CC,
0x8001C140,
0xC100B9B4,
0xC140C100,
0xB994C140,
0xC10018CC,
0x80408020,
0xC140C100,
0xB9BAC140,
0xC100B99A,
0xC140C100,
0xA02010CC,
0x8001C140,
0xC100B9B5,
0xC140C100,
0xB995C140,
0xC10018CC,
0x80408020,
0xC140C100,
0xB9BBB9BC,
0xC140C100,
0xB99BB99C,
0xC140C100,
0xA02010CC,
0x8001C140,
0xC100B9B6,
0xC140C100,
0xB996C140,
0xC10018CC,
0x80408020,
0xC140C100,
0xB9B9C140,
0xC100B999,
0xC140C100,
0xA02010CC,
0x8001C140,
0xC100B9B4,
0xC140C100,
0xB994C140,
0xC10018CC,
0x804040EF,
0xB8DAB89D,
0x1F043000,
0x23F010C0,
0x20000F81,
0x000F03D8,
0x8140226D,
0x05CCC0F1,
0x0FAAFB8F,
0xC0D101F6,
0x00811C04,
0x3780260A,
0x30C0EC9F,
0xEA1D8160,
0xC340C300,
0xBBB6C340,
0xC300BB96,
0xC340C300,
0xA1602000,
0x0F83000F,
0x03A48380,
0xC440C400,
0xBCB1C440,
0xC400BC91,
0xC440C400,
0xA3808160,
0x0BFF85DE,
0x718D8160,
0xC340C300,
0xBBB9C340,
0xC300A160,
0x0C0D1051,
0x8160236D,
0x05CCF1FC,
0x70C3000F,
0x03A48060,
0xBBB4BBB5,
0xBBB61A0B,
0x30D8A060,
0xEA9B40EF,
0x230A0780,
0x1404301E,
0xB8DA2005,
0x0F822800,
0x00001F04,
0x3080C0F1,
0x0A8EFBCF,
0xC0D1F53B,
0x6B167063,
0x88030829,
0x007F2253,
0x068006DB,
0x00008140,
0xC240C200,
0xBAB6C240,
0xC200A140,
0x8020C140,
0xC1000123,
0x00A0B9B1,
0x23F010C0,
0x70C3000F,
0x03D48020,
0xC140C100,
0x21840FFC,
0xC140C100,
0x21850003,
0xC140C100,
0xA02010CC,
0x8001C140,
0xC100B9A6,
0xC140C100,
0xB986C140,
0xC10018CC,
0x80408020,
0xC140C100,
0xB9A5C140,
0xC100B985,
0xC140C100,
0xA02010CC,
0x8001C140,
0xC100B9A5,
0xC140C100,
0xB985C140,
0xC10018CC,
0x804040EF,
0xB8DAB89C,
0xB89D1F04,
0x300023F0,
0x10C02000,
0x0F81000F,
0x03D48140,
0x226D020C,
0xC0F10E5A,
0xFB8FC0D1,
0xF3571C04,
0x3780260A,
0x30C0EC9F,
0xEA1D8160,
0xC340C300,
0xBBAAC340,
0xC300BB8A,
0xC340C300,
0xA1602000,
0x0F83000F,
0x03A08380,
0xC440C400,
0xBCA9C440,
0xC400BC89,
0xC440C400,
0xA3808160,
0x0BFF821E,
0x718D8160,
0xC340C300,
0xBBA5C340,
0xC300A160,
0x0C0D1051,
0x8160236D,
0x020CF1FC,
0x70C3000F,
0x03A08060,
0x7054C340,
0xC300BBA6,
0xC340C300,
0xA0608060,
0xC340C300,
0xBBA5C340,
0xC300A060,
0xF4D940EF,
0x230A0780,
0x1404301E,
0xB8DA2005,
0x0F823800,
0x00001F04,
0x30802200,
0x0F810008,
0x00002253,
0x04802104,
0x0F8107F8,
0x00007825,
0xB89E4200,
0x1F043000,
0xC0F10912,
0xFBCFC0D1,
0xF4A36B16,
0x70638803,
0x080F00BF,
0x22530680,
0x02C30020,
0xB89C23F0,
0x10C070C3,
0x000F03B0,
0x8020C140,
0xC100B9B4,
0xB9B5C140,
0xC100B994,
0xB995C140,
0xC100A020,
0x10E88001,
0xC140C100,
0xB9B0C140,
0xC100B990,
0xC140C100,
0x18E88040,
0x8020C140,
0xC100B9B3,
0xC140C100,
0xB993C140,
0xC100A020,
0x10E88001,
0xC140C100,
0xB9AFC140,
0xC100B98F,
0xC140C100,
0x18E88040,
0x40EFB8DA,
0xB89BB89E,
0x1F043000,
0x23F010C0,
0x20000F81,
0x000F03B0,
0x8140226D,
0x058CC0F1,
0x0CF2FB8F,
0xC0D1F2BC,
0x1C043780,
0x260A30C0,
0xEC9EEA1E,
0x8160C340,
0xC300BBB8,
0xC340C300,
0xBB98C340,
0xC300A160,
0x20000F83,
0x000F0398,
0x8380C440,
0xC400BCB3,
0xC440C400,
0xBC93C440,
0xC400A380,
0x81600B01,
0x059E718D,
0x8160C340,
0xC300BBB3,
0xC340C300,
0xA1600C0F,
0x10518160,
0x236D058C,
0xF1FB70C3,
0x000F0398,
0x8060C340,
0xC300BBB0,
0xC340C300,
0xA0608060,
0xC340C300,
0xBBAFC340,
0xC300A060,
0xEA9B40EF,
0x230A0780,
0x1404301E,
0xB8DA2005,
0x0F825000,
0x00001F04,
0x3080C0F1,
0x0FCAFB8F,
0xC0D1047E,
0x00626B16,
0x70638803,
0x083B00FF,
0x22530680,
0xF0BC8140,
0xC240C200,
0xBAB8C240,
0xC200A140,
0x8020C140,
0xC100B9B3,
0xF0BF8140,
0xC240C200,
0xBAAAC240,
0xC200A140,
0x8020C140,
0xC100B9A9,
0xF0B323F0,
0x10C070C3,
0x000F03B0,
0x8020C140,
0xC100B9BA,
0xB9BBC140,
0xC100B99A,
0xB99BC140,
0xC100A020,
0x10E88001,
0xC140C100,
0xB9B5C140,
0xC100B995,
0xC140C100,
0x18E88040,
0x8020C140,
0xC100B9B9,
0xC140C100,
0xB999C140,
0xC100A020,
0x10E88001,
0xC140C100,
0xB9B4C140,
0xC100B994,
0xC140C100,
0x18E88040,
0x40EFB8DA,
0xB89BB89C,
0xB89E1F04,
0x300023F0,
0x10C02000,
0x0F81000F,
0x03B08140,
0x226D070C,
0xC0F10B7E,
0xFB8FC0D1,
0x05C60041,
0x1C043780,
0x260A30C0,
0xEC9EEA1E,
0x8160C340,
0xC300BBBE,
0xC340C300,
0xBB9EC340,
0xC300A160,
0x20000F83,
0x000F0398,
0x8380C440,
0xC400BCB8,
0xC440C400,
0xBC98C440,
0xC400A380,
0x81600B01,
0x071E718D,
0x8160C340,
0xC300BBB9,
0xC340C300,
0xA1600C0F,
0x10518160,
0x236D070C,
0xF1FB70C3,
0x000F0398,
0x8060C340,
0xC300BBB5,
0xC340C300,
0xA0608060,
0xC340C300,
0xBBB4C340,
0xC300A060,
0xEA9E40EF,
0x230A0780,
0x1404301E,
0xB8DA2005,
0x0F826000,
0x00001F04,
0x3080C0F1,
0x0E52FB8F,
0xC0D1F545,
0x6B167063,
0x8803082F,
0x013F2253,
0x0680B89C,
0xB89D050B,
0x0060B89E,
0x8140C240,
0xC200BABE,
0xC240C200,
0xA1408020,
0xC140C100,
0xB9B804DF,
0x004023F0,
0x10C070C3,
0x000F03B4,
0x8020C140,
0xC100216C,
0x0041C140,
0xC1002145,
0x00C1C140,
0xC100A020,
0x10E88001,
0xC140C100,
0xB9A0C140,
0xC100B980,
0xC140C100,
0x18E88040,
0x8020C140,
0xC100B9BD,
0xC140C100,
0xB99DC140,
0xC100A020,
0x10E48001,
0xC140C100,
0xB9BAC140,
0xC100B99A,
0xC140C100,
0x18E48040,
0x40EFB8DA,
0xB89BB89D,
0xB89E1F04,
0x300023F0,
0x10C02000,
0x0F81000F,
0x03B48140,
0x226D008C,
0xC0F10A16,
0xFB8FC0D1,
0xF34C1C04,
0x3780260A,
0x30C0EC9F,
0xEA1D8160,
0xC340C300,
0xBBA4C340,
0xC300BB84,
0xC340C300,
0xA1602000,
0x0F83000F,
0x039C8380,
0xC440C400,
0xBCA3C440,
0xC400BC83,
0xC440C400,
0xA3808160,
0x0BFF809E,
0x718D8160,
0xC340C300,
0xBBBDC340,
0xC300A160,
0x0C0D1051,
0x8160236D,
0x008CF1FC,
0x20000F83,
0x000F0398,
0x8380C440,
0xC400BCBA,
0xC440C400,
0xA3808381,
0xC440C400,
0xBCA0C440,
0xC400A381,
0xEA9A40EF,
0x230A0780,
0x1404301E,
0xB8DA2005,
0x0F827000,
0x00001F04,
0x3080C0F1,
0x0CEAFB8F,
0xC0D1F4BF,
0x6B167063,
0x8803082B,
0x017F2253,
0x0680F0C5,
0x814070C3,
0x000F039C,
0xC240C200,
0xBAA4C240,
0xC200A140,
0x8020C140,
0xC100B9A3,
0xF14D23F0,
0x10C070C3,
0x000F03B4,
0x80202184,
0x07FCB987,
0x1A0B3058,
0xA02010E8,
0x80012145,
0x0C011A0B,
0x305818E8,
0x80408020,
0xC140C100,
0xB9A5C140,
0xC100B985,
0xC140C100,
0xA02040EF,
0xB8DA2005,
0x0F807800,
0x00001F04,
0x300023F0,
0x10C02000,
0x0F81000F,
0x03B48140,
0x226D020C,
0xC0F108DA,
0xFB8FC0D1,
0x03220061,
0x230A1780,
0x260A30C0,
0xEC9EEA1E,
0x8160C340,
0xC300BBAA,
0xC340C300,
0xBB8AC340,
0xC300A160,
0x20000F83,
0x000F039C,
0x8380C440,
0xC400BCA8,
0xC440C400,
0xBC88C440,
0xC400A380,
0x81600B01,
0x021E718D,
0x8160C340,
0xC300BBA5,
0xC340C300,
0xA1600C0F,
0x10518160,
0x236D020C,
0xF1FB70C3,
0x000F039C,
0x80602346,
0x0C031A0B,
0x30D8A060,
0xEAA240EF,
0x230A0780,
0x260A32C0,
0xB8DAB89F,
0x42001F04,
0x3000C0F1,
0x0BC2FB8F,
0xC0D10288,
0x00622253,
0x068041C3,
0x0008831C,
0x6621BA33,
0xB92F7947,
0x262FF047,
0xF213B89B,
0xB89C026F,
0x0060B89D,
0x8140C240,
0xC200BAAA,
0xC240C200,
0xA1408020,
0xC140C100,
0x02430060,
0xB9A82005,
0x0F828800,
0x00001F04,
0x3080C0F1,
0x0B6EFB8F,
0xC0D10022,
0x00420E13,
0x31716B16,
0x70638804,
0x0813017F,
0x40602253,
0x0680B89B,
0xB89C021D,
0x004045EB,
0x230A3780,
0x0E6A0060,
0x47688501,
0x43E143CB,
0x00082FB4,
0xB8DAB89C,
0x47CB0008,
0x2F94260A,
0x36C047B9,
0xB89FA501,
0x23F010C2,
0x22000F9B,
0x000F03B8,
0x4067206D,
0x03014F60,
0x20300F80,
0x000F0188,
0x2044008D,
0x2505907E,
0x01E80041,
0xE99FED1F,
0x4067C040,
0xC000B8AB,
0xC040C000,
0xB88BC040,
0xC0001B00,
0x30002200,
0x0F80000F,
0x03A08020,
0xC140C100,
0xB9A0C140,
0xC100B980,
0xC140C100,
0xA0204067,
0x08FF831E,
0x712C4067,
0xC040C000,
0xB8AAC040,
0xC0001B00,
0x3000090F,
0x00514067,
0x206D0301,
0xF1FBC342,
0xED95D814,
0x1C0C37C0,
0x1C043780,
0x08F60260,
0x47480A6A,
0x00A0C002,
0x1404301E,
0x140C301F,
0x42E143CB,
0x00082FB4,
0xF00F2200,
0x0F80000F,
0x02E08020,
0xC140C100,
0xB9A4C140,
0xC100C0F1,
0x0BAAFB8F,
0xC0D12200,
0x0F80000F,
0x039C8020,
0xB9BCB9BD,
0x1A0B3058,
0xA0208020,
0xC140C100,
0xB9BEC140,
0xC100A020,
0xEDA240EF,
0xC30270AD,
0xB8DA2005,
0x0F829800,
0x000047CB,
0x00082F94,
0x43DB0008,
0x015C1F04,
0x3080C0F1,
0x0A0EFB8F,
0xC0D1F551,
0x0E4D3171,
0x6B162300,
0x30018121,
0x09550012,
0x203006C1,
0xB926F01F,
0x4067C040,
0xC000B8AB,
0xC040C000,
0x1B003000,
0x22000F80,
0x000F03A0,
0x8020C140,
0xC100B9A0,
0xC140C100,
0xA02040EF,
0xB8DAB89D,
0xB89E00AD,
0x0060B89F,
0x70638023,
0xB9372253,
0x0680B9E0,
0xF2CFB89C,
0xB89DF12F,
0x40601C04,
0x378045EB,
0x082A0160,
0x260A30C0,
0x47B940EF,
0x230A0780,
0x1404301E,
0xB8DAB89D,
0x70ADB89F,
0x1F043000,
0x23F010C0,
0x20000F81,
0x000F03B8,
0x8140226D,
0x030CC0F1,
0x0DEEFB4F,
0xC0D1003A,
0x00614768,
0xEC9EEA1E,
0x8160C340,
0xC300BBAB,
0xC340C300,
0xBB8BC340,
0xC300A160,
0x20000F83,
0x000F03A0,
0x8380C440,
0xC400BCA0,
0xC440C400,
0xBC80C440,
0xC400A380,
0x81600B01,
0x031E718D,
0x8160C340,
0xC300BBAA,
0xC340C300,
0xA1600C0F,
0x10518160,
0x236D030C,
0xF1FBC0F1,
0x08BEFB8F,
0xC0D1C440,
0xC400BCBE,
0xC440C400,
0x079A0022,
0xA38040EF,
0x43E1B8DA,
0xB89BB89D,
0xB89F1F04,
0x30001C04,
0x3780260A,
0x30C04063,
0xBB06607C,
0x47088C0C,
0x0899007E,
0x437823F0,
0x178070C3,
0x000F0310,
0x8020104E,
0x060210D8,
0x000321AD,
0x0D020943,
0x0574BA3C,
0x0A3B0391,
0x0B370F85,
0x08000000,
0x80A02180,
0x0FC3C540,
0xC5002504,
0x1F8DFC0F,
0xFFFFC540,
0xC344C300,
0x2940050D,
0x25041F8D,
0x03F00000,
0x7BA5C340,
0xC300A060,
0xC304EA9E,
0x0B390F85,
0x08000000,
0x7A2F0A31,
0x0F35B914,
0x804071C3,
0x00100000,
0xC240C200,
0x21040F81,
0x03F00000,
0x22040F82,
0xFC0FFFFF,
0xC240C200,
0x7945C140,
0xC100A020,
0xC1010911,
0x01714220,
0x233033C1,
0xB926F004,
0x8423B937,
0x40EF230A,
0x078070AD,
0xB8DA0911,
0x003F260A,
0x308006DF,
0x0020B89B,
0xB89CB89D,
0xB89F1F04,
0x300023F0,
0x10C04768,
0x20000F81,
0x000F0010,
0x81402245,
0x0A021A0B,
0x3098A140,
0x20000F82,
0x000F0034,
0x826070C3,
0x000F03B8,
0xC340C300,
0x23040F83,
0xFFC0003F,
0xC340C300,
0x23050F83,
0x003FFFC0,
0xC340C300,
0xA1698243,
0x43E12245,
0x00C21A0B,
0x3098A14C,
0x80402284,
0x00202285,
0x0BC71A0B,
0x309819EA,
0x009810E4,
0x8000B89C,
0xB89DB89E,
0x503319E3,
0x001840EF,
0xB8DA2005,
0x0F80B800,
0x00001F04,
0x300023F0,
0x10CD44CB,
0x0008831C,
0x47682500,
0x1F81000F,
0x00408140,
0x6C0460D8,
0xC240C200,
0x228401F8,
0xC2406682,
0xC3007A5D,
0x22840E07,
0x7A65C240,
0xC200A140,
0x8140226D,
0x00821A0B,
0x30988160,
0xBA022252,
0x0082C340,
0xC300BBA2,
0xC340C300,
0x7A65C240,
0xC200A140,
0x88016681,
0xC7421C0C,
0x37C008E3,
0x003F1C04,
0x3780275F,
0x150043C3,
0x00085E98,
0x218B8C1F,
0x631FF42E,
0x25001F81,
0x000F07B4,
0x81801A0B,
0x33182453,
0x130224AD,
0x1B45B741,
0xB7808181,
0x24531342,
0x1A0B3318,
0xB7438142,
0x24AD1B86,
0xB7824448,
0x24AD1407,
0xB745B784,
0x1A0B3098,
0x81831A0B,
0x33182453,
0x130224AD,
0x1347B747,
0xB7868124,
0x1A0B3058,
0xB9CEB728,
0x60709721,
0x43C30FFF,
0xC000B80D,
0xB9CC2004,
0x0F8001FF,
0xE0007825,
0x25001F81,
0x000F07A0,
0xA1009742,
0x9703BA0E,
0xB8CD7A64,
0x7845A101,
0x97049745,
0xBB8DB810,
0x20040F80,
0x7FFF0000,
0x7845A102,
0x97469707,
0xBA0DB8CC,
0x7A647845,
0x5033A103,
0x97088144,
0x25001F8F,
0x000F07B0,
0xB8CE226C,
0x03827845,
0x5033A104,
0xF05D40E1,
0x21AD0103,
0x209F000A,
0x215A0501,
0x260A3F80,
0x00085094,
0x438143CB,
0x0FFFC000,
0x61192100,
0x07822134,
0x07819241,
0x25001F8F,
0x000F07B0,
0xB90DBACC,
0x21040F81,
0x01FFE000,
0x79452500,
0x1F82000F,
0x07A0A220,
0x66810C36,
0xFB4F9423,
0x9482B9CD,
0xBC0E2404,
0x12CC7985,
0xA2216661,
0x234F134B,
0x0C1AFB4F,
0x94249485,
0xB9102104,
0x0F817FFF,
0x00007985,
0xA2226661,
0x0C02FB4F,
0x94279486,
0xB9CCBC0D,
0x2304130B,
0x210502C1,
0x1A0B3058,
0xA2238224,
0x6664216C,
0x038124AD,
0x1103245A,
0x150C6098,
0x20000780,
0x9008B8CE,
0x78255033,
0xA204C80B,
0xA700C80B,
0xB88F5033,
0xA700099A,
0xFB4F75C3,
0x000F079C,
0xB8AF5033,
0xA700D8FF,
0xA5000BC6,
0x0220D80A,
0x1D001001,
0x15079600,
0x43CB0008,
0x2FB447CB,
0x00082F94,
0xC040C000,
0xB8AAC040,
0xC000B88A,
0xC040C000,
0x1D079018,
0x140C301F,
0xC3021404,
0x301E70AD,
0x40EFB8DA,
0xB89EB89F,
0x1F043000,
0x23F010CB,
0x46684F63,
0x1C043780,
0x23001F81,
0x000F03B8,
0x81402330,
0x0F83000F,
0x01882204,
0x0F820000,
0x10002344,
0x009E2605,
0xB0BE03BE,
0x0001EA9F,
0x0E3B3010,
0x8140C240,
0xC200BAAB,
0xC240C200,
0xBA8BC240,
0xC200A140,
0x23001F82,
0x000F03A0,
0x8280C440,
0xC400BCA0,
0xC440C400,
0xBC80C440,
0xC400A280,
0x81400A01,
0x031E8140,
0x23001F8C,
0x000F07B4,
0x47C9C240,
0xC200BAAA,
0xC240C200,
0xA14084A0,
0xC742279F,
0x180D42C1,
0x229F000A,
0x1A0B3358,
0x77C30008,
0x831C8700,
0x460826AD,
0x1103265A,
0x150E62DA,
0x46CB0008,
0x5094665B,
0x25531302,
0x25AD1B45,
0xB341B3A0,
0x84C11A0B,
0x33982653,
0x134226AD,
0x1B86B343,
0xB3C284C2,
0x42C122AD,
0x0407B3C5,
0xB3441A0B,
0x339884C3,
0x1A0B3398,
0x26531302,
0x26AD1347,
0xB347B3C6,
0x84842040,
0x04022084,
0x03E02284,
0x0C1F7845,
0x1A0B3318,
0xBCCEA700,
0x0E5B3031,
0xB3882330,
0x1F80000F,
0x0004BA24,
0x206D0140,
0x50332078,
0x0000B805,
0xE0207210,
0x02C80002,
0x23001F80,
0x000F0010,
0x80202146,
0x0A011A0B,
0x3058A020,
0xC30241C3,
0x00088670,
0x4060209F,
0x080D6038,
0x18040043,
0x40EFB8DA,
0x20050F82,
0xC8000000,
0xF01A8100,
0xC040C000,
0xB8ABC040,
0xC000A100,
0x23001F80,
0x000F03A0,
0x8020C140,
0xC100B9A0,
0xC140C100,
0xA020C302,
0x40EFB8DA,
0x20050F82,
0xE0000000,
0x1F043080,
0x1404301E,
0x70AD43CB,
0x00082FB4,
0x47CB0008,
0x2F9443DB,
0x0008015C,
0x4F602030,
0x0F80000F,
0x01880813,
0x007F6B16,
0x0E133151,
0x203006C0,
0xF0070215,
0x00202253,
0x06807063,
0x880C0815,
0x003FBADA,
0x22050F80,
0xD8000000,
0x01FF0000,
0x23F010C0,
0x70C3000F,
0x03B88020,
0x21840020,
0x21850BC7,
0x1A0B3058,
0xA02010E4,
0x8001B99C,
0xB99DB99E,
0x1A0B3058,
0x18E48040,
0x8020C140,
0xC100B9AA,
0xC140C100,
0xB98AC140,
0xC100A020,
0x40EFB8DA,
0xB89CB89E,
0xB89F1F04,
0x300023F0,
0x10C02000,
0x0F81000F,
0x03B88140,
0x226D030C,
0xC0F10F4E,
0xFB0FC0D1,
0xF2CB4668,
0xEC9EEA1E,
0x8160C340,
0xC300BBAB,
0xC340C300,
0xBB8BC340,
0xC300A160,
0x20000F83,
0x000F03A0,
0x8380C440,
0xC400BCA0,
0xC440C400,
0xBC80C440,
0xC400A380,
0x81600B01,
0x031E718D,
0x8160C340,
0xC300BBAA,
0xC340C300,
0xA1600C0F,
0x10518160,
0x236D030C,
0xF1FBC0F1,
0x0A1EFB4F,
0xC0D1C440,
0xC400BCBE,
0xC440C400,
0xA380F47D,
0x40EF43C1,
0xB8DA2005,
0x0F80D800,
0x00001F04,
0x30004060,
0x210A0780,
0x45EB270A,
0x1780230A,
0x32C00F9A,
0xFF2F4668,
0x22003380,
0x18200043,
0x40C10AEA,
0xFE6F41E1,
0x850143C1,
0x230A16C0,
0xB8DAB89D,
0xB89E47B9,
0x44CB0008,
0x8670B89F,
0xA50123F0,
0x10C04668,
0x2E4012CD,
0x70C3000F,
0x039C8020,
0x43DB0008,
0x2FD4C0F1,
0x0932FB4F,
0xC0D1106F,
0x8601C140,
0xC1002104,
0x0F81FFFE,
0x0FFFC140,
0xC100B98C,
0xB98EC140,
0xC100186F,
0x80584160,
0x219F080D,
0x6190643F,
0x6849AF42,
0x7A4F2516,
0x10827263,
0x8A45228C,
0x8302F40D,
0x46EB08EE,
0xFB8F8F02,
0x7D167563,
0x9503A520,
0x7104B503,
0xF0147D16,
0x43C30008,
0x831C7563,
0x95036179,
0x11520601,
0x7104B503,
0x21AD0BC2,
0x40C145EB,
0x0806FBAF,
0xDA8C46A9,
0x860171AD,
0xB890A601,
0xF0198140,
0x70C3000F,
0x03A0C240,
0xC200BAAB,
0xC240C200,
0xA1408020,
0xC140C100,
0xB9A0C140,
0xC100A020,
0x40EFB8DA,
0xB89DB89E,
0xB89F1F04,
0x300040A1,
0xC0A51404,
0x341BC6C6,
0x40EFB8DA,
0x20050F80,
0xB8000000,
0x1F043000,
0x70ADF1F3,
0xC2E61CFC,
0xB6C86876,
0x42C30008,
0x01634508,
0x6348264A,
0x3040B8E1,
0x04100021,
0xC1A6E908,
0x6A056300,
0xC04220AD,
0x0B41F009,
0x40C30008,
0x002C8000,
0xC04220AD,
0x0382C541,
0xC042C001,
0x209F080D,
0x20000F8E,
0x00088324,
0xC0418600,
0x20AD0941,
0xE08903D0,
0x000D43CB,
0x00082FB4,
0x47CB0008,
0x84522024,
0x0000002B,
0x00000123,
0x0000014F,
0x000001B9,
0x000001E5,
0x00000231,
0x0000025F,
0x000002D7,
0x00000303,
0x0000033F,
0x000023F0,
0x134041C3,
0x000F0158,
0x43A1C043,
0x140C301B,
0x239F080D,
0x2300305B,
0x40672156,
0x084163FB,
0xC040C000,
0x20840020,
0xC040C000,
0x20850B81,
0xC040C000,
0x1B003000,
0xC0036038,
0xC0448000,
0xC040C000,
0xB8AEC040,
0xC000B88E,
0xC040C000,
0x1B423018,
0x21540A00,
0xC103C045,
0x6100C040,
0xC000B8BB,
0xC040C000,
0xB89BC040,
0xC0001B56,
0x30180B16,
0x00A040A1,
0xAB01AB02,
0xAB00790D,
0x0BF60060,
0x40A1C004,
0xD90FDA0F,
0x10FC8000,
0xC040C000,
0xB8BCC040,
0xC000B89C,
0xC040C000,
0x1B413018,
0x0BCAFE6F,
0x40A1C003,
0x20000F81,
0x000F02B0,
0x11420600,
0x08FD831E,
0x11420600,
0xC040C000,
0xB8AAC040,
0xC0001942,
0x00181142,
0x060008FF,
0x831F40A1,
0x209F080D,
0x671A0D22,
0xFB6F40A1,
0xB204B203,
0xB2028600,
0x218A0004,
0xB2262084,
0x07F8B885,
0xA600C001,
0x60F98900,
0x7704A900,
0x790D0B72,
0x006040A1,
0x0A96FB4F,
0xC040C000,
0xB8AAC040,
0xC000B88A,
0xC040C000,
0xA1000CAE,
0xFB0FB886,
0xA60009A2,
0xFB4FF251,
0x8100C040,
0xC000B8AA,
0xC040C000,
0xA100710C,
0x080D0051,
0x8100206D,
0x0300F1FC,
0x0C8AFB0F,
0xE91B9A22,
0xB9640833,
0x006244A9,
0x249F180D,
0xC1026798,
0x100D00DB,
0x091F06C2,
0x243313C1,
0x218C807F,
0xF6892340,
0x3041A82D,
0x0C52FB0F,
0x020F0020,
0xB8858600,
0x208407F8,
0x20850801,
0xA60063E8,
0x7104AA0A,
0xC00160F9,
0x89007104,
0xA900790D,
0x0AD20060,
0x40A109FA,
0xFB4FC040,
0xC000B8AA,
0xC040C000,
0xB88AC040,
0xC000A100,
0x0C0EFB0F,
0xB887A600,
0x09DAFB4F,
0xB8ECF2E2,
0x8100C040,
0xC000B8AA,
0xC040C000,
0xA100710C,
0x080D0051,
0x8100206D,
0x0300F1FC,
0x40A1209F,
0x080D671A,
0x60E88A21,
0x7030F4C3,
0x0C02FB6F,
0x40A1B203,
0xB202208A,
0x0004B206,
0x86002084,
0x07F82085,
0x0802A600,
0xC00160F9,
0x89007104,
0xA900790D,
0x0A520060,
0x40A1097A,
0xFB4FC040,
0xC000B8AA,
0xC040C000,
0xB88AC040,
0xC000A100,
0x0B8EFB0F,
0x20850003,
0xA6000882,
0xFB4FF2A2,
0x8100C040,
0xC000B8AA,
0xC040C000,
0xA100710C,
0x080D0051,
0x8100206D,
0x0300F1FC,
0x0B6AFB0F,
0xE91B9A22,
0xB9640833,
0x006244A9,
0x249F180D,
0xC1026798,
0x100D00DB,
0x091F06C2,
0x243313C1,
0x09170FF3,
0x23403041,
0xA82D8600,
0x208407F8,
0x20850802,
0xF0758600,
0x120A00C1,
0x208407F8,
0x20850803,
0xA60063E8,
0x7704AA0B,
0x780D6038,
0x28440080,
0xAA02C001,
0x60F98900,
0x7704A900,
0x790D09A6,
0x006040A1,
0x08CAFB4F,
0xC040C000,
0xB8AAC040,
0xC000B88A,
0xC040C000,
0xA1000AE2,
0xFB0FB888,
0xA60008AE,
0xFB4F0899,
0x031E8100,
0xC040C000,
0xB8AAC040,
0xC000A100,
0x710C080F,
0x00518100,
0x206D0300,
0xF1FB41A1,
0x219F080D,
0x8600673B,
0x61EA8B22,
0x0A630061,
0x208407F8,
0x20850804,
0xA60023F0,
0x13412100,
0x0F82000F,
0x02B08200,
0xC040C000,
0xB8BBC040,
0xC000A200,
0x12B08000,
0xC040C000,
0xB8AEC040,
0xC0001AB0,
0x80002130,
0x0F80000F,
0x039CB8BC,
0xB8BDB8BE,
0x50331AEC,
0x00000A5A,
0xFB0FA600,
0xF00C8600,
0x208407F8,
0x20850801,
0xF0032085,
0x0803A600,
0x264A3000,
0x200A0780,
0xC0A61404,
0x341BC6C6,
0xC2E61CFC,
0xB6C8C1AB,
0xC047C107,
0x7043C046,
0x10100080,
0x26F0705B,
0x00082FB4,
0x7014038A,
0x00022300,
0x3F8E000F,
0x01948620,
0x23003F8D,
0x000F06C0,
0x29410600,
0x503316F8,
0x9000216C,
0x05C1C040,
0xC000B8D7,
0xC040C000,
0x7825C040,
0xC00041C3,
0xFF000FFF,
0x1EF89000,
0x8500C040,
0xC000B8AE,
0xB8AFC040,
0xC000B88E,
0xC040C000,
0xA5008600,
0xB82C2004,
0x0F820000,
0x0FCFBA85,
0x1A0B3098,
0x16F89000,
0xBA0CC040,
0xC0007824,
0xC040C000,
0x7845C040,
0xC0001EF8,
0x900016F8,
0x9000B82C,
0x20040F82,
0x00000BB1,
0x1A0B3098,
0x16F89000,
0xC040C000,
0x7824C040,
0xC0002A40,
0x03017825,
0xC040C000,
0x1EF89000,
0x151C9600,
0x099A0160,
0x20AD0B86,
0xC04515BC,
0x9000C040,
0xC000206C,
0x00C0C040,
0xC005204E,
0x0381C142,
0xC000B9C3,
0x7825C040,
0xC0001DBC,
0x900015B8,
0x9000C002,
0xB81C2005,
0x0042C002,
0xD90FB918,
0xB8187824,
0x7A05C002,
0xB9247F0F,
0x2F401500,
0x78247A05,
0x2F401400,
0xB9247824,
0x7A052F40,
0x13007810,
0x7A052F40,
0x12032941,
0x02007864,
0x20050081,
0x6F14780F,
0x78255033,
0x1DB89000,
0x15B49001,
0x50331DB4,
0x90001614,
0x90002300,
0x3F8D000F,
0x02B0C040,
0xC0002004,
0x0F80FF83,
0xFFFFC040,
0x2F401480,
0x20040F81,
0x007C0000,
0xC0007825,
0xC040C000,
0x1E149000,
0x8500C040,
0xC000B8A9,
0xC040C000,
0xA50015A8,
0x9000C040,
0xC000B8A8,
0xC040C000,
0xB888C040,
0xC0000A96,
0xFB0FC040,
0xC000B8A1,
0xC040C000,
0xB881C040,
0xC0001D58,
0x9018097E,
0x01E0D896,
0x15A89000,
0xC040C000,
0xB8A8C040,
0xC0000A6A,
0xFB0FC040,
0xC000B8A1,
0xC040C000,
0x1D589018,
0x15681600,
0x20AD02C2,
0x089983E1,
0x50332300,
0x3F8E000F,
0x009C8600,
0x23003F8F,
0x000F0744,
0xDA09C040,
0xC0002004,
0x0F80FC1F,
0xFFFFC040,
0xC000B899,
0xC040C000,
0xA6008700,
0x87A4B8C8,
0x79AEC141,
0xD9080F3A,
0xFDAF1A0B,
0x3358C044,
0x78AD7810,
0xD9080F2A,
0xFDAFDA08,
0xC043C001,
0xD908DA08,
0x20AD0A07,
0x0F16FDAF,
0xC041C04A,
0x40A120AD,
0x0403D908,
0x0F06FDAF,
0xDA0725AD,
0x1DC2C048,
0x40A1D908,
0x0EF6FDAF,
0x764CC049,
0xC0040F2E,
0xFACFC041,
0xC0030F26,
0xFACFDD3F,
0xB806BD06,
0x20040341,
0xC001764C,
0xB8C57825,
0xC044C00A,
0x752C091A,
0xFB6F2052,
0x07C0C041,
0xC0080EFE,
0xFACFC043,
0xC0090EF6,
0xFACF16F8,
0x90016D56,
0xBD0C216C,
0x05C3C104,
0x7B25C101,
0xB90C7A24,
0xC1037A65,
0xB91279A4,
0x79451A0B,
0x30581EF8,
0x904016FC,
0x9001C140,
0xC100216C,
0x0141C140,
0x20530141,
0xC0007825,
0xC040C000,
0xD90FB90A,
0x1EFC9000,
0x16FC9000,
0x20040F83,
0xFC00003F,
0xC007B806,
0x20300F80,
0x00080170,
0x68564040,
0x2084000F,
0x7B052104,
0x00807B05,
0x69147844,
0x7B052940,
0x02007844,
0x7B052940,
0x03007844,
0x78655033,
0x1EFC9000,
0xC106C002,
0x19240002,
0xC0061828,
0x0003181C,
0x0003C005,
0x19180002,
0x27001F81,
0xFFFFFBEC,
0x11B08000,
0xC040C000,
0xB8AFC040,
0xC000B88F,
0xC040C000,
0x1E911018,
0x8100712C,
0xC040C000,
0x206C0340,
0xC040C005,
0x7918C000,
0xB9CD7825,
0xC040C000,
0x1EA51018,
0xC0061810,
0x00432300,
0x3F81000F,
0x02E08100,
0x23003F82,
0x000F03B8,
0xC040C000,
0xB8A4C040,
0xC000B884,
0xC040C000,
0xA10011F0,
0x80002085,
0x00065033,
0x19F08000,
0x82002084,
0x00302085,
0x0B465033,
0x19D80000,
0x12E48000,
0xC040C000,
0xB8BCC040,
0xC000B89C,
0xC040C000,
0x19BC0000,
0x12E48000,
0xC040C000,
0xB8BDC040,
0xC000B89D,
0xC040C000,
0x19BC0000,
0x8200C040,
0xC000B8AA,
0xC040C000,
0xB88AC040,
0xC00019D8,
0x000012E4,
0x8000C040,
0xC000B8BE,
0xC040C000,
0xB89EC040,
0xC00019BC,
0x0000C0AB,
0x1404341B,
0xC6C678E0,
0xC3E4C1A1,
0x4508D80A,
0x0EEA01A0,
0x462826F0,
0x73400008,
0x2FB42E40,
0x15C12000,
0x0F8D000F,
0x031C8500,
0xC040C000,
0x20040F80,
0x807FFFFF,
0xC040C000,
0x7825C040,
0xC000A500,
0x0EB601A0,
0xD80A15D8,
0x90002084,
0x0FF95033,
0x1DD89000,
0xC80BB888,
0x50331DD8,
0x90000C5A,
0xFACFB8A8,
0x50331DD8,
0x9000C7C4,
0xC2E61CFC,
0xB6C8C1A1,
0x26F0701B,
0x00082FB4,
0x2200300E,
0x47082300,
0x3F81000F,
0x04488160,
0x26147000,
0x000828E8,
0xBB291E14,
0x10C28142,
0x22AD02C2,
0xB0401624,
0x10807210,
0xF7C4700C,
0x718DF00D,
0x708DF744,
0x710CF009,
0x16281081,
0x786F09EF,
0x8024203C,
0x00401E24,
0x10821E28,
0x10C2E810,
0x16181081,
0x090B0391,
0x161C1080,
0xE808161C,
0x1080208C,
0x8FC3F21A,
0x7104F011,
0x7095F2A0,
0x16181080,
0xE885161C,
0x10807014,
0xF298161C,
0x108008A1,
0x0030D9FF,
0x77041E1C,
0x1002790F,
0x0EF6FFEF,
0x40E1F089,
0x71241E18,
0x10422300,
0x3F8D000F,
0x03308500,
0xC040C000,
0x20040F80,
0xF0003FFF,
0xC0400E7A,
0xFB2F782F,
0xB80E2004,
0x0F810FFF,
0xC000C000,
0x7825C040,
0xC000A500,
0x0DA601A0,
0xD80A8500,
0x702CC040,
0xC000206C,
0x0340C040,
0xC000C040,
0xC000A500,
0x40E10E9A,
0xFFEF1E1C,
0x10030D82,
0x01A0D80A,
0x8500C040,
0xC000206C,
0x0340C040,
0x16181081,
0x710C7838,
0x20530341,
0xC0007825,
0xC040C000,
0xA500F048,
0x23003F8D,
0x000F0330,
0x8500C040,
0xC000206C,
0x0340C040,
0xC000C040,
0xC000A500,
0x40E10E4A,
0xFFEF1E1C,
0x1FC30D32,
0x01A0D80A,
0x16181080,
0x68291E18,
0x10428500,
0xC040C000,
0x206C0340,
0xC040710C,
0x78382053,
0x0341C000,
0x7825C040,
0xC000A500,
0x0D0201A0,
0xD80A8500,
0xC040C000,
0x20040F80,
0xF0003FFF,
0xC0400DA6,
0xFB2F1618,
0x1080B80E,
0x20040F81,
0x0FFFC000,
0xC0007825,
0xC040C000,
0xA5000CD2,
0x01A0D80A,
0x23003F80,
0x000F02E0,
0x8020C140,
0xC100B9A4,
0xC140C100,
0xC140C100,
0x0F9AFACF,
0x74871404,
0x341BC6C6,
0xC1E6C1A3,
0x26F07002,
0x00082FB4,
0x716D71CD,
0x22000F8C,
0x000F0010,
0x84002200,
0x0F8D000F,
0x0650C042,
0xC002B8A3,
0xC042C002,
0xB883C042,
0xC002A400,
0x850020AD,
0x0C835033,
0x0E511235,
0x7134C80B,
0x20D00382,
0xF40D4260,
0x229F0202,
0x2B00138F,
0x22300F82,
0x00080324,
0xBA337AE4,
0x78455033,
0x8540B812,
0x71C5C241,
0xC2012204,
0x0F82FC03,
0xFFFFC241,
0x20040F82,
0x03FC0000,
0xC0017845,
0xC041C001,
0xA500F1DA,
0x09170051,
0x8400C040,
0xC000B8A3,
0xC040C000,
0xC040C000,
0xA400C5C6,
0x2144004B,
0x706C7674,
0x20E007C6,
0x26F07001,
0x00082FB4,
0x79752100,
0x0F8C000F,
0x016C8440,
0x2B401581,
0x7164BAB6,
0x79451A0B,
0x3058A420,
0xF1EB78E0,
0xC2E61CFC,
0xB6C84200,
0x229F080D,
0x43C30008,
0x831826F0,
0x700C0008,
0x2FB4627A,
0x8A632400,
0x1F8D000F,
0x03D80B97,
0x00FFC1A1,
0x8560B903,
0xC340C300,
0xBBA2C340,
0xC300C340,
0xC300A560,
0x15D09003,
0x23850202,
0x1A0B30D8,
0x1DD090C0,
0x15D09003,
0xC340C300,
0xBBA2C340,
0xC300BB82,
0xC340C300,
0x1DD090C0,
0x8560C340,
0xC3002346,
0x0603C340,
0x21440603,
0xC1007965,
0xC140C100,
0xA5208520,
0xC140C100,
0xB9A2C140,
0xC100B982,
0xC140C100,
0xA52015E4,
0x9001C140,
0xC100B9B4,
0xC140C100,
0xC140C100,
0x1DE49040,
0x22003001,
0x190C0043,
0x8220B983,
0xA2208520,
0x099B017E,
0x706F2615,
0x700E0008,
0x5CEC2400,
0x1F83000F,
0x03DC86E0,
0x832021AD,
0x098B61F9,
0xA62013FC,
0x80012200,
0x300EC140,
0xC100B9A2,
0xC140C100,
0xC140C100,
0x1BFC8040,
0x16081081,
0x160C1080,
0x08350061,
0xD80A2400,
0x1F81000F,
0x03A88100,
0x716F2084,
0x0DFD5033,
0xA1008100,
0xC040C000,
0xB8A2C040,
0xC000C040,
0xC000A100,
0x8200B8A3,
0xA200F013,
0x0A9A0180,
0x8500C040,
0xC000B8A2,
0xC040C000,
0xB882C040,
0xC000A500,
0x160C1080,
0x71041E0C,
0x10024063,
0x74871404,
0x341BC6C6,
0xC1A126F0,
0x70000008,
0x2FB42000,
0x0F82000F,
0x029C8200,
0xC040C000,
0x20040F80,
0xFFFFC07F,
0xC0406917,
0x20040F81,
0x00003F80,
0xC0007825,
0xC040C000,
0xA2007FE0,
0x748778E0,
0xC2E61CFC,
0xB6C82482,
0x30041CC8,
0x3040C041,
0x683640C3,
0x00080158,
0x60388060,
0x1CC03000,
0x710CBBE3,
0x1CCC3000,
0xF27FC001,
0x702C1CC4,
0x3000209F,
0x080D1CC4,
0x300070C3,
0x00088318,
0x8040C040,
0x404020AD,
0x01017414,
0x059A002D,
0x1CCC3040,
0x20240000,
0x00150000,
0x002F0000,
0x00F50000,
0x021F0000,
0x05170000,
0xC100700C,
0x228403FE,
0x197A0002,
0xC000BA84,
0xBBE1A040,
0x740C20CA,
0x00A11A00,
0x3002C101,
0x40C30008,
0x2FB44821,
0x21000F82,
0x000F0038,
0x8200206D,
0x0240088B,
0x00315033,
0xC000DC0F,
0xBC0871C3,
0x000F0064,
0x107A0080,
0x205F00C2,
0x7B4F2B40,
0x020D6B14,
0x7D84780F,
0x78A5BAC3,
0x7A058100,
0x2B40050D,
0x20040F8E,
0xF000F000,
0x2C401300,
0x7E4578A4,
0x7E052B40,
0x040D2C40,
0x120078A4,
0x2005038D,
0xBB182C40,
0x14007864,
0x78A55033,
0xA1008101,
0x206C02C0,
0x78455033,
0xA10111D4,
0x8000C043,
0xC003B8A9,
0xC043C003,
0xB889C043,
0xC00319D4,
0x800004C3,
0x000071C3,
0x000F0414,
0x09F6FACF,
0xE8078200,
0xB8A9B8AD,
0xB88D5033,
0xA20009E6,
0xFACFE8FF,
0xC0008040,
0x228403FE,
0xBA85A040,
0xC10140C3,
0x00082FB4,
0x48272700,
0x1F9B000F,
0x04144067,
0x080F05BF,
0x228403FE,
0x04310020,
0xBA85C000,
0x107A0080,
0x205F024D,
0x14C03000,
0x8803084F,
0x007F40A1,
0x20840F83,
0x084304B4,
0x78AF08AF,
0x04B1D916,
0x40670C16,
0xFACFC501,
0x27001F8E,
0x000F0418,
0xD916259F,
0x180D75C3,
0x00088318,
0x1DC41000,
0x86000BF6,
0xFACF1DC8,
0x10008601,
0x0AEEFACF,
0x1DCC1000,
0xF0394067,
0x0AE2FACF,
0xC60179AF,
0x27001F8D,
0x000F0418,
0x269F180D,
0x7E3576C3,
0x00088318,
0xA61F8500,
0x0AC2FACF,
0x1E801000,
0x85010ABA,
0xFACF1E84,
0x10008502,
0x0AAEFACF,
0x1E881000,
0x85030AA6,
0xFACF1E8C,
0x10008504,
0x0A9AFACF,
0x1E901000,
0x85050A92,
0xFACF1E94,
0x10008506,
0x0A86FACF,
0x1E981000,
0x85070A7E,
0xFACF1E9C,
0x10002700,
0x1F81000F,
0x00388100,
0xC043C003,
0xB8ADC043,
0xC003A100,
0x40670801,
0x059FC000,
0x107A0081,
0xCA007110,
0x036E0022,
0x7124C000,
0x187A0003,
0x80002084,
0x03FE2045,
0x0C01C000,
0xA02014C0,
0x3000DF2B,
0x702C8803,
0xB8E127CA,
0x14E17A2F,
0x0A3103E5,
0x24553D00,
0x6058A820,
0x712414C4,
0x30007855,
0x70C30008,
0x8318809F,
0x10800003,
0x10840000,
0x639B631B,
0xC0837855,
0xA060F1E9,
0x706D232F,
0x02C70B3F,
0x03E56B81,
0x7A8F0A33,
0x03C5C583,
0x251510C1,
0x7D5581C0,
0x85000E1F,
0x1005A100,
0x24553D00,
0x6079621A,
0x1100009E,
0x8A00A5C0,
0xA9001A00,
0x07827185,
0xF1E87165,
0xF1E114D2,
0x308114D1,
0x308314D0,
0x308C716F,
0x704C700C,
0x70CD4308,
0xEE057075,
0x22CA0302,
0xF43F202F,
0x06C768A1,
0x0D6913E5,
0x4C7070D5,
0x260A3380,
0x781126CA,
0x30617314,
0x4C307811,
0x081D00F2,
0x26CA338B,
0x0B151031,
0x4B307811,
0x080D00F2,
0x71CD0EC3,
0xB070710C,
0x0E273030,
0x24553D00,
0x710C0BB3,
0x9031260A,
0x178079AF,
0x24553D00,
0x60388821,
0x700C43B9,
0x260A1780,
0xF1CB79AF,
0x60388821,
0x88604061,
0x43B9F1C4,
0x14C03000,
0x736C802E,
0xB980A02E,
0x762C706D,
0x47CB0008,
0x84490B41,
0x10F57850,
0xC4012849,
0x00C0249F,
0x180D7165,
0x641D40C3,
0x00088448,
0x60B8A840,
0x78702849,
0x00C07144,
0x609860F8,
0xA8627830,
0x284900C0,
0x71646098,
0x671FAF25,
0x7124F1E0,
0xC10140C3,
0x00082FB4,
0x47DB0008,
0x29C043DB,
0x000829F0,
0x4820260A,
0x3F800008,
0x2A201CC4,
0x30002000,
0x0F81000F,
0x00648100,
0xC2012004,
0x0F83FF00,
0xF000229F,
0x080D40C3,
0x00088448,
0x620C40C3,
0x00082900,
0x675E8EA2,
0x640862EC,
0xB8C37B05,
0x40C30008,
0x29306408,
0x8E81B804,
0x780F7B05,
0x40C30008,
0x29606408,
0xDC0FBC08,
0xB8087884,
0x7B0540C3,
0x00082990,
0x650D2C40,
0x1200BD10,
0x78A47B05,
0x8E032032,
0x07C0B814,
0x78652004,
0x0F8DF0FF,
0xFFFF8E04,
0x203206C3,
0x2C401400,
0xBB187864,
0x78A55033,
0xA1008101,
0x8EA6206C,
0x02C38E05,
0x20320780,
0xB8C37865,
0x43C30008,
0x2A50656D,
0xBD04232F,
0x13472305,
0x100B8E07,
0x45CB0008,
0x2A8060A8,
0xB8087884,
0x200502C0,
0x5033A101,
0x14C03000,
0x88030881,
0x005F14C8,
0x300044CB,
0x0008795C,
0x209F0A81,
0x1CC83000,
0xC00114C8,
0x3001209F,
0x0F096038,
0x641C40C3,
0x00088448,
0x620940C3,
0x00082900,
0x610862E9,
0xAC0040C3,
0x00082930,
0x61088E21,
0xAC0140C3,
0x00082960,
0x61088E22,
0xAC0240C3,
0x00082990,
0x6108AC04,
0x8E032032,
0x07C0AC05,
0x8E042032,
0x06C0AC06,
0x8E052032,
0x0780AC08,
0x8E066068,
0xAC098E07,
0x60A8AC0A,
0x14C43000,
0x70C3000F,
0x00388020,
0xC142C102,
0xB9A9C142,
0xC102B989,
0xC142C102,
0xA020C000,
0x80402284,
0x03FEBA86,
0xA040C101,
0x40C30008,
0x2FB44821,
0x21000F83,
0x000F0414,
0x8300206D,
0x05C05033,
0xE8872284,
0x03FEBA86,
0xC000A040,
0xF02171C3,
0x000F0038,
0x8100C042,
0xC002B8A9,
0xC042C002,
0xA1008300,
0x206D05C0,
0x5033E8FD,
0xC0008020,
0x218403FE,
0xA020710C,
0x1CCC3000,
0xF009C000,
0x187A0042,
0x80202184,
0x03FEB984,
0xA02014CC,
0x30002480,
0x30041404,
0x341BC6C6,
0xC1E6C1A3,
0xDB0F6994,
0x26F0700E,
0x00082FB4,
0x29400200,
0xBB082153,
0x00C27C8F,
0x78647C45,
0x7C052940,
0x05002B40,
0x03027A04,
0x2940040B,
0x2B400200,
0x200402C0,
0xB918BB10,
0x26001F8D,
0x000F0010,
0x7A052104,
0x00C085E0,
0x1D001FC1,
0x78452600,
0x1F82000F,
0x00642005,
0x03018200,
0x20040F80,
0xF000F000,
0x78255033,
0xA5158201,
0x26001F81,
0x000F0038,
0x206C02C0,
0x7C051A0B,
0x3318A596,
0x12D48000,
0xC042C002,
0xB8A9C042,
0xC002C042,
0xC002A50A,
0x12D48000,
0x26001F82,
0x000F0414,
0xC041C001,
0xB8A9C041,
0xC001B889,
0xC041C001,
0xA50A8200,
0x206D05C0,
0x5033E87D,
0x8100C040,
0xC000B8A9,
0xC040C000,
0xC040C000,
0xA1008200,
0x206D05C0,
0x5033E8FD,
0xA5E0C5C6,
0x26F07000,
0x00082FB4,
0x20300F81,
0x000F029C,
0x29410182,
0x21AD01C3,
0x22840002,
0x7FE02105,
0x008078E0,
0xC1A142C3,
0x0008002D,
0x8A400AE1,
0x013E4300,
0x26F070C2,
0x00082FB4,
0x22000F83,
0x000F03B0,
0x8300206D,
0x04C05033,
0xE8B58300,
0xB9142104,
0x0F810030,
0x0000C040,
0xC000B8B4,
0xB8B5C040,
0xC0007825,
0xC040C000,
0xA3002200,
0x0F80000F,
0x03988020,
0xC140C100,
0xB9B0C140,
0xC100B990,
0xC140C100,
0xA0208026,
0xC140C100,
0xB9B3C140,
0xC100B993,
0xC140C100,
0xA0268020,
0xC140C100,
0xB9AFC140,
0xC100B98F,
0xC140C100,
0xA020700C,
0xF02D8300,
0x206D0580,
0x50337014,
0x700CF227,
0x8300C040,
0xC000B8B3,
0xC040C000,
0xC040C000,
0xA3008300,
0x206D0580,
0x5033E8FD,
0x22000F80,
0x000F0398,
0x8020C140,
0xC100B9B0,
0xC140C100,
0xC140C100,
0xA0208020,
0xC140C100,
0xB9AFC140,
0xC100C140,
0xC100A020,
0x710C7FE0,
0x748778E0,
0xC1A126F0,
0x70020008,
0x2FB4E926,
0x09DB0070,
0x72342200,
0x0F80000F,
0x032C020C,
0x00028020,
0xC140C100,
0x216C02C1,
0xC140C100,
0xC140C100,
0xA02010B8,
0x8001C140,
0xC1002104,
0x0F81F000,
0xFFFFC140,
0xC100B997,
0xC140C100,
0x021F0020,
0x18B88040,
0x22000F83,
0x000F0304,
0x83002004,
0x0F80FFFF,
0xF0382005,
0x0F800000,
0x09055033,
0xA30013D4,
0x8000C040,
0xC000B8BF,
0xC040C000,
0xB89FC040,
0xC0001BD4,
0x800013F0,
0x8000C040,
0xC000B8AE,
0xC040C000,
0xB88EC040,
0xC0001BF0,
0x800013CC,
0x8000C040,
0xC000B8AE,
0xC040C000,
0xB88EC040,
0xC0001BCC,
0x80008304,
0xC040C000,
0x20040F80,
0xFFE03FFF,
0xC040C000,
0xB894C040,
0xC000A304,
0x13D88000,
0xC040C000,
0xB8BBC040,
0xC000B89B,
0xF0472200,
0x0F83000F,
0x03048300,
0x20040F80,
0xFFFF8E38,
0xB886B88E,
0x5033A300,
0x13D88000,
0xC040C000,
0xB8A0C040,
0xC000B880,
0xC040C000,
0x1BD88000,
0x13F08000,
0xC040C000,
0xB8B4C040,
0xC000B894,
0xC040C000,
0x1BF08000,
0x13CC8000,
0xC040C000,
0xB8B4C040,
0xC000B894,
0xC040C000,
0x1BCC8000,
0x8304C040,
0xC0002004,
0x0F80F01F,
0xFFFFC040,
0xC000B89B,
0xC040C000,
0xA30413D8,
0x8000C040,
0xC000B8BC,
0xC040C000,
0xB89CC040,
0xC0002200,
0x0F8C000F,
0x02F01BD8,
0x80002200,
0x0F83000F,
0x02CC8300,
0xC040C000,
0xB8B4C040,
0xC000B894,
0xC040C000,
0xA3008400,
0xC040C000,
0xB8B4C040,
0xC000C040,
0xC000A309,
0x8400C040,
0xC000B8B4,
0xC040C000,
0xB894C040,
0xC000A309,
0x8400C040,
0xC000B8B4,
0xC040C000,
0xB894C040,
0xC000A309,
0x8400C040,
0xC000B8B4,
0xC040C000,
0xB894C040,
0xC000A309,
0x8400C040,
0xC000B8B4,
0xC040C000,
0xC040C000,
0xA3098300,
0xC040C000,
0xB8B4C040,
0xC000C040,
0xC000A300,
0x22000F80,
0x000F02DC,
0xE9208020,
0xC140C100,
0xB9BCF020,
0x8020C140,
0xC1002104,
0x0F81FF00,
0x0FFFC140,
0xC100C140,
0xC100A020,
0x10668601,
0xC140C100,
0x216C02C1,
0xC140C100,
0xB987C140,
0xC1001866,
0x8058F00B,
0x8020C140,
0xC100B9BB,
0xC140C100,
0xC140C100,
0xA0207FE0,
0x748778E0,
0xC1A226F0,
0x70000008,
0x2FB4C0F1,
0x0E96FA4F,
0xC0D1C041,
0xC001B8A2,
0xC041C001,
0xB882C041,
0xC001A100,
0x8106B8AD,
0x5033A106,
0xC80BB88D,
0x5033A106,
0xC80BA106,
0xC80BA106,
0xC80BA106,
0xC80BB8AD,
0x5033A106,
0x8100C040,
0xC000B8A2,
0xC040C000,
0xC040C000,
0xA1007FE0,
0xC0A278E0,
0xC1A226F0,
0x70000008,
0x2FB4B918,
0x21040F81,
0x01000000,
0x20000F82,
0x000F02F4,
0x8200C041,
0xC001B8B8,
0xC041C001,
0x7825C041,
0xC001A200,
0x12DC8000,
0xC040C000,
0xB8B8C040,
0xC0007825,
0xC040C000,
0x1ADC8000,
0x7FE0C0A2,
0xC3E2C1A2,
0x704C26F0,
0x70010008,
0x2F947144,
0x21300F81,
0x000F0188,
0x2144008D,
0x794F0909,
0x0195ED73,
0x4100219F,
0x080D2100,
0x0F830008,
0x83188340,
0x79BBBAA2,
0x7945A320,
0xED2926F0,
0x70020008,
0x2FB42200,
0x0F81000F,
0x03B08100,
0xB898B89E,
0x5033A100,
0x22300F80,
0x000F03D4,
0xC041C001,
0xB8AAC041,
0xC001B88A,
0xC041C001,
0xA1098102,
0xC040C000,
0xB8ABC040,
0xC000B88B,
0xC040C000,
0xA1020EAA,
0x0120208A,
0x0A0F2579,
0x1000C7C2,
0xC2E61CFC,
0xB6C826F0,
0x70020008,
0x2FB47134,
0x43C30008,
0x86642200,
0x0F8F000F,
0x02D003E2,
0x0022C1A2,
0x872044CB,
0x000F02F4,
0x629DC140,
0xC1002840,
0x019F43DB,
0x00080168,
0xB9A5C140,
0xC100B985,
0xC140C100,
0xA7208520,
0xC140C100,
0xB9A5C140,
0xC100B985,
0xC140C100,
0xA7298720,
0xC140C100,
0xB9BAC140,
0xC100B99A,
0xC140C100,
0xA7208520,
0xC140C100,
0xB9BAC140,
0xC100C140,
0xC100A729,
0x8720C140,
0xC100B9B8,
0xC140C100,
0xB998C140,
0xC100A720,
0x8520C140,
0xC100B9B8,
0xC140C100,
0xC140C100,
0xA7298720,
0xC140C100,
0xB9B9C140,
0xC100B999,
0xC140C100,
0xA7208520,
0xC140C100,
0xB9B9C140,
0xC100B999,
0xC140C100,
0xA7298720,
0xC140C100,
0xB9B7C140,
0xC100B997,
0xC140C100,
0xA7208520,
0xC140C100,
0xB9B7C140,
0xC100C140,
0xC100A729,
0x8721C140,
0xC100B9AC,
0xC140C100,
0xB98CC140,
0xC100A721,
0x8521C140,
0xC100B9AC,
0xC140C100,
0xB98CC140,
0xC100A72A,
0x8722C140,
0xC100B9AD,
0xC140C100,
0xB98DC140,
0xC100A722,
0x8522C140,
0xC100B9B9,
0xB9BAC140,
0xC100B999,
0xB99AC140,
0xC100A72B,
0x4100219F,
0x080D617D,
0x24541A83,
0x62612354,
0x0A0EA520,
0x8727A521,
0x626162DD,
0xE6182104,
0x0F8CFF87,
0xFF032730,
0x36C1665E,
0xB9292144,
0x03017985,
0x214F010C,
0x1A0B3318,
0x6261C140,
0xC1001C00,
0x3001C100,
0x7985C140,
0xC100A73E,
0x87272105,
0x0F8C0078,
0x00FC1A0B,
0x33188727,
0xC140C100,
0x1C003001,
0xC1007985,
0xC140C100,
0x22000F8C,
0x000F01A4,
0xA7278520,
0xC140C100,
0xB9A6C140,
0xC100B986,
0xC140C100,
0x1FC81040,
0x8526C140,
0xC100B9A2,
0xC140C100,
0xC140C100,
0x1FE01040,
0x22000F81,
0x000F007C,
0xC141176B,
0x9603176B,
0x96012384,
0x0E0FC140,
0xC1002184,
0x01F0C140,
0xC1002185,
0x0E06C140,
0xC1001F6B,
0x905817B5,
0x961E17B5,
0x96012604,
0x3F9E00FF,
0xF000C140,
0xC1002104,
0x0F81FF00,
0x0FFFC140,
0xC100B990,
0xC140C100,
0x1FB59058,
0x17B5960B,
0x17B59601,
0x236C15CB,
0xC140C100,
0xB9D7C140,
0xC100B99B,
0xC140C100,
0x1FB59058,
0x8622C140,
0xC100B9AA,
0xC140C100,
0xC140C100,
0x1FE81040,
0x8521B99C,
0xB99DB99E,
0x1A0B3058,
0x1FCC1040,
0x86222184,
0x00302185,
0x0CC91A0B,
0x30581FE8,
0x10408622,
0xC140C100,
0xB9AAC140,
0xC100B98A,
0xC140C100,
0x1FE81040,
0x86220901,
0x031E8622,
0x2305178B,
0x72C3000F,
0x0444C140,
0xC1002700,
0x36CFB9AA,
0xC140C100,
0xC140C100,
0xA6228521,
0xB9BCB9BD,
0xB9BE1A0B,
0x3058A521,
0x8420B9CB,
0x210502C1,
0x1A0B3058,
0xA4208280,
0xBC3B1A0B,
0x3318126C,
0x8601C140,
0xC100216C,
0x0101C140,
0xC1007985,
0xC140C100,
0x1A6C8058,
0x8281BC3C,
0x1A0B3318,
0x126C8601,
0xBC05C140,
0xC1002184,
0x07F8C140,
0xC1007985,
0xC140C100,
0x1A6C8058,
0x12A4800C,
0xD97FB910,
0xBCC61A0B,
0x3318120E,
0x860B23AD,
0x10C31A0B,
0x32D812A4,
0x800D87C1,
0xBD107D24,
0x26041F8E,
0xFF80FFFF,
0x7DC5A7A1,
0x25041F8E,
0xFFFF03FF,
0x12A4800D,
0xB907BD2B,
0x25041F8D,
0x0000FC00,
0x7DC5A7A1,
0x120E8602,
0x25041F8D,
0xC07FFFFF,
0xBA147944,
0x79A5A721,
0x23401141,
0x090D0324,
0x23421141,
0x0C3B1043,
0x26F07001,
0x00082F94,
0x209F080D,
0x21000F82,
0x000F0110,
0x8220C140,
0xC100B9A6,
0xC140C100,
0xB986C140,
0xC100A220,
0x20000F81,
0x00088464,
0x8100B89F,
0xA100C001,
0x8000C040,
0xC0002084,
0x01F0C040,
0xC0007B05,
0xC340C100,
0xC001A020,
0xF0448720,
0x72C3000F,
0x0398209F,
0x080D2104,
0x0F81F87F,
0xFFDF1A0B,
0x3058A720,
0x8721C140,
0xC100B9AC,
0xC140C100,
0xB98CC140,
0xC100A721,
0x8722C140,
0xC100B9AD,
0xC140C100,
0xB98DC140,
0xC100A722,
0x8220C140,
0xC100B9A6,
0xC140C100,
0xC140C100,
0x1FC81040,
0x12B08001,
0xC140C100,
0x1C003001,
0x6062C100,
0x60787945,
0xC140C100,
0xA73E8727,
0xC140C100,
0x1C003001,
0x8021C000,
0x7825C040,
0xC000A707,
0xC0A21404,
0x341BC6C6,
0xC1E6C1A1,
0x26F0700D,
0x00082FB4,
0x46288123,
0x25001F8C,
0x000F030C,
0x840075C3,
0x000F0330,
0xC040C000,
0x20040F80,
0xFFF07FFF,
0xC0408601,
0xB80F2004,
0x0F8F000F,
0x8000C000,
0x78E5C040,
0xC000A400,
0x14FC9000,
0xC040C000,
0x206C00C0,
0xC04086E2,
0xC000BFC3,
0x78E5C040,
0xC0001CFC,
0x90008500,
0xC040C000,
0x20040F80,
0xF0003FFF,
0xC0408600,
0xB80E2004,
0x0F8E0FFF,
0xC000C000,
0x78C5C040,
0xC000A409,
0x29400200,
0x20840010,
0xB9C17905,
0x85062084,
0x0F2F7825,
0x5033A40F,
0x14F89000,
0xB83B2044,
0x03807A05,
0x1A0B3098,
0x14F89000,
0xBA1B2204,
0x0F817800,
0x0000C040,
0xC0002004,
0x0F8087FF,
0xFFFFC040,
0xC0007825,
0xC040C000,
0x1CF89000,
0x14E89000,
0xB8A05033,
0x1CE89000,
0xC80BB880,
0x50331CE8,
0x9000C80B,
0xB8805033,
0x1CE89000,
0xC80BB880,
0x50331CE8,
0x9000C80B,
0xB8A05033,
0x1CE89000,
0x6B14BB0F,
0x78652004,
0x0F810078,
0x00F08506,
0x20040F80,
0xFF87FF0F,
0x79051A0B,
0x30588506,
0xC040C000,
0x1C003001,
0xC0007825,
0xC040C000,
0xA40FC5C6,
0xC1A142C3,
0x0008002D,
0x8A400AE1,
0x017E4300,
0x26F070C2,
0x00082FB4,
0x22000F83,
0x000F03B0,
0x8300206D,
0x06405033,
0xE8B58300,
0xB91A2104,
0x0F810C00,
0x0000C040,
0xC000B8BA,
0xB8BBC040,
0xC0007825,
0xC040C000,
0xA3002200,
0x0F80000F,
0x03988020,
0xC140C100,
0xB9B5C140,
0xC100B995,
0xC140C100,
0xA0208026,
0xC140C100,
0xB9B9C140,
0xC100B999,
0xC140C100,
0xA0268020,
0xC140C100,
0xB9B4C140,
0xC100B994,
0xC140C100,
0xA020700C,
0xF02D8300,
0x206D0700,
0x50337014,
0x700CF227,
0x8300C040,
0xC000B8B9,
0xC040C000,
0xC040C000,
0xA3008300,
0x206D0700,
0x5033E8FD,
0x22000F80,
0x000F0398,
0x8020C140,
0xC100B9B5,
0xC140C100,
0xC140C100,
0xA0208020,
0xC140C100,
0xB9B4C140,
0xC100C140,
0xC100A020,
0x710C7FE0,
0x748778E0,
0xC1E2C1A1,
0x22003002,
0x12300081,
0x26F07003,
0x00082FB4,
0xE9A52300,
0x0F81000F,
0x04488180,
0x11A0800D,
0x110E8600,
0xBC3CC040,
0xC0002004,
0x0F80FF81,
0xFFFFC040,
0x2D411540,
0x7882B811,
0x70C3001C,
0x00002004,
0x0F8C007E,
0x0000C000,
0x7885C040,
0xC000190E,
0x80181A30,
0x00432300,
0x0F81000F,
0x01948140,
0x2A410600,
0x503311FC,
0x8000226C,
0x05C2C040,
0xC000B8D7,
0xC040C000,
0x7845C040,
0xC0002300,
0x0F82000F,
0x06C043C3,
0xFF000FFF,
0x19FC8000,
0x8200C040,
0xC000B8AC,
0xB8ADC040,
0xC000B88D,
0xC040C000,
0xA2008100,
0xB82C2004,
0x0F8C0000,
0x0FCFBC84,
0x1A0B3318,
0x11FC8000,
0xBC0CC040,
0xC0007864,
0xC040C000,
0x7885C040,
0xC00019FC,
0x800011FC,
0x8000B82C,
0x20040F8C,
0x00000BB1,
0x1A0B3318,
0x11FC8000,
0xC040C000,
0x7864C040,
0xC0002C40,
0x13037865,
0xC040C000,
0x19FC8000,
0x123E8600,
0x20840030,
0x20850387,
0x50331989,
0x00181237,
0x8600C040,
0xC000B8BC,
0xC040C000,
0xB89CC040,
0xC0001982,
0x00181237,
0x8600C040,
0xC000B8BD,
0xC040C000,
0xB89DC040,
0xC0001982,
0x0018123E,
0x8600C040,
0xC000B8AA,
0xC040C000,
0xB88AC040,
0xC0001989,
0x00181237,
0x8600C040,
0xC000B8BE,
0xC040C000,
0xB89EC040,
0xC0001982,
0x0018C5C2,
0xC1E6C1A1,
0x4300239F,
0x080141C3,
0x00080258,
0x26F0700C,
0x00082F84,
0x45CB000F,
0x00FC633B,
0x832064BA,
0x25541A8E,
0xB9A1A320,
0x8220669D,
0xC140C100,
0x216C0441,
0xC140C100,
0x21050F81,
0x00020230,
0xC140C100,
0xA22012A4,
0x8001C140,
0xC100B9B2,
0xC140C100,
0xB992C140,
0xC1001AA4,
0x8040129C,
0x8001C140,
0xC100B9A4,
0xC140C100,
0xB984C140,
0xC1001A9C,
0x804012C8,
0x8001C140,
0xC100B9B5,
0xC140C100,
0xB995C140,
0xC1001AC8,
0x804064C1,
0xC140C100,
0xB9A7C140,
0xC100B987,
0xC140C100,
0xA2358530,
0xC140C100,
0x218407F8,
0xC140C100,
0xB985C140,
0xC1001A94,
0x004064C1,
0xC140C100,
0xB9B2C140,
0xC100B992,
0xC140C100,
0xA2358530,
0xC140C100,
0xB9BAB9BB,
0xC140C100,
0xB99BC140,
0xC1001A94,
0x00408B23,
0x0945005F,
0x24001F82,
0x000F0098,
0x8220C140,
0xC100B9BC,
0xC140C100,
0xB99CC140,
0xC100A220,
0x24001F82,
0x000F00E0,
0x8220C140,
0xC100B9AA,
0xB9ABB9AC,
0xC140C100,
0xB98AB98B,
0xB98CC140,
0xC100A220,
0x41C30008,
0x001F8920,
0x09BB001F,
0x24001F82,
0x000F00E8,
0x82A08220,
0x46CB4000,
0x2000BDAD,
0xC140C100,
0x1C003001,
0xC100BDBB,
0xBDBE79A5,
0x79C5C140,
0xC100A220,
0x12BC800F,
0x12BC8001,
0xC140C100,
0x1C003001,
0xC500264F,
0x16C17DE5,
0x79A5C140,
0xC1001ABC,
0x80402430,
0x1F81000F,
0x0184248A,
0x1007C0F1,
0x0AFAFA0F,
0xC0D1C140,
0xC100B9AA,
0xC140C100,
0xC140C100,
0x1AC88040,
0x12A88001,
0xC140C100,
0xB9B5C140,
0xC100B995,
0xC140C100,
0x1AA88040,
0x83202144,
0x808B218A,
0x000424CA,
0x10411220,
0x80017075,
0x216C02C3,
0xD91F7B85,
0x21CA0521,
0x79651A0B,
0x30581A20,
0x804026F0,
0x70000008,
0x2F8CD91D,
0xB90B2000,
0x0F82000F,
0x00248200,
0xC040C000,
0x20040F80,
0xFFFF00FF,
0xC040C000,
0x7825C040,
0xC000B90C,
0xA2008200,
0xC040C000,
0x20040F80,
0xF00FFFFF,
0xC040C000,
0x7825C040,
0xC000A200,
0xC5C678E0,
0xC2E61CFC,
0xB6C8C1A2,
0x26F0701B,
0x00082F94,
0xC0412330,
0x3F80000F,
0x0184206D,
0x0142C001,
0x7054B806,
0x20000F81,
0x00080158,
0x8100B8A0,
0x78454300,
0x075E0022,
0xA1002300,
0x3F8E000F,
0x00008600,
0x23003F8B,
0x000F02CC,
0x45CB0008,
0x5ADCB824,
0x20440082,
0x23500040,
0x7845A100,
0x16B31600,
0x138F9600,
0x8540DC7F,
0xBC072A41,
0x02C3206C,
0x05012A41,
0x06407B84,
0x78257B05,
0x6A336C17,
0x78247865,
0x50331E42,
0x10181390,
0x9600704C,
0x4363206C,
0x03418500,
0x20AD0103,
0x79058D04,
0xB8067C04,
0x21050300,
0x50331E43,
0x10188D04,
0x781D0823,
0x00842614,
0x70800008,
0x5AE48000,
0x23000F81,
0x000F0008,
0x72445033,
0xA1007464,
0xF1EF2300,
0x3F82000F,
0x015441C3,
0x00085A94,
0x82008180,
0x206C060D,
0x40812C41,
0x134320AD,
0x06422384,
0x080F78A5,
0x7865DB1F,
0x7D9DBB0A,
0x7D647D05,
0xBC0B6B15,
0x78842005,
0x034C89A4,
0x2B400280,
0x706CBD13,
0x78A47885,
0x5033A200,
0x42638100,
0xB8390823,
0x00C42614,
0x70C00008,
0x5A9C8000,
0x22000F8C,
0x000F0114,
0x72645033,
0xA4007444,
0xF1EFC001,
0x73ADBD1A,
0x26F07001,
0x00082FB4,
0x21000F83,
0x000F0300,
0x8300C040,
0xC000B8BA,
0xB8BBB8BC,
0xC040C000,
0x78A5C040,
0xC000BD24,
0xA30013D8,
0x8000C040,
0xC000B8BA,
0xC040C000,
0xB89AC040,
0xC0001BD8,
0x800013F0,
0x8000C040,
0xC000B8BE,
0xC040C000,
0xB89EC040,
0xC0001BF0,
0x800013CC,
0x8000C040,
0xC000B8BE,
0xC040C000,
0xB89EC040,
0xC0001BCC,
0x80001396,
0x8600C040,
0xC0002004,
0x0F80FE0F,
0xFFFFC040,
0xC00078A5,
0xC040C000,
0x1B968018,
0x136B8600,
0x21000F8C,
0x000F06D4,
0x21000F82,
0x000F06F0,
0x0ECEFA0F,
0x1B6B8018,
0x84002D41,
0x128145CB,
0x00082B60,
0x0D16FA0F,
0x1BF50018,
0x8401214F,
0x039F43CB,
0x00000E00,
0x206C0680,
0x20050F80,
0x035F91C8,
0x50331BF6,
0x00188402,
0xC040C000,
0x20840038,
0xC040C000,
0x208505C3,
0xC040C000,
0x1BF70018,
0x840340C3,
0x08081212,
0x50331BF8,
0x00188407,
0xC0F10CDA,
0xFA0FC0D1,
0x1BFC0018,
0x13858600,
0x20040F80,
0xFFFF0FFF,
0x78255033,
0x1B858018,
0x13BC8600,
0xC040C000,
0x20040F80,
0xFFF807FF,
0xC040C000,
0xC040C000,
0x1BBC8018,
0x13928600,
0xC040C000,
0xB8BFC040,
0xC000C040,
0xC0001B92,
0x801813AA,
0x8600C040,
0xC0002084,
0x0020C040,
0xC000C040,
0xC0001BAA,
0x80181342,
0x8600C040,
0xC000B8A9,
0xC040C000,
0xB889C040,
0xC0001B42,
0x8018135F,
0x8600C040,
0xC0002084,
0x01F0C040,
0xC0002085,
0x0406C040,
0xC0001B5F,
0x80181413,
0x9600C040,
0xC0002084,
0x003CC040,
0xC0002085,
0x0BC2C040,
0xC000A308,
0x13E08000,
0xC040C000,
0xB8A5C040,
0xC000B885,
0xC040C000,
0x1BE08000,
0x13F88000,
0xC040C000,
0xB8ADC040,
0xC000B88D,
0xC040C000,
0x1BF88000,
0x13D48000,
0xC040C000,
0xB8ADC040,
0xC000B88D,
0xC040C000,
0x1BD48000,
0x8303C040,
0xC000206C,
0x0100C040,
0xC000C040,
0xC000A303,
0x13DC8000,
0xC040C000,
0xB8ADC040,
0xC000B88D,
0xC040C000,
0x1BDC8000,
0x84002045,
0x00C05033,
0x1BF50018,
0x13D88000,
0xB89CB89E,
0x50331BD8,
0x80008301,
0x20840E38,
0x208501C6,
0x5033A301,
0x82062555,
0x1802C040,
0xC0002084,
0x0FF8C040,
0xC000B887,
0xC040C000,
0xA40D147C,
0x9000C040,
0xC0002004,
0x0F80FC03,
0xFFFFC040,
0xC000B892,
0xC040C000,
0x1BD40018,
0x13CC8000,
0xC040C000,
0xB8B2C040,
0xC000B892,
0xC040C000,
0x1BCC8000,
0x13F08000,
0xC040C000,
0xB8B2C040,
0xC000B892,
0xC040C000,
0x1BF08000,
0x14A89000,
0xC040C000,
0x206C00C0,
0xC04085C0,
0xC000BEC3,
0x78C5C040,
0xC0001BDF,
0x001814A4,
0x900085E6,
0x85C98503,
0xC0F10812,
0xFA0FC0D1,
0x850CB810,
0x20040F80,
0x000F0000,
0x78C585CF,
0xBE0C7ED0,
0x7E058512,
0xB8082004,
0x0F800000,
0x0F0078C5,
0x85D5BE04,
0x7ECF7E05,
0x8518B8C3,
0x78C55033,
0x1BDE0018,
0x14A09000,
0x85FE82C1,
0x851BC0F1,
0x0FC6F9CF,
0xC0D18204,
0xB8102004,
0x0F80000F,
0x000078C5,
0x82C7BE0C,
0x7ED07E05,
0x820AB808,
0x20040F80,
0x00000F00,
0x78C582CD,
0xBE047ECF,
0x7E058210,
0xB8C378C5,
0x50331BDD,
0x001814B0,
0x9000DE07,
0xBE12206C,
0x050F8501,
0x852AB812,
0x78C47F05,
0x8504B909,
0x210402C1,
0xB80F2004,
0x0F800003,
0x80007F05,
0x8507B80C,
0x200407C0,
0x78E57905,
0x850DB806,
0x20840007,
0x78258530,
0xB9032144,
0x0E017905,
0x8513B8C2,
0x78255033,
0x1BE10018,
0x14AC9000,
0xC0F10C8A,
0xF9CFC0D1,
0x8222B812,
0x78C47F05,
0x8205B90F,
0x21040F81,
0x00038000,
0xB80C2704,
0x301F8208,
0x79E52105,
0x07C1B809,
0x2304100B,
0x820B2105,
0x02C1B806,
0x20840007,
0x7905820E,
0xB8032044,
0x0E007905,
0x8211B8C2,
0x78255033,
0x1BE00018,
0x14BC9000,
0xC040C000,
0x206C00C0,
0xC0408522,
0xC000B9C3,
0x7825C040,
0xC0001BE4,
0x001814B8,
0x90000E12,
0xF9CF7825,
0x852E2300,
0x3F8E000F,
0x0110B910,
0x21040F81,
0x000F0000,
0x79058511,
0xB80C7810,
0x78258534,
0x0FD2F9CF,
0x8517B804,
0x780F7905,
0x851AB8C3,
0x78255033,
0x1BE30018,
0x14B49000,
0x8203B814,
0x20040F81,
0x00F00000,
0x8200B818,
0x20040F8C,
0x0F000000,
0x851DB81C,
0x78857905,
0x8206B810,
0x0876FA0F,
0x8209B80C,
0x78107905,
0x820C0F96,
0xF9CF820F,
0xB804780F,
0x79058212,
0xB8C37825,
0x50331BE2,
0x0018C101,
0x13978602,
0x40C30008,
0x864C219F,
0x080D1A0B,
0x3098611C,
0x404020AD,
0x0B05BA38,
0xA400AC50,
0x13988602,
0x404020AD,
0x0B051A0B,
0x3098BA38,
0xA401AC51,
0x13998602,
0x404020AD,
0x0B051A0B,
0x3098BA38,
0xA402AC52,
0x139A8600,
0x50332841,
0x060220AD,
0x0B05AC53,
0xA4031390,
0x86002300,
0x3F82000F,
0x015CC040,
0xC000B8BF,
0xC040C000,
0xC040C000,
0x1B908018,
0x8200C040,
0xC000206C,
0x0040C040,
0xC301C000,
0xBBC17865,
0xC040C000,
0xA2008205,
0x20460C00,
0x5033A205,
0x40C30008,
0x001B8800,
0x083300DF,
0x860071C3,
0x00088318,
0xC040C000,
0x20040F80,
0xFFF0FFFF,
0xC040C000,
0xB890C040,
0xC000A600,
0x81002004,
0x0F80FFFE,
0x1FFFB88D,
0xA1002300,
0x3F8D000F,
0x018C8500,
0x702CC040,
0xC000206C,
0x0040C040,
0xC0002045,
0x00C0C040,
0xC000A500,
0x0906FF2F,
0xC0018600,
0xC040C000,
0xB8B5C040,
0xC000B895,
0xC040C000,
0xA60015E4,
0x9000C040,
0xC000B8A2,
0xC040C000,
0xC040C000,
0x1DE49000,
0x23303F80,
0x000F0334,
0xC040C000,
0xB8A0C040,
0xC000C040,
0xC0001D6A,
0x10188600,
0xC040C000,
0xB8A4C040,
0xC000B884,
0xC040C000,
0xA600159D,
0x9600C040,
0xC000B8AD,
0xC040C000,
0xB88DC040,
0xC0001D9D,
0x9018C0A2,
0x1404341B,
0xC6C678E0,
0xC3E6C1A1,
0x26F0700D,
0x00082FA4,
0x46082530,
0x1F80000F,
0x00F8206D,
0x03C26E16,
0x20000F81,
0x00080058,
0x81007054,
0xB8A07845,
0x4300020C,
0x0022A100,
0x25001F8F,
0x000F0000,
0x8700781D,
0x20440082,
0x23500040,
0x7845A100,
0x0B76FA2F,
0x40C141C3,
0x000F012C,
0x65202653,
0x104226F0,
0x73830008,
0x2FC4C040,
0xC000206C,
0x0040C040,
0xC0007845,
0xC040C000,
0x21540982,
0x63591F4B,
0x10188100,
0x22550CC2,
0x627AC040,
0xC000DB20,
0xBB8C2084,
0x003CC040,
0xC0002045,
0x06C0C040,
0xC000A100,
0x11988000,
0xC040C000,
0xB8B8C040,
0xC000C040,
0xC0001998,
0x80001180,
0x8000C040,
0xC000B8B8,
0xC040C000,
0xB898C040,
0xC0001980,
0x800011CC,
0x0000C040,
0xC0002004,
0x0F80FE01,
0xFFFFC040,
0xC0002005,
0x0F8001A2,
0x0000C040,
0xC0000F7E,
0xF98FC040,
0xC0001C00,
0x3001C000,
0x20850401,
0xC040C000,
0x19A80000,
0x8203C040,
0xC0002084,
0x03F8C040,
0xC0002085,
0x0403C040,
0xC00019D8,
0x00008204,
0xC040C000,
0x20040F80,
0xFFF83FFF,
0xC040C000,
0xB88EB890,
0xB891C040,
0xC00019DC,
0x000011A0,
0x8000C040,
0xC000B8B0,
0xB8B1C040,
0xC000B891,
0xC040C000,
0x19A08000,
0x11888000,
0xC040C000,
0xB8ABC040,
0xC000B88B,
0xC040C000,
0x19888000,
0x12F08000,
0xC040C000,
0xB8B0C040,
0xC000B890,
0xC040C000,
0x0A16F9CF,
0xC040C000,
0x206C0380,
0xC040C000,
0xB88AC040,
0xC00019A3,
0x801811AD,
0x8600C040,
0xC0002046,
0x0F00C040,
0xC000B882,
0xC040C000,
0x0B4EF9CF,
0x40C30008,
0x001B8800,
0x083F00DF,
0x25001F81,
0x000F008C,
0x8100C040,
0xC0002004,
0x0F80FFFF,
0xF0FFC040,
0xC000B888,
0xC040C000,
0xA1006E14,
0x20000F81,
0x00085E58,
0x81002004,
0x0F80FFFE,
0x1FFFB88D,
0xA1002500,
0x1F80000F,
0x00EC8020,
0xC140C100,
0xB9B2C140,
0xC100C140,
0xC100A020,
0x10148001,
0xC140C100,
0xB9AAC140,
0xC100B98A,
0xC140C100,
0x18148040,
0xC7C678E0,
0xC1E6C1A1,
0x26F0700C,
0x00082FB4,
0x4528B903,
0x707421CA,
0x02216199,
0x21000F8B,
0x000F02B4,
0x1300101E,
0xDE3FBE0A,
0x240A1780,
0x2651B240,
0xBCC92605,
0x178121CA,
0x03017F2E,
0x2E413281,
0x2651B4C0,
0x2105038C,
0xB9C924CA,
0x1041798E,
0x673F702C,
0xB99D260B,
0xB0402E41,
0x35012105,
0x038CB9C9,
0x24CA1041,
0x1A0B3798,
0x798E673F,
0x416D2E41,
0x378CB902,
0x21840F0F,
0x1A0B3058,
0x6199B9E9,
0x21C50382,
0x7C2E64FC,
0x2C44110C,
0x6C32EB09,
0xC3050B0B,
0x03400B0F,
0x00D17956,
0xF003BA04,
0x615942C3,
0x00082F94,
0x0D171090,
0x0D5B1050,
0xEDAA4A00,
0x20000F82,
0x000F0358,
0xF0064A00,
0x20000F82,
0x000F0354,
0x8200BCC9,
0xB90CC040,
0xC0002104,
0x0F8100FF,
0xF0002084,
0x0030C040,
0xC0007885,
0xC040C000,
0xA2008201,
0xC040C000,
0x20040F80,
0xFF000FFF,
0xC040C000,
0x7825C040,
0xC000A201,
0xC5C64A00,
0xBC0C2404,
0x1F83003F,
0xF0002000,
0x0F82000F,
0x03548200,
0xB9CBC040,
0xC0002004,
0x0F80FFC0,
0x0FFFC040,
0xC0007865,
0xC040C000,
0xA2008202,
0xC040C000,
0x206C02C0,
0xC040C000,
0x7825C040,
0xC000A202,
0xC5C678E0,
0x69492011,
0x8080704C,
0xF207090F,
0x0815220F,
0x00427124,
0xF1FB7845,
0x7FE07811,
0x4100700C,
0x703420E0,
0x07CC7104,
0x793DF1FC,
0xC1E6C1A1,
0x217D0081,
0x26F0701E,
0x00082FC4,
0x209F0D02,
0x215F078B,
0x46CB0008,
0x65A643C3,
0x000F0054,
0x2300078C,
0x2300100B,
0x23001382,
0x8A028420,
0xDF7FB8C6,
0x216C06C1,
0x78258A23,
0xBF0769B7,
0x8A247DE4,
0x7D05B90E,
0x6F177824,
0x7D058A05,
0xBF0EB815,
0x78E47D05,
0x1A0B3358,
0xA4A09206,
0x45CB000F,
0xFC00B80A,
0x2004034F,
0x92058421,
0xB8C9216C,
0x07417825,
0x92277F05,
0x2D401280,
0xB9147824,
0x78E55033,
0xA401920B,
0xB80A7D04,
0x92088422,
0x234F0242,
0xB8C9216C,
0x04C17825,
0x78A55033,
0xA4022200,
0x07828200,
0x45CB0000,
0xFFFBC040,
0xC0002084,
0x003EC040,
0x23321380,
0xC1002354,
0x0B0EB8C6,
0x7825C040,
0xC0006D62,
0x2640170F,
0x1C801018,
0x12968600,
0x2642120B,
0x2600178E,
0xB8935033,
0xA4161294,
0x8600B882,
0x5033A414,
0x12968600,
0xB8915033,
0xA4161294,
0x8600B883,
0x5033A414,
0x129D8601,
0x79A4B982,
0x1A0B3058,
0x129D8600,
0xC040C000,
0x206C03C0,
0xC040C000,
0x7825C040,
0xC000A41D,
0x12408000,
0x20040F80,
0x0000FFF3,
0x20450301,
0x1A0B3058,
0x12408000,
0xC040C000,
0x206C03C0,
0xC040C000,
0x7825C040,
0xC0001C50,
0x1018129D,
0x86017964,
0xB9811A0B,
0x3058129D,
0x8600C040,
0xC000206C,
0x03C0C040,
0xC0007825,
0xC040C000,
0xA41D1240,
0x80017964,
0xB9811A0B,
0x30581240,
0x8000C040,
0xC000206C,
0x03C0C040,
0xC0007825,
0xC040C000,
0x1C501018,
0x2700178C,
0x86201A0B,
0x30588402,
0xB9345033,
0x782408F5,
0x801E8600,
0xB8B35033,
0xA6002330,
0x1780B8A2,
0x50331EF8,
0x90008600,
0xB8B15033,
0xA6002330,
0x1780B8A3,
0x50331EF8,
0x90008607,
0x7B041A0B,
0x30D88607,
0xC040C000,
0x206C03C0,
0xC040C000,
0x7865C040,
0xC000A607,
0x12408000,
0x20040F81,
0x0000FFF5,
0x1A0B3058,
0x12408000,
0xC040C000,
0x206C03C0,
0xC040C000,
0x7825C040,
0xC0002600,
0x3F81000F,
0x02441A40,
0x80008100,
0xC040C000,
0xB8B0C040,
0xC000C040,
0xC000A100,
0x86005033,
0x28410501,
0x84025033,
0x782508F5,
0x801F1240,
0x80007D04,
0x1A0B3358,
0x12408000,
0xC040C000,
0x206C03C0,
0xC040C000,
0x78A5C040,
0xC0001A40,
0x8000C5C6,
0xC2E61CFC,
0xB6C8C1A2,
0x4608B804,
0x45CB0008,
0x5E5C651D,
0x8540706C,
0x404020AD,
0x0EC1E088,
0x0604002D,
0xC34147CB,
0x00082FA4,
0x20240000,
0x00250000,
0x00BF0000,
0x019D0000,
0x022B0000,
0x025D0000,
0x02CF0000,
0x03270000,
0x03F30000,
0x04E50000,
0x22040F80,
0xF807FFFF,
0xA50040C3,
0x00082FC4,
0x48C343CB,
0x0000FFF5,
0x23000F82,
0x000F00AC,
0x82002004,
0x0F80FF39,
0xFFFFB892,
0xB8975033,
0xA2008207,
0x200402CC,
0xBC831A0B,
0x33188207,
0xC040C000,
0x206C03C0,
0xC040C000,
0x7885C040,
0xC0002300,
0x0F8C000F,
0x0194A207,
0x12F88000,
0x2085060C,
0x50331AF8,
0x80008400,
0x200402C0,
0x20450283,
0x1A0B30D8,
0x8400C040,
0xC000206C,
0x03C0C040,
0xC0007865,
0xC040C000,
0x1AE80000,
0x85002004,
0x0F8287FF,
0xFFFFBA9B,
0xA5400A0A,
0xF9CFF4BB,
0x6E1670C3,
0x0008005C,
0x88030861,
0x001F40C3,
0x00082FC4,
0x48C22200,
0x0F83000F,
0x011C8300,
0xC040C000,
0x20840FF0,
0xC040C000,
0xB886C040,
0xC000A300,
0x13E48000,
0xC040C000,
0xB8B2C040,
0xC000B892,
0xC040C000,
0x1BE48000,
0x22000F83,
0x000F0130,
0x09250095,
0x8300C040,
0xC0002084,
0x0030C040,
0xCC22F011,
0x22040F80,
0x87FFFFFF,
0xB89B04BB,
0x0020B89C,
0x8300C040,
0xC0002084,
0x0030C040,
0xCC23C100,
0xB8C92200,
0x0F9B000F,
0x01047825,
0xC040C000,
0xA3004067,
0xC040C000,
0xB8AAC040,
0xC000B88A,
0xC040C000,
0x1B003000,
0x0CA20060,
0xD86413A8,
0xB000C040,
0xC000B8B1,
0xC040C000,
0xB891C040,
0xC0001BA8,
0xB0008500,
0x20040F80,
0x87FFFFFF,
0xB89CA500,
0x40C30008,
0x2FC448C2,
0x4FC02200,
0x0F81000F,
0x00AC8160,
0xBB342344,
0x004B1A0B,
0x32D82030,
0x0F8C000F,
0x00EC2C41,
0x15007865,
0xB8E0F2CD,
0x0B131011,
0x0C0F151E,
0x8100C040,
0xC000B8B1,
0xF05D8100,
0xC040C000,
0xB8B1C040,
0xC000C040,
0xC000A100,
0x22000F81,
0x000F0104,
0x8100C040,
0xC000B8AA,
0xC040C000,
0xC040C000,
0xA10011FC,
0x8000C040,
0xC000B8B2,
0xC040C000,
0xC040C000,
0x19FC8000,
0x0D7EF98F,
0x20050F82,
0x18000000,
0xA5400896,
0xF9CF0352,
0x00226E16,
0x70C30008,
0x005C8803,
0x086D005F,
0x08C6F98F,
0x8100C040,
0xC000B8B6,
0xC040C000,
0xB896C040,
0xC000A100,
0x0D42F98F,
0xB89DA500,
0x08A6F98F,
0x81404FC0,
0xBA392244,
0x004C1A0B,
0x33182030,
0x0F83000F,
0x00EC2B41,
0x05007845,
0xB8E0F26F,
0xEC990B33,
0x051E8100,
0xC040C000,
0xB8B6C040,
0xC000C040,
0xC000A100,
0x0B720060,
0x208A0717,
0x033D0000,
0x22040F80,
0x87FFFFFF,
0x02E50020,
0xB89B8100,
0xC040C000,
0xB8B6C040,
0xC000C040,
0xC000A100,
0x0CD2F98F,
0x20050F82,
0x28000000,
0xA5400FEA,
0xF98FF5AB,
0x6E1670C3,
0x0008005C,
0x8803B8E2,
0x02A00002,
0x40C30008,
0x2FC448C0,
0x20000F81,
0x000F00C8,
0x81002004,
0x0F820000,
0xFFFDBA81,
0x1A0B3098,
0x8100C040,
0xC000206C,
0x03C0C040,
0xC0007845,
0xC040C000,
0xA1008500,
0x20040F80,
0x87FFFFFF,
0xB89CB89D,
0xA50040C3,
0x00082FC4,
0x48C14FC0,
0x21000F82,
0x000F00D0,
0x82602344,
0x004C1A0B,
0x33182030,
0x0F8B000F,
0x00EC2B41,
0x15007865,
0xB8E0028C,
0x00012100,
0x0F83000F,
0x00C8ECB2,
0x0B61151E,
0x830047CB,
0x0000FFEF,
0x78E4204F,
0x010C1A0B,
0x33188300,
0xC040C000,
0x206C03C0,
0xC040C000,
0x7885C040,
0xC0002100,
0x0F8C000F,
0x0194A300,
0x840078E4,
0x204F010F,
0x1A0B33D8,
0x8400C040,
0xC000206C,
0x03C0C040,
0xC00078E5,
0xC040C000,
0xA4008200,
0x202F8008,
0x5033F3FD,
0x83002351,
0x95002004,
0x0F820000,
0xFFFD1A0B,
0x30988300,
0xC040C000,
0x206C03C0,
0xC040C000,
0x7845C040,
0xC000A300,
0xF4D20BA6,
0xF98FB89B,
0xB89CB89D,
0xA5008501,
0x41C1219F,
0x0D022084,
0x0F012079,
0x0002225F,
0x07806038,
0x41C30008,
0x65A06119,
0x40C30008,
0x2FC448C0,
0x20000F83,
0x000F0128,
0x83005033,
0x20AD0543,
0xA90C8301,
0x4408BCC6,
0xA98D4408,
0x503324AD,
0x138320AD,
0x01C3A98F,
0xA90E830B,
0x4408BCC9,
0xB1894408,
0x503324AD,
0x1D0420AD,
0x0A84B18B,
0xB10A830C,
0x44085033,
0xBCC920AD,
0x0A84B18E,
0xB108830D,
0x4408BCC6,
0xA9884408,
0x24AD1543,
0xA98B4408,
0x503324AD,
0x138320AD,
0x01C3A98A,
0xA909830F,
0x4408BCC9,
0xB18D4408,
0x503324AD,
0x144320AD,
0x0283A999,
0xA9188310,
0x50332053,
0x010C20AD,
0x0944B102,
0x265F1180,
0xA9828371,
0x621A2200,
0x0F800008,
0x5D141800,
0x00434060,
0x20AD0143,
0xA9068500,
0x1A0B30D8,
0x23AD0341,
0x20040F80,
0x87FFFFFF,
0xB89E4200,
0xB160A500,
0x22000F80,
0x00080000,
0x22040F83,
0x8007FFFF,
0x20040F82,
0x07F80000,
0x7B45234F,
0x06C0A500,
0x6E3640C3,
0x0008005C,
0x6100BA33,
0x20AD08C3,
0x0AC10004,
0x40C30008,
0x2FC448C0,
0xA5602000,
0x0F82000F,
0x00A48220,
0x218409F3,
0x1A0B3058,
0xA2202000,
0x0F81000F,
0x01948100,
0x20040F83,
0x0000FFF5,
0x1A0B30D8,
0x8100C040,
0xC000206C,
0x03C0C040,
0xC0007865,
0xC040C000,
0x1AF00000,
0x710CC041,
0xF0362204,
0x0F8087FF,
0xFFFFF030,
0x22040F80,
0x87FFFFFF,
0xB89BB89C,
0xB89DF029,
0x838042C3,
0x0000FFEF,
0x71C3000F,
0x01947C44,
0x1A0B3318,
0x8300C040,
0xC000206C,
0x03C0C040,
0xC0007885,
0xC040C000,
0xA3008100,
0x7A041A0B,
0x30988100,
0xC040C000,
0x206C03C0,
0xC040C000,
0x7845C040,
0xC000A100,
0x09BAF98F,
0xB89EA500,
0xC001C0A2,
0x1404341B,
0xC6C678E0,
0xC3E2C1A2,
0xC1800CF6,
0xF9AF4508,
0x26F07340,
0x00082FA4,
0x20000F81,
0x000F00F0,
0xC000A100,
0xC001A101,
0x6D142030,
0x0F800008,
0x5E60C200,
0x791DB9C5,
0x087E0020,
0x40A1710C,
0xC7C278E0,
0x26F0700C,
0x00082FC4,
0x24001F83,
0x000F0130,
0x092100B5,
0xC1A38300,
0xC042C002,
0x20840030,
0xC042CC22,
0xC102B8C9,
0x7825C042,
0xC002F00E,
0x8300C041,
0xC0012084,
0x0030C041,
0xCC23C101,
0xB8C97825,
0xC041C001,
0xA3002400,
0x1F81000F,
0x01048100,
0xBA0A2284,
0x0010C040,
0xC000B8AA,
0xC040C000,
0x7845C040,
0xC000A100,
0x7FE0C0A3,
0xC3E6C1A1,
0x450826F0,
0x734E0008,
0x2FC4B806,
0x43282000,
0x0F810008,
0x0064208A,
0x0446A100,
0x26001F8F,
0x000F00A4,
0x87004340,
0xC040C000,
0xB8A2C040,
0xC000B882,
0xC040C000,
0xA7002630,
0x1F80000F,
0x0104C040,
0xC000B8AA,
0xC040C000,
0xB88AC040,
0xC000A718,
0x17709000,
0x206C0040,
0xB8815033,
0x1F709000,
0x17849000,
0xC040C000,
0x20040F80,
0xFC3FFFFF,
0xC040C000,
0xC040C000,
0x1F849000,
0x208A0486,
0xA10017B0,
0x9000206C,
0x06C02005,
0x0F800810,
0x20405033,
0x1FB09000,
0x8702C040,
0xC000B8B3,
0xC040C000,
0xB893C040,
0xC000A702,
0x0FAEF9AF,
0x40A18702,
0xC040C000,
0xB8B3C040,
0xC000C040,
0xC000A702,
0x17849000,
0x20040F80,
0xFFC30000,
0x20050F80,
0x0004C639,
0x50330B11,
0x10B51F84,
0x90001A22,
0x30DCF004,
0x1A2330DC,
0x76C3000F,
0x01308600,
0xBBC9C040,
0xC0002084,
0x0030C040,
0xC0007865,
0xC040C000,
0xA6000E5A,
0x0020D864,
0x0F4AF9AF,
0x40A1860B,
0x50331674,
0x9000C040,
0xC000B8A2,
0xC040C000,
0xC040C000,
0x1E749000,
0x16D49000,
0xC040C000,
0xB8AAC040,
0xC000C040,
0xC0001ED4,
0x9000C7C6,
0xC0E61CFC,
0xB6C8C1A3,
0x26F0700F,
0x00082FC4,
0x44CB000F,
0x00A82455,
0x180B679B,
0x83402300,
0x13CE217D,
0x0081C240,
0xC200209F,
0x0D022700,
0x1F9B000F,
0x00A0BABA,
0xC240C200,
0xC240C200,
0xA34013F8,
0x8002C240,
0xC200BAB1,
0xC240C200,
0xBA91C240,
0xC2001BF8,
0x80808640,
0xC240C200,
0x22040F82,
0xF01FFFFF,
0xC240215F,
0x078241C3,
0x000865AC,
0x621A622D,
0xC0002D40,
0x154C2404,
0x1F8C0FE0,
0x00007885,
0xC040C000,
0xBDC61B80,
0x00006158,
0x8821DA7F,
0xBA07C141,
0xC4018621,
0x1003009E,
0xBCC6216C,
0x05017C25,
0x88222E40,
0x33802E40,
0x355EC142,
0xB9077944,
0x79856A97,
0x78847825,
0x50331B84,
0x000016DC,
0x90002342,
0x19012142,
0x030B2085,
0x08075033,
0xA31716E8,
0x900061F9,
0xC040C000,
0xB8BDC040,
0xC000B89D,
0xC040C000,
0xA31A16D0,
0x9000C040,
0xC000B8BD,
0xC040C000,
0xB89DC040,
0xC000A314,
0x8300C040,
0xC000B8BA,
0xC040C000,
0xB89AC040,
0xC000A300,
0xC001B807,
0x78447D05,
0xC0022604,
0x3F820FE0,
0x0000B80E,
0x788478A5,
0x7A05861A,
0x206C06C0,
0x78455033,
0x1BE80000,
0x83012700,
0x1F82000F,
0x00AC2085,
0x000C5033,
0xA30113F8,
0x80002085,
0x08045033,
0x1BF88000,
0x8200206D,
0x02805033,
0xE87C8200,
0x20840FF3,
0x5033A200,
0x8200206D,
0x02805033,
0xE8FC4067,
0x208407FB,
0x50331B00,
0x30008100,
0x208407F8,
0x5033A100,
0x233013C0,
0xC040C000,
0xB8BDC040,
0xC000C040,
0xC00019F4,
0x80004067,
0xC040C000,
0xB8B1C040,
0xC000C040,
0xC0001B00,
0x3000C0A3,
0x1404341B,
0xC4C678E0,
0xC1E2C1A1,
0x26F07002,
0x00082FC4,
0x217D0081,
0x209F0D02,
0x22000F83,
0x000F0240,
0x8380215F,
0x0781C440,
0xC4006119,
0x24041F8C,
0xFFC1FFFF,
0xC44044CB,
0x000865A0,
0x64388802,
0xB8112004,
0x0F8D003E,
0x0000C000,
0x78A5C040,
0xC000A300,
0x8304C040,
0xC000B8B5,
0xB8B6B8B7,
0xC0406190,
0xB8152004,
0x0F8100E0,
0x0000C000,
0x7825C040,
0xC0002200,
0x0F81000F,
0x00CC72C3,
0x000F00A4,
0xA30413A3,
0x8600C040,
0xC000B8B9,
0xC040C000,
0xB899C040,
0xC0001BA3,
0x80181399,
0x8600C040,
0xC000B8B1,
0xC040C000,
0xB891C040,
0xC0001B99,
0x801813A3,
0x8600B897,
0xB8985033,
0x1BA38018,
0x13998600,
0xC040C000,
0xB8B0C040,
0xC000B890,
0xC040C000,
0x1B998018,
0x13998600,
0xC040C000,
0xB8AFC040,
0xC000B88F,
0xC040C000,
0x1B998018,
0x8100206D,
0x06C05033,
0xE87C8100,
0xB8B7B8B8,
0xB8B95033,
0xA1008100,
0x206D06C0,
0x5033E8FD,
0x8200B8AF,
0xB8B0B8B1,
0x5033A200,
0xC5C278E0,
0xC1A2C0F1,
0x0F82F94F,
0xC0D1B896,
0xB8985033,
0xA10011F8,
0x8000C041,
0xC001B8A7,
0xC041C001,
0xB887C041,
0xC00119F8,
0x800011F8,
0x8000C040,
0xC000B8A8,
0xC040C000,
0xB888C040,
0xC00019F8,
0x80008100,
0x206D0640,
0x5033E87D,
0x8100B8B6,
0xB8B85033,
0xA1008100,
0x206D0640,
0x5033E8FD,
0x82002084,
0x0FF95033,
0xA2007FE0,
0xC0A278E0,
0xC2E61CFC,
0xB6C8C1A1,
0x42004318,
0x217D0080,
0x229F0D02,
0x205F0780,
0x43C30008,
0x65B826F0,
0x76CF0008,
0x2FC4621C,
0x6469098B,
0x00304389,
0x27001F8D,
0x000F0088,
0x8500B9C6,
0xC040C000,
0x2084003E,
0xC040C000,
0x7825C040,
0xC000A500,
0x0F42FFEF,
0x40632700,
0x1F81000F,
0x01208100,
0xC040C000,
0x20040F80,
0xFFFFC1FF,
0xC040C000,
0xB88BC040,
0xC0001D98,
0x100011E0,
0x8000C040,
0xC000B8BA,
0xC040C000,
0xB89AC040,
0xC000A51E,
0x8500C040,
0xC0002084,
0x003EC040,
0x233210C0,
0xC100B8C6,
0x7825C040,
0xC000A500,
0x0EE6FFEF,
0x40637361,
0x8B2109DD,
0x00304368,
0x27001F83,
0x000F0120,
0x830046CB,
0xFFFFC1FF,
0x26591C1E,
0xC040C000,
0xDD7FBD07,
0x78C4C040,
0xC000B88A,
0xC040C000,
0xA30013E0,
0x8000C040,
0xC000B8BA,
0xC040C000,
0xB89AC040,
0xC0001BE0,
0x80008305,
0xC040C000,
0x20840020,
0xC040C000,
0x7825C040,
0xC000B907,
0x79A4A305,
0x13E48000,
0xC040C000,
0xB8ADC040,
0xC000B88D,
0xC040C000,
0x1BE48000,
0x13688000,
0xC040C000,
0x20040780,
0xC040C000,
0x7825C040,
0xC0001B68,
0x80000E4A,
0xFFEF4063,
0x8300C040,
0xC0007E04,
0xC640C000,
0xB88AB88B,
0xC040C000,
0xA3001368,
0x8000C040,
0xC0002604,
0x301E1C00,
0x37801301,
0x1080B807,
0x7D04C000,
0x78A5C040,
0xC0001B68,
0x80000E0A,
0xFFEF4063,
0x27001F80,
0x000F0100,
0x8020C140,
0xC100B9BA,
0xC140C100,
0xC140C100,
0xA0208021,
0xC140C100,
0xB9ADC140,
0xC100C140,
0xC100A021,
0x74871404,
0x341BC6C6,
0xC1A126F0,
0x70020008,
0x2FC42200,
0x0F83000F,
0x00C88380,
0xE9208300,
0x24841F83,
0x72C3000F,
0x0194C040,
0xC000206C,
0x03C0C040,
0xC0007885,
0xB880C040,
0xC000A300,
0x82208200,
0x21840F83,
0xC040C000,
0x206C03C0,
0xC040C000,
0x7905B980,
0xC140F01E,
0x83002484,
0x1F8372C3,
0x000F0194,
0xC040C000,
0x206C03C0,
0xC040C000,
0x7885C040,
0xC000A300,
0x82208200,
0x21840F83,
0xC040C000,
0x206C03C0,
0xC040C000,
0x7825C040,
0xC000A200,
0x7FE07487,
0xC3E2C1A2,
0x26F07000,
0x00082FC4,
0x20000F8D,
0x000F009C,
0x8500C041,
0xC001B8BA,
0xC041C001,
0xB89AC041,
0xC001A500,
0x8503B8B0,
0x5033A503,
0x08320020,
0xD80AC80B,
0xB8905033,
0xA5030826,
0x0020D80A,
0xC80BB8B0,
0x5033A503,
0x8500C040,
0xC000B8BA,
0xC040C000,
0xC040C000,
0xA500C7C2,
0x702C7110,
0x20E007C6,
0x264A7000,
0x7124F1FB,
0x494E4902,
0x00082318,
0xFFFFFFD0,
0x00082348,
0xFFFFFF40,
0x00082408,
0xFFFFFE00,
0x00085CB8,
0xFFFFACD0,
0x00000000,
0x00000000,
0x30004E41,
0x4E006E61,
0x6E00494E,
0x4600696E,
0x66000000,
0x00000000,
0x00000000,
0x00000000,
0x00000000,
0x00000000,
0x00000000,
0x00000000,
0x00000000,
0x00000000,
0x00000000,
0x00000000,
0x00000000,
0x00000000,
0x00000000,
0x00000000,
0x00000000,
0x00000000,
0x00000000,
0x00000000,
0x00000000,
0x00000000,
0x00000000,
0x00000000,
0x00000000,
0x00000000,
0x00000000,
0x00000000,
0x00000000,
0x00000000,
0x00000000,
0x00000000,
0x00000000,
0x00000000,
0x00000000,
0x00000000,
0x00000000,
0x00000000,
0x00000000,
0x00000000,
0x00000000,
0x00000000,
0x00000000,
0x00000000,
0x00000000,
0x00000000,
0x00000000,
0x00000000,
0x00000000,
0x00000000,
0x00000000,
0x00000000,
0x00000000,
0x00000000,
0x00000000,
0x00000000,
0x00000000,
0x00000000,
0x00000000,
0x00000000,
0x00000000,
0x00000000,
0x00000000,
0x00000000,
0x00000000,
0x00000000,
0x00000000,
0x00000000,
0x00000000,
0x00000000,
0x00000000,
0x00000000,
0x00000000,
0x00000000,
0x00000000,
0x00000000,
0x00000000,
0x00000000,
0x00000000,
0x00000000,
0x00000000,
0x00000000,
0x00000000,
0x00000000,
0x00000000,
0x00000000,
0x00000000,
0x00000000,
0x00000000,
0x00000000,
0x00000000,
0x00000000,
0x00000000,
0x00000000,
0x00000000,
0x00000000,
0x00000000,
0x00000000,
0x00000000,
0x00000000,
0x00000000,
0x00000000,
0x00000000,
0x00000000,
0x00000000,
0x00000000,
0x00000000,
0x00000000,
0x00000000,
0x00000000,
0x00000000,
0x00000000,
0x00000000,
0x00000000,
0x00000000,
0x00000000,
0x00000000,
0x00000000,
0x00000000,
0x00000000,
0x00000000,
0x00000000,
0x00000000,
0x00000000,
0x00000000,
0x00000000,
0x00000000,
0x00000000,
0x00000000,
0x00000000,
0x00000000,
0x00000000,
0x00000000,
0x00000000,
0x00000000,
0x00000000,
0x00000000,
0x00000000,
0x00000000,
0x00000000,
0x00000000,
0x00000000,
0x00000000,
0x00000000,
0x00000000,
0x00000000,
0x00000000,
0x00000000,
0x00000000,
0x00000000,
0x00000000,
0x00000000,
0x00000000,
0x00000000,
0x00000000,
0x00000000,
0x00000000,
0x00000000,
0x00000000,
0x00000000,
0x00000000,
0x00000000,
0x00000000,
0x00000000,
0x00000000,
0x00000000,
0x00000000,
0x00000000,
0x00000000,
0x00000000,
0x00000000,
0x00000000,
0x00000000,
0x00000000,
0x00000000,
0x00000000,
0x00000000,
0x00000000,
0x00000000,
0x00000000,
0x00000000,
0x00000000,
0x00000000,
0x00000000,
0x00000000,
0x00000000,
0x00000000,
0x00000000,
0x00000000,
0x00000000,
0x00000000,
0x00000000,
0x00000000,
0x00000000,
0x00000000,
0x00000000,
0x00000000,
0x00000000,
0x00000000,
0x00000000,
0x00000000,
0x00000000,
0x00000000,
0x00000000,
0x00000000,
0x00000000,
0x00000000,
0x00000000,
0x00000000,
0x00000000,
0x00000000,
0x00000000,
0x00000000,
0x00000000,
0x00000000,
0x00000000,
0x00000000,
0x00000000,
0x00000000,
0x00000000,
0x00000000,
0x00000000,
0x00000000,
0x00000000,
0x00000000,
0x00000000,
0x00000000,
0x00000000,
0x00000000,
0x00000000,
0x00000000,
0x00000000,
0x00000000,
0x00000000,
0x00000000,
0x00000000,
0x00000000,
0x00000000,
0x00000000,
0x00000000,
0x00000000,
0x00000000,
0x6D99898F,
0xFFFFFFFF,
0x00000000,
0x00000000,
0x00000000,
0x00000000,
END_TABLE_ICCM
};

#endif /* _PCIE6_RCAR_GEN5_PHY_FW_ICCM_H_ */
