// SPDX-License-Identifier: GPL-2.0
/*
 * A V4L2 driver for Sony IMX728 cameras.
 * Copyright (C) 2019, Raspberry Pi (Trading) Ltd
 *
 * Based on Sony imx258 camera driver
 * Copyright (C) 2018 Intel Corporation
 *
 * DT / fwnode changes, and regulator / GPIO control taken from imx214 driver
 * Copyright 2018 Qtechnology A/S
 *
 * Flip handling taken from the Sony IMX319 driver.
 * Copyright (C) 2018 Intel Corporation
 *
 */

#include <linux/clk.h>
#include <linux/delay.h>
#include <linux/gpio/consumer.h>
#include <linux/i2c.h>
#include <linux/module.h>
#include <linux/pm_runtime.h>
#include <linux/regulator/consumer.h>
#include <media/v4l2-ctrls.h>
#include <media/v4l2-device.h>
#include <media/v4l2-event.h>
#include <media/v4l2-fwnode.h>
#include <media/v4l2-mediabus.h>
#include <asm/unaligned.h>
#include <asm/io.h>

static unsigned long ImagerStatus;

/* Page Size = 4KB */
#define MSIOF_PAGE_SIZE	0x1000
#define PWM_PAGE_SIZE	0x4000
#define GPIO_PAGE_SIZE	0x1000

/* INCK_V4IM_1R8V_MD14 */
#define MSIOF1_BASE			0xE6EA0000
#define MSIOF_REG_SITMDR1	0x0000
#define MSIOF_REG_SITSCR	0x0020
#define MSIOF_REG_SICTR		0x0028
#define MSIOF_BRPS			0x0100
#define MSIOF_BRDV			0x0000
#define MSIOF_TRMD			0x80000000
#define MSIOF_TSCKIZ		0x00000000
#define MSIOF_TSCKE			0x00008000

/* FSYNC_1R8V */
#define PWM_BASE		0xE6E30000
#define PWM_REG_PWMCR	0x3000
#define PWM_REG_PWMCNT	0x3004
#define PWM_CC0			0x00060000
#define PWM_CCMD		0x00008000
#define PWM_SYNC		0x00000800
#define PWM_SS0			0x00000000
#define PWM_EN0			0x00000001
#define PWM_CYC0		0x032E0000
#define PWM_PH0			0x00000197

/* XCLR_V4MIMG_1R8V, XERR_IMGV4M_1R8V */
#define GPIO67_BASE		0xE6061000
#define GPIO7_REG_PMMR	0x0800
#define GPIO7_REG_POC	0x08A0
#define GPIO7_REG_PUEN	0x08C0
#define GPIO7_REG_PUD	0x08E0
#define GPIO7_REG_OUTDT	0x0988
#define GPIO7_POC_XCLR	0x00000200
#define GPIO7_POC_XERR	0x00040000
#define GPIO7_PUEN_XCLR	0x00000200
#define GPIO7_PUEN_XERR	0x00040000
#define GPIO7_PUD_XERR	0x00040000
#define GPIO7_OUTDT_XCLR	0x00000200

/* BIST */
#define BIST_LOCK_REG			0xB663
#define CK_BIST_GO_H_REG		0x1B06
#define ECM_UPDATE_FLAG_REG		0x95C1
#define BIST_ACTIVATE_ERROR_REG	0x95C2
#define BIST_STANDBY_REG		0x95C2
#define BIST_COMP_REG			0x8DF0
#define BIST_UNLOCK			0xA3
#define CK_BIST_GO_H		0xA3
#define BIST_GO				0x5C
#define ECM_UPDATE_FLAG		0x01
#define BIST_ACTIVATE_ERROR	0x01
#define BIST_STANDBY		0x00
#define BIST_COMP			0x01

/* Standby Setting */
#define IMX728_REG_STANDBY	0x1B05
#define IMX728_MODE_STANDBY	0xFF

/* Stop test pattern output */
#define IMX728_REG_TEST_PTN		0xB58E
#define IMX728_STOP_TEST_PTN	0x00

#define IMX728_REG_VALUE_08BIT		1
#define IMX728_REG_VALUE_16BIT		2

/* Device Status */
#define IMX728_REG_DEVICE_STATE	0x2CAC
#define IMX728_STATE_SLEEP		0x02
#define IMX728_STATE_STANDBY	0x04
#define IMX728_STATE_BIST		0x08
#define IMX728_STATE_STREAMING	0x10
#define IMX728_STATE_SAFESTATE	0x20

#define DEBUG_IMX728  /* Debug print enable */
#ifdef DEBUG_IMX728
#define imx728_dbg(dev, fmt, arg...)	dev_info(dev, "<IMX728>"fmt, ##arg)
#else
#define imx728_dbg(dev, fmt, arg...)
#endif

struct imx728_reg {
	u16 address;
	u8 val;
};

static const struct imx728_reg inck_set_regs[] = {
	{0x1B20, 0x18},
	{0x1B1C, 0x01},
};/* inck_set_regs */

static const struct imx728_reg init_ac_set_regs[] = {
	{0xFFFF,0xF3},
	{0x6000,0xAB},
	{0x6001,0xBA},
	{0x6002,0x88},
	{0x6003,0x06},
	{0x6004,0x00},
	{0x6005,0x10},
	{0x6006,0xC0},
	{0x6007,0x00},
	{0x6008,0x02},
	{0x6009,0x02},
	{0x600A,0x00},
	{0x600B,0x00},
	{0x600C,0x00},
	{0x600D,0x00},
	{0x600E,0x00},
	{0x600F,0x00},
	{0x6010,0x55},
	{0x6011,0x58},
	{0x6012,0x6A},
	{0x6013,0x03},
	{0x6014,0xDE},
	{0x6015,0xF1},
	{0x6016,0xD2},
	{0x6017,0xFA},
	{0x6018,0x55},
	{0x6019,0x4C},
	{0x601A,0x58},
	{0x601B,0x02},
	{0x601C,0xEF},
	{0x601D,0xF1},
	{0x601E,0xDC},
	{0x601F,0xFB},
	{0x6020,0x55},
	{0x6021,0x1C},
	{0x6022,0xD7},
	{0x6023,0x00},
	{0x6024,0x07},
	{0x6025,0xF2},
	{0x6026,0x81},
	{0x6027,0xFC},
	{0x6028,0x55},
	{0x6029,0x88},
	{0x602A,0xB7},
	{0x602B,0x00},
	{0x602C,0x09},
	{0x602D,0xF2},
	{0x602E,0x42},
	{0x602F,0xFC},
	{0x6030,0x55},
	{0x6031,0x9C},
	{0x6032,0xC3},
	{0x6033,0x00},
	{0x6034,0x08},
	{0x6035,0xF2},
	{0x6036,0x3C},
	{0x6037,0xFE},
	{0x6038,0x55},
	{0x6039,0xD0},
	{0x603A,0x76},
	{0x603B,0x00},
	{0x603C,0x0D},
	{0x603D,0xF2},
	{0x603E,0xAB},
	{0x603F,0xFC},
	{0x6040,0x00},
	{0x6041,0x00},
	{0x6042,0x00},
	{0x6043,0x00},
	{0x6044,0x00},
	{0x6045,0x00},
	{0x6046,0x00},
	{0x6047,0x00},
	{0x6048,0x00},
	{0x6049,0x00},
	{0x604A,0x00},
	{0x604B,0x00},
	{0x604C,0x00},
	{0x604D,0x00},
	{0x604E,0x00},
	{0x604F,0x00},
	{0x6050,0x00},
	{0x6051,0x00},
	{0x6052,0x00},
	{0x6053,0x00},
	{0x6054,0x00},
	{0x6055,0x00},
	{0x6056,0x00},
	{0x6057,0x00},
	{0x6058,0x00},
	{0x6059,0x00},
	{0x605A,0x00},
	{0x605B,0x00},
	{0x605C,0x00},
	{0x605D,0x00},
	{0x605E,0x00},
	{0x605F,0x00},
	{0x6060,0x00},
	{0x6061,0x00},
	{0x6062,0x00},
	{0x6063,0x00},
	{0x6064,0x00},
	{0x6065,0x00},
	{0x6066,0x00},
	{0x6067,0x00},
	{0x6068,0x00},
	{0x6069,0x00},
	{0x606A,0x00},
	{0x606B,0x00},
	{0x606C,0x00},
	{0x606D,0x00},
	{0x606E,0x00},
	{0x606F,0x00},
	{0x6070,0x00},
	{0x6071,0x00},
	{0x6072,0x00},
	{0x6073,0x00},
	{0x6074,0x00},
	{0x6075,0x00},
	{0x6076,0x00},
	{0x6077,0x00},
	{0x6078,0x00},
	{0x6079,0x00},
	{0x607A,0x00},
	{0x607B,0x00},
	{0x607C,0x00},
	{0x607D,0x00},
	{0x607E,0x00},
	{0x607F,0x00},
	{0x6080,0x00},
	{0x6081,0x00},
	{0x6082,0x00},
	{0x6083,0x00},
	{0x6084,0x00},
	{0x6085,0x00},
	{0x6086,0x00},
	{0x6087,0x00},
	{0x6088,0x00},
	{0x6089,0x00},
	{0x608A,0x00},
	{0x608B,0x00},
	{0x608C,0x00},
	{0x608D,0x00},
	{0x608E,0x00},
	{0x608F,0x00},
	{0x7000,0x00},
	{0x7001,0xF0},
	{0x7002,0x73},
	{0x7003,0xFA},
	{0x7004,0x21},
	{0x7005,0xF6},
	{0x7006,0x37},
	{0x7007,0xFD},
	{0x7008,0x00},
	{0x7009,0xF0},
	{0x700A,0x1E},
	{0x700B,0xF8},
	{0x700C,0x10},
	{0x700D,0xF6},
	{0x700E,0x31},
	{0x700F,0xFC},
	{0x7010,0x00},
	{0x7011,0xF0},
	{0x7012,0x7E},
	{0x7013,0xF8},
	{0x7014,0xF6},
	{0x7015,0xF5},
	{0x7016,0xBA},
	{0x7017,0xFB},
	{0x7018,0x28},
	{0x7019,0x1C},
	{0x701A,0x00},
	{0x701B,0xF0},
	{0x701C,0x79},
	{0x701D,0xF8},
	{0x701E,0xF7},
	{0x701F,0xF5},
	{0x7020,0xC0},
	{0x7021,0xF9},
	{0x7022,0x00},
	{0x7023,0xF0},
	{0x7024,0x4E},
	{0x7025,0xF8},
	{0x7026,0xF8},
	{0x7027,0xF5},
	{0x7028,0x7B},
	{0x7029,0xFB},
	{0x702A,0x00},
	{0x702B,0xF0},
	{0x702C,0xD1},
	{0x702D,0xF8},
	{0x702E,0xF2},
	{0x702F,0xF5},
	{0x7030,0x62},
	{0x7031,0xFB},
	{0x7032,0x10},
	{0x7033,0xB5},
	{0x7034,0x07},
	{0x7035,0xF6},
	{0x7036,0xDC},
	{0x7037,0xFE},
	{0x7038,0x07},
	{0x7039,0xF6},
	{0x703A,0xBE},
	{0x703B,0xF9},
	{0x703C,0x00},
	{0x703D,0xF0},
	{0x703E,0xB4},
	{0x703F,0xF8},
	{0x7040,0x0B},
	{0x7041,0xF6},
	{0x7042,0xEE},
	{0x7043,0xFD},
	{0x7044,0x10},
	{0x7045,0xBD},
	{0x7046,0x00},
	{0x7047,0x00},
	{0x7048,0x70},
	{0x7049,0xB5},
	{0x704A,0x0C},
	{0x704B,0x48},
	{0x704C,0x01},
	{0x704D,0x21},
	{0x704E,0x41},
	{0x704F,0x73},
	{0x7050,0x00},
	{0x7051,0x25},
	{0x7052,0x45},
	{0x7053,0x73},
	{0x7054,0x0A},
	{0x7055,0x4C},
	{0x7056,0xE0},
	{0x7057,0x7F},
	{0x7058,0x01},
	{0x7059,0x28},
	{0x705A,0x0B},
	{0x705B,0xD0},
	{0x705C,0x01},
	{0x705D,0x20},
	{0x705E,0x10},
	{0x705F,0xF6},
	{0x7060,0x69},
	{0x7061,0xFC},
	{0x7062,0x04},
	{0x7063,0x46},
	{0x7064,0x01},
	{0x7065,0x20},
	{0x7066,0x10},
	{0x7067,0xF6},
	{0x7068,0xBF},
	{0x7069,0xFC},
	{0x706A,0x04},
	{0x706B,0x43},
	{0x706C,0x01},
	{0x706D,0xD1},
	{0x706E,0x20},
	{0x706F,0xF6},
	{0x7070,0x2F},
	{0x7071,0xFA},
	{0x7072,0x70},
	{0x7073,0xBD},
	{0x7074,0x10},
	{0x7075,0xF6},
	{0x7076,0x04},
	{0x7077,0xFD},
	{0x7078,0xE5},
	{0x7079,0x77},
	{0x707A,0x70},
	{0x707B,0xBD},
	{0x707C,0x00},
	{0x707D,0x00},
	{0x707E,0x09},
	{0x707F,0xA0},
	{0x7080,0xC4},
	{0x7081,0x6B},
	{0x7082,0x20},
	{0x7083,0x00},
	{0x7084,0x70},
	{0x7085,0xB5},
	{0x7086,0x04},
	{0x7087,0x46},
	{0x7088,0x40},
	{0x7089,0x88},
	{0x708A,0xA5},
	{0x708B,0x88},
	{0x708C,0xA8},
	{0x708D,0x42},
	{0x708E,0x00},
	{0x708F,0xD3},
	{0x7090,0x05},
	{0x7091,0x46},
	{0x7092,0x00},
	{0x7093,0x2D},
	{0x7094,0x11},
	{0x7095,0xD0},
	{0x7096,0x80},
	{0x7097,0x03},
	{0x7098,0x29},
	{0x7099,0x46},
	{0x709A,0xEB},
	{0x709B,0xF5},
	{0x709C,0x9F},
	{0x709D,0xF9},
	{0x709E,0x01},
	{0x709F,0x21},
	{0x70A0,0x13},
	{0x70A1,0xF6},
	{0x70A2,0x23},
	{0x70A3,0xF9},
	{0x70A4,0x60},
	{0x70A5,0x80},
	{0x70A6,0xA0},
	{0x70A7,0x88},
	{0x70A8,0x29},
	{0x70A9,0x46},
	{0x70AA,0x80},
	{0x70AB,0x03},
	{0x70AC,0xEB},
	{0x70AD,0xF5},
	{0x70AE,0x96},
	{0x70AF,0xF9},
	{0x70B0,0x01},
	{0x70B1,0x21},
	{0x70B2,0x13},
	{0x70B3,0xF6},
	{0x70B4,0x1A},
	{0x70B5,0xF9},
	{0x70B6,0xA0},
	{0x70B7,0x80},
	{0x70B8,0x70},
	{0x70B9,0xBD},
	{0x70BA,0x01},
	{0x70BB,0x20},
	{0x70BC,0x40},
	{0x70BD,0x03},
	{0x70BE,0x60},
	{0x70BF,0x80},
	{0x70C0,0xF9},
	{0x70C1,0xE7},
	{0x70C2,0xFE},
	{0x70C3,0xB5},
	{0x70C4,0x0C},
	{0x70C5,0x46},
	{0x70C6,0x05},
	{0x70C7,0x46},
	{0x70C8,0xF8},
	{0x70C9,0xF5},
	{0x70CA,0x04},
	{0x70CB,0xF8},
	{0x70CC,0x0F},
	{0x70CD,0x49},
	{0x70CE,0x68},
	{0x70CF,0x46},
	{0x70D0,0x8B},
	{0x70D1,0x8D},
	{0x70D2,0xC3},
	{0x70D3,0x80},
	{0x70D4,0xCA},
	{0x70D5,0x8D},
	{0x70D6,0x02},
	{0x70D7,0x81},
	{0x70D8,0x0E},
	{0x70D9,0x8E},
	{0x70DA,0x46},
	{0x70DB,0x80},
	{0x70DC,0x4E},
	{0x70DD,0x8E},
	{0x70DE,0x86},
	{0x70DF,0x80},
	{0x70E0,0x89},
	{0x70E1,0x8E},
	{0x70E2,0x01},
	{0x70E3,0x80},
	{0x70E4,0x01},
	{0x70E5,0x2C},
	{0x70E6,0x05},
	{0x70E7,0xD1},
	{0x70E8,0x5B},
	{0x70E9,0x08},
	{0x70EA,0x52},
	{0x70EB,0x08},
	{0x70EC,0xC3},
	{0x70ED,0x80},
	{0x70EE,0x02},
	{0x70EF,0x81},
	{0x70F0,0x49},
	{0x70F1,0x08},
	{0x70F2,0x01},
	{0x70F3,0x80},
	{0x70F4,0x22},
	{0x70F5,0x46},
	{0x70F6,0x29},
	{0x70F7,0x46},
	{0x70F8,0x1F},
	{0x70F9,0xF6},
	{0x70FA,0xB0},
	{0x70FB,0xFF},
	{0x70FC,0x68},
	{0x70FD,0x46},
	{0x70FE,0xFF},
	{0x70FF,0xF7},
	{0x7100,0xC1},
	{0x7101,0xFF},
	{0x7102,0x68},
	{0x7103,0x46},
	{0x7104,0xF8},
	{0x7105,0xF5},
	{0x7106,0xB6},
	{0x7107,0xF9},
	{0x7108,0xFE},
	{0x7109,0xBD},
	{0x710A,0x00},
	{0x710B,0x00},
	{0x710C,0xC4},
	{0x710D,0x3E},
	{0x710E,0x20},
	{0x710F,0x00},
	{0x7110,0xF7},
	{0x7111,0xB5},
	{0x7112,0x0F},
	{0x7113,0x46},
	{0x7114,0x06},
	{0x7115,0x46},
	{0x7116,0x22},
	{0x7117,0x49},
	{0x7118,0x32},
	{0x7119,0x20},
	{0x711A,0x08},
	{0x711B,0x5E},
	{0x711C,0x82},
	{0x711D,0xB0},
	{0x711E,0x00},
	{0x711F,0x22},
	{0x7120,0x20},
	{0x7121,0x49},
	{0x7122,0x12},
	{0x7123,0xF6},
	{0x7124,0xD9},
	{0x7125,0xFF},
	{0x7126,0x00},
	{0x7127,0x90},
	{0x7128,0x38},
	{0x7129,0x68},
	{0x712A,0x00},
	{0x712B,0x24},
	{0x712C,0x40},
	{0x712D,0x08},
	{0x712E,0x40},
	{0x712F,0x00},
	{0x7130,0x05},
	{0x7131,0x46},
	{0x7132,0x21},
	{0x7133,0x46},
	{0x7134,0x80},
	{0x7135,0x1C},
	{0x7136,0x61},
	{0x7137,0x41},
	{0x7138,0x32},
	{0x7139,0x8B},
	{0x713A,0x23},
	{0x713B,0x46},
	{0x713C,0xEB},
	{0x713D,0xF5},
	{0x713E,0x0B},
	{0x713F,0xF8},
	{0x7140,0x62},
	{0x7141,0x1E},
	{0x7142,0x53},
	{0x7143,0x08},
	{0x7144,0x13},
	{0x7145,0xF6},
	{0x7146,0xC5},
	{0x7147,0xF8},
	{0x7148,0x04},
	{0x7149,0x9A},
	{0x714A,0x10},
	{0x714B,0x1A},
	{0x714C,0x8C},
	{0x714D,0x41},
	{0x714E,0x32},
	{0x714F,0x69},
	{0x7150,0x21},
	{0x7151,0x46},
	{0x7152,0xD3},
	{0x7153,0x17},
	{0x7154,0x82},
	{0x7155,0x1A},
	{0x7156,0x9C},
	{0x7157,0x41},
	{0x7158,0x07},
	{0x7159,0xDB},
	{0x715A,0xAD},
	{0x715B,0x1C},
	{0x715C,0x3D},
	{0x715D,0x60},
	{0x715E,0x00},
	{0x715F,0x9A},
	{0x7160,0xD3},
	{0x7161,0x17},
	{0x7162,0x01},
	{0x7163,0x93},
	{0x7164,0x32},
	{0x7165,0x69},
	{0x7166,0xD3},
	{0x7167,0x17},
	{0x7168,0x0F},
	{0x7169,0xE0},
	{0x716A,0x28},
	{0x716B,0x46},
	{0x716C,0x31},
	{0x716D,0x8B},
	{0x716E,0xEB},
	{0x716F,0xF5},
	{0x7170,0x41},
	{0x7171,0xFA},
	{0x7172,0x04},
	{0x7173,0x9B},
	{0x7174,0x00},
	{0x7175,0x24},
	{0x7176,0x18},
	{0x7177,0x1A},
	{0x7178,0x22},
	{0x7179,0x46},
	{0x717A,0x8A},
	{0x717B,0x41},
	{0x717C,0x11},
	{0x717D,0x46},
	{0x717E,0x3D},
	{0x717F,0x60},
	{0x7180,0xF2},
	{0x7181,0x68},
	{0x7182,0x00},
	{0x7183,0x92},
	{0x7184,0x01},
	{0x7185,0x94},
	{0x7186,0x22},
	{0x7187,0x46},
	{0x7188,0x23},
	{0x7189,0x46},
	{0x718A,0x12},
	{0x718B,0xF6},
	{0x718C,0xB3},
	{0x718D,0xFF},
	{0x718E,0xC1},
	{0x718F,0x17},
	{0x7190,0x49},
	{0x7191,0x0F},
	{0x7192,0x08},
	{0x7193,0x18},
	{0x7194,0xC0},
	{0x7195,0x08},
	{0x7196,0xC0},
	{0x7197,0x00},
	{0x7198,0x78},
	{0x7199,0x60},
	{0x719A,0x05},
	{0x719B,0xB0},
	{0x719C,0xF0},
	{0x719D,0xBD},
	{0x719E,0x00},
	{0x719F,0x00},
	{0x71A0,0xC4},
	{0x71A1,0x90},
	{0x71A2,0x20},
	{0x71A3,0x00},
	{0x71A4,0x00},
	{0x71A5,0x80},
	{0x71A6,0xFF},
	{0x71A7,0xFF},
	{0x71A8,0x10},
	{0x71A9,0xB5},
	{0x71AA,0x08},
	{0x71AB,0x48},
	{0x71AC,0x80},
	{0x71AD,0x6C},
	{0x71AE,0xC0},
	{0x71AF,0x03},
	{0x71B0,0x0B},
	{0x71B1,0xD4},
	{0x71B2,0x09},
	{0x71B3,0xF6},
	{0x71B4,0x87},
	{0x71B5,0xFA},
	{0x71B6,0x09},
	{0x71B7,0xF6},
	{0x71B8,0xC7},
	{0x71B9,0xF9},
	{0x71BA,0x09},
	{0x71BB,0xF6},
	{0x71BC,0x5D},
	{0x71BD,0xFA},
	{0x71BE,0x00},
	{0x71BF,0xF0},
	{0x71C0,0xD3},
	{0x71C1,0xF8},
	{0x71C2,0x00},
	{0x71C3,0xF0},
	{0x71C4,0x3D},
	{0x71C5,0xF9},
	{0x71C6,0x09},
	{0x71C7,0xF6},
	{0x71C8,0x03},
	{0x71C9,0xFB},
	{0x71CA,0x10},
	{0x71CB,0xBD},
	{0x71CC,0x04},
	{0x71CD,0x81},
	{0x71CE,0x20},
	{0x71CF,0x00},
	{0x71D0,0x10},
	{0x71D1,0xB5},
	{0x71D2,0x04},
	{0x71D3,0x46},
	{0x71D4,0xF2},
	{0x71D5,0xF5},
	{0x71D6,0xA8},
	{0x71D7,0xFC},
	{0x71D8,0x00},
	{0x71D9,0x28},
	{0x71DA,0x0B},
	{0x71DB,0xD1},
	{0x71DC,0x07},
	{0x71DD,0x49},
	{0x71DE,0x06},
	{0x71DF,0x4A},
	{0x71E0,0x06},
	{0x71E1,0x23},
	{0x71E2,0xCB},
	{0x71E3,0x70},
	{0x71E4,0x23},
	{0x71E5,0x02},
	{0x71E6,0x01},
	{0x71E7,0x24},
	{0x71E8,0x1B},
	{0x71E9,0x0A},
	{0x71EA,0x64},
	{0x71EB,0x07},
	{0x71EC,0x1B},
	{0x71ED,0x19},
	{0x71EE,0xCB},
	{0x71EF,0x60},
	{0x71F0,0x02},
	{0x71F1,0x21},
	{0x71F2,0x51},
	{0x71F3,0x70},
	{0x71F4,0x10},
	{0x71F5,0xBD},
	{0x71F6,0x00},
	{0x71F7,0x00},
	{0x71F8,0x08},
	{0x71F9,0xB5},
	{0x71FA,0x21},
	{0x71FB,0x00},
	{0x71FC,0x00},
	{0x71FD,0x01},
	{0x71FE,0x00},
	{0x71FF,0x40},
	{0x7200,0xF0},
	{0x7201,0xB5},
	{0x7202,0x04},
	{0x7203,0x46},
	{0x7204,0x0D},
	{0x7205,0x46},
	{0x7206,0x88},
	{0x7207,0x00},
	{0x7208,0x81},
	{0x7209,0x18},
	{0x720A,0x80},
	{0x720B,0x31},
	{0x720C,0x87},
	{0x720D,0xB0},
	{0x720E,0x09},
	{0x720F,0x6A},
	{0x7210,0x04},
	{0x7211,0x91},
	{0x7212,0x21},
	{0x7213,0x01},
	{0x7214,0x89},
	{0x7215,0x18},
	{0x7216,0x0E},
	{0x7217,0x58},
	{0x7218,0x60},
	{0x7219,0x00},
	{0x721A,0x80},
	{0x721B,0x18},
	{0x721C,0x80},
	{0x721D,0x30},
	{0x721E,0x07},
	{0x721F,0x8E},
	{0x7220,0x20},
	{0x7221,0x46},
	{0x7222,0x08},
	{0x7223,0xF6},
	{0x7224,0xAB},
	{0x7225,0xFF},
	{0x7226,0x02},
	{0x7227,0x46},
	{0x7228,0x01},
	{0x7229,0x90},
	{0x722A,0x39},
	{0x722B,0x46},
	{0x722C,0x30},
	{0x722D,0x46},
	{0x722E,0x08},
	{0x722F,0xF6},
	{0x7230,0xFF},
	{0x7231,0xFE},
	{0x7232,0x06},
	{0x7233,0x46},
	{0x7234,0x06},
	{0x7235,0xAB},
	{0x7236,0x05},
	{0x7237,0xAA},
	{0x7238,0x29},
	{0x7239,0x46},
	{0x723A,0x20},
	{0x723B,0x46},
	{0x723C,0x08},
	{0x723D,0xF6},
	{0x723E,0xC8},
	{0x723F,0xFF},
	{0x7240,0x01},
	{0x7241,0x2C},
	{0x7242,0x13},
	{0x7243,0xD0},
	{0x7244,0x04},
	{0x7245,0x2C},
	{0x7246,0x1F},
	{0x7247,0xD0},
	{0x7248,0x68},
	{0x7249,0x46},
	{0x724A,0x18},
	{0x724B,0x22},
	{0x724C,0x14},
	{0x724D,0x21},
	{0x724E,0x82},
	{0x724F,0x5E},
	{0x7250,0x41},
	{0x7251,0x5E},
	{0x7252,0x30},
	{0x7253,0x46},
	{0x7254,0x21},
	{0x7255,0xF6},
	{0x7256,0xDE},
	{0x7257,0xFB},
	{0x7258,0x6A},
	{0x7259,0x46},
	{0x725A,0x14},
	{0x725B,0x21},
	{0x725C,0x51},
	{0x725D,0x5E},
	{0x725E,0x00},
	{0x725F,0x29},
	{0x7260,0x24},
	{0x7261,0xDA},
	{0x7262,0x00},
	{0x7263,0x28},
	{0x7264,0x00},
	{0x7265,0xDD},
	{0x7266,0x00},
	{0x7267,0x20},
	{0x7268,0x07},
	{0x7269,0xB0},
	{0x726A,0xF0},
	{0x726B,0xBD},
	{0x726C,0x28},
	{0x726D,0x46},
	{0x726E,0x08},
	{0x726F,0xF6},
	{0x7270,0xD3},
	{0x7271,0xFF},
	{0x7272,0x04},
	{0x7273,0x46},
	{0x7274,0x00},
	{0x7275,0x20},
	{0x7276,0x08},
	{0x7277,0xF6},
	{0x7278,0x81},
	{0x7279,0xFF},
	{0x727A,0x02},
	{0x727B,0x46},
	{0x727C,0x21},
	{0x727D,0x46},
	{0x727E,0x01},
	{0x727F,0x9B},
	{0x7280,0x04},
	{0x7281,0x98},
	{0x7282,0x08},
	{0x7283,0xF6},
	{0x7284,0x15},
	{0x7285,0xFF},
	{0x7286,0xE7},
	{0x7287,0xE7},
	{0x7288,0x28},
	{0x7289,0x46},
	{0x728A,0x08},
	{0x728B,0xF6},
	{0x728C,0xC5},
	{0x728D,0xFF},
	{0x728E,0x04},
	{0x728F,0x46},
	{0x7290,0x00},
	{0x7291,0x20},
	{0x7292,0x08},
	{0x7293,0xF6},
	{0x7294,0x73},
	{0x7295,0xFF},
	{0x7296,0x05},
	{0x7297,0x46},
	{0x7298,0x08},
	{0x7299,0xF6},
	{0x729A,0xB8},
	{0x729B,0xFE},
	{0x729C,0x00},
	{0x729D,0x90},
	{0x729E,0x2A},
	{0x729F,0x46},
	{0x72A0,0x21},
	{0x72A1,0x46},
	{0x72A2,0x01},
	{0x72A3,0x9B},
	{0x72A4,0x04},
	{0x72A5,0x98},
	{0x72A6,0x08},
	{0x72A7,0xF6},
	{0x72A8,0x33},
	{0x72A9,0xFF},
	{0x72AA,0xD5},
	{0x72AB,0xE7},
	{0x72AC,0x00},
	{0x72AD,0x28},
	{0x72AE,0xDA},
	{0x72AF,0xDB},
	{0x72B0,0xDA},
	{0x72B1,0xE7},
	{0x72B2,0xF0},
	{0x72B3,0xB5},
	{0x72B4,0x70},
	{0x72B5,0x48},
	{0x72B6,0x8D},
	{0x72B7,0xB0},
	{0x72B8,0x00},
	{0x72B9,0x78},
	{0x72BA,0x09},
	{0x72BB,0x90},
	{0x72BC,0x6F},
	{0x72BD,0x48},
	{0x72BE,0xBC},
	{0x72BF,0x21},
	{0x72C0,0x80},
	{0x72C1,0x7B},
	{0x72C2,0x48},
	{0x72C3,0x43},
	{0x72C4,0x6E},
	{0x72C5,0x49},
	{0x72C6,0x40},
	{0x72C7,0x18},
	{0x72C8,0x04},
	{0x72C9,0x90},
	{0x72CA,0x6B},
	{0x72CB,0x48},
	{0x72CC,0xC0},
	{0x72CD,0x1C},
	{0x72CE,0x03},
	{0x72CF,0x90},
	{0x72D0,0x6C},
	{0x72D1,0x48},
	{0x72D2,0x00},
	{0x72D3,0x24},
	{0x72D4,0x0B},
	{0x72D5,0x90},
	{0x72D6,0x00},
	{0x72D7,0x25},
	{0x72D8,0x21},
	{0x72D9,0x46},
	{0x72DA,0x28},
	{0x72DB,0x46},
	{0x72DC,0x04},
	{0x72DD,0x9A},
	{0x72DE,0xFF},
	{0x72DF,0xF7},
	{0x72E0,0x8F},
	{0x72E1,0xFF},
	{0x72E2,0xA2},
	{0x72E3,0x00},
	{0x72E4,0x04},
	{0x72E5,0x99},
	{0x72E6,0x64},
	{0x72E7,0x1C},
	{0x72E8,0x51},
	{0x72E9,0x18},
	{0x72EA,0x80},
	{0x72EB,0x31},
	{0x72EC,0xE4},
	{0x72ED,0xB2},
	{0x72EE,0x08},
	{0x72EF,0x62},
	{0x72F0,0x04},
	{0x72F1,0x2C},
	{0x72F2,0xF0},
	{0x72F3,0xD3},
	{0x72F4,0x64},
	{0x72F5,0x48},
	{0x72F6,0x0A},
	{0x72F7,0x90},
	{0x72F8,0x0B},
	{0x72F9,0x99},
	{0x72FA,0x28},
	{0x72FB,0x01},
	{0x72FC,0x41},
	{0x72FD,0x18},
	{0x72FE,0x07},
	{0x72FF,0x91},
	{0x7300,0x04},
	{0x7301,0x99},
	{0x7302,0x00},
	{0x7303,0x24},
	{0x7304,0x47},
	{0x7305,0x18},
	{0x7306,0x0A},
	{0x7307,0x98},
	{0x7308,0x00},
	{0x7309,0x7D},
	{0x730A,0x00},
	{0x730B,0x28},
	{0x730C,0x29},
	{0x730D,0xD0},
	{0x730E,0x03},
	{0x730F,0x98},
	{0x7310,0x40},
	{0x7311,0x5D},
	{0x7312,0x00},
	{0x7313,0x28},
	{0x7314,0x25},
	{0x7315,0xD0},
	{0x7316,0x21},
	{0x7317,0x46},
	{0x7318,0x28},
	{0x7319,0x46},
	{0x731A,0x04},
	{0x731B,0x9A},
	{0x731C,0xFF},
	{0x731D,0xF7},
	{0x731E,0x70},
	{0x731F,0xFF},
	{0x7320,0x09},
	{0x7321,0x99},
	{0x7322,0x01},
	{0x7323,0x29},
	{0x7324,0x08},
	{0x7325,0xD0},
	{0x7326,0x02},
	{0x7327,0x29},
	{0x7328,0x06},
	{0x7329,0xD0},
	{0x732A,0xA1},
	{0x732B,0x00},
	{0x732C,0x79},
	{0x732D,0x58},
	{0x732E,0x57},
	{0x732F,0x4A},
	{0x7330,0x08},
	{0x7331,0x18},
	{0x7332,0x11},
	{0x7333,0x05},
	{0x7334,0x12},
	{0x7335,0xF6},
	{0x7336,0xD7},
	{0x7337,0xFE},
	{0x7338,0xA1},
	{0x7339,0x00},
	{0x733A,0x7E},
	{0x733B,0x18},
	{0x733C,0x08},
	{0x733D,0x91},
	{0x733E,0x31},
	{0x733F,0x46},
	{0x7340,0x50},
	{0x7341,0x31},
	{0x7342,0x08},
	{0x7343,0xF6},
	{0x7344,0x11},
	{0x7345,0xFE},
	{0x7346,0x08},
	{0x7347,0x99},
	{0x7348,0x07},
	{0x7349,0x98},
	{0x734A,0x64},
	{0x734B,0x1C},
	{0x734C,0x32},
	{0x734D,0x6D},
	{0x734E,0xE4},
	{0x734F,0xB2},
	{0x7350,0x42},
	{0x7351,0x50},
	{0x7352,0x04},
	{0x7353,0x2C},
	{0x7354,0xD7},
	{0x7355,0xD3},
	{0x7356,0x6D},
	{0x7357,0x1C},
	{0x7358,0xED},
	{0x7359,0xB2},
	{0x735A,0x05},
	{0x735B,0x2D},
	{0x735C,0xCC},
	{0x735D,0xD3},
	{0x735E,0x0D},
	{0x735F,0xB0},
	{0x7360,0xF0},
	{0x7361,0xBD},
	{0x7362,0xA0},
	{0x7363,0x00},
	{0x7364,0x38},
	{0x7365,0x58},
	{0x7366,0xE7},
	{0x7367,0xE7},
	{0x7368,0xFE},
	{0x7369,0xB5},
	{0x736A,0x44},
	{0x736B,0x48},
	{0x736C,0xBC},
	{0x736D,0x21},
	{0x736E,0xC0},
	{0x736F,0x7B},
	{0x7370,0x48},
	{0x7371,0x43},
	{0x7372,0x43},
	{0x7373,0x49},
	{0x7374,0x46},
	{0x7375,0x18},
	{0x7376,0x43},
	{0x7377,0x48},
	{0x7378,0xA0},
	{0x7379,0x30},
	{0x737A,0x01},
	{0x737B,0x90},
	{0x737C,0xBA},
	{0x737D,0x20},
	{0x737E,0x80},
	{0x737F,0x5D},
	{0x7380,0x01},
	{0x7381,0x28},
	{0x7382,0x1D},
	{0x7383,0xD0},
	{0x7384,0x00},
	{0x7385,0x24},
	{0x7386,0x01},
	{0x7387,0x99},
	{0x7388,0x20},
	{0x7389,0x01},
	{0x738A,0x41},
	{0x738B,0x18},
	{0x738C,0x00},
	{0x738D,0x25},
	{0x738E,0x87},
	{0x738F,0x19},
	{0x7390,0x00},
	{0x7391,0x91},
	{0x7392,0x29},
	{0x7393,0x46},
	{0x7394,0x20},
	{0x7395,0x46},
	{0x7396,0x09},
	{0x7397,0xF6},
	{0x7398,0xB9},
	{0x7399,0xF9},
	{0x739A,0xA9},
	{0x739B,0x00},
	{0x739C,0x00},
	{0x739D,0x9A},
	{0x739E,0x6D},
	{0x739F,0x1C},
	{0x73A0,0x50},
	{0x73A1,0x50},
	{0x73A2,0xED},
	{0x73A3,0xB2},
	{0x73A4,0x78},
	{0x73A5,0x50},
	{0x73A6,0x04},
	{0x73A7,0x2D},
	{0x73A8,0xF3},
	{0x73A9,0xD3},
	{0x73AA,0x20},
	{0x73AB,0x46},
	{0x73AC,0x09},
	{0x73AD,0xF6},
	{0x73AE,0x98},
	{0x73AF,0xF9},
	{0x73B0,0x61},
	{0x73B1,0x00},
	{0x73B2,0x89},
	{0x73B3,0x19},
	{0x73B4,0x80},
	{0x73B5,0x31},
	{0x73B6,0x64},
	{0x73B7,0x1C},
	{0x73B8,0xE4},
	{0x73B9,0xB2},
	{0x73BA,0x08},
	{0x73BB,0x86},
	{0x73BC,0x05},
	{0x73BD,0x2C},
	{0x73BE,0xE2},
	{0x73BF,0xD3},
	{0x73C0,0x2E},
	{0x73C1,0x48},
	{0x73C2,0xC0},
	{0x73C3,0x38},
	{0x73C4,0x00},
	{0x73C5,0x6D},
	{0x73C6,0xC0},
	{0x73C7,0x07},
	{0x73C8,0x02},
	{0x73C9,0xD0},
	{0x73CA,0x08},
	{0x73CB,0xF6},
	{0x73CC,0x7F},
	{0x73CD,0xFF},
	{0x73CE,0xFE},
	{0x73CF,0xBD},
	{0x73D0,0xFF},
	{0x73D1,0xF7},
	{0x73D2,0x6F},
	{0x73D3,0xFF},
	{0x73D4,0xFE},
	{0x73D5,0xBD},
	{0x73D6,0xF0},
	{0x73D7,0xB5},
	{0x73D8,0x28},
	{0x73D9,0x48},
	{0x73DA,0xBC},
	{0x73DB,0x21},
	{0x73DC,0x80},
	{0x73DD,0x7B},
	{0x73DE,0x87},
	{0x73DF,0xB0},
	{0x73E0,0x48},
	{0x73E1,0x43},
	{0x73E2,0x27},
	{0x73E3,0x49},
	{0x73E4,0x40},
	{0x73E5,0x18},
	{0x73E6,0x05},
	{0x73E7,0x90},
	{0x73E8,0x26},
	{0x73E9,0x48},
	{0x73EA,0x50},
	{0x73EB,0x30},
	{0x73EC,0x04},
	{0x73ED,0x90},
	{0x73EE,0xA0},
	{0x73EF,0x30},
	{0x73F0,0x00},
	{0x73F1,0x25},
	{0x73F2,0x03},
	{0x73F3,0x90},
	{0x73F4,0x05},
	{0x73F5,0x99},
	{0x73F6,0x28},
	{0x73F7,0x01},
	{0x73F8,0x41},
	{0x73F9,0x18},
	{0x73FA,0x02},
	{0x73FB,0x91},
	{0x73FC,0x03},
	{0x73FD,0x99},
	{0x73FE,0x00},
	{0x73FF,0x24},
	{0x7400,0x41},
	{0x7401,0x18},
	{0x7402,0x01},
	{0x7403,0x91},
	{0x7404,0x04},
	{0x7405,0x99},
	{0x7406,0x47},
	{0x7407,0x18},
	{0x7408,0x02},
	{0x7409,0x98},
	{0x740A,0xA6},
	{0x740B,0x00},
	{0x740C,0x80},
	{0x740D,0x19},
	{0x740E,0x01},
	{0x740F,0x6D},
	{0x7410,0x01},
	{0x7411,0x98},
	{0x7412,0x1E},
	{0x7413,0x4A},
	{0x7414,0x80},
	{0x7415,0x59},
	{0x7416,0x08},
	{0x7417,0x18},
	{0x7418,0x11},
	{0x7419,0x05},
	{0x741A,0x12},
	{0x741B,0xF6},
	{0x741C,0x64},
	{0x741D,0xFE},
	{0x741E,0x02},
	{0x741F,0x46},
	{0x7420,0x00},
	{0x7421,0x90},
	{0x7422,0x21},
	{0x7423,0x46},
	{0x7424,0x28},
	{0x7425,0x46},
	{0x7426,0x09},
	{0x7427,0xF6},
	{0x7428,0xAF},
	{0x7429,0xF9},
	{0x742A,0x64},
	{0x742B,0x1C},
	{0x742C,0x00},
	{0x742D,0x98},
	{0x742E,0xE4},
	{0x742F,0xB2},
	{0x7430,0xB8},
	{0x7431,0x51},
	{0x7432,0x04},
	{0x7433,0x2C},
	{0x7434,0xE8},
	{0x7435,0xD3},
	{0x7436,0x6D},
	{0x7437,0x1C},
	{0x7438,0xED},
	{0x7439,0xB2},
	{0x743A,0x05},
	{0x743B,0x2D},
	{0x743C,0xDA},
	{0x743D,0xD3},
	{0x743E,0x13},
	{0x743F,0xE7},
	{0x7440,0x10},
	{0x7441,0xB5},
	{0x7442,0x0D},
	{0x7443,0x48},
	{0x7444,0x01},
	{0x7445,0x78},
	{0x7446,0x01},
	{0x7447,0x29},
	{0x7448,0x08},
	{0x7449,0xD0},
	{0x744A,0x02},
	{0x744B,0x29},
	{0x744C,0x09},
	{0x744D,0xD0},
	{0x744E,0x40},
	{0x744F,0x78},
	{0x7450,0x00},
	{0x7451,0x28},
	{0x7452,0x0E},
	{0x7453,0xD0},
	{0x7454,0x09},
	{0x7455,0xF6},
	{0x7456,0x20},
	{0x7457,0xF8},
	{0x7458,0x00},
	{0x7459,0x20},
	{0x745A,0x05},
	{0x745B,0xE0},
	{0x745C,0x09},
	{0x745D,0xF6},
	{0x745E,0x00},
	{0x745F,0xF8},
	{0x7460,0x01},
	{0x7461,0xE0},
	{0x7462,0x09},
	{0x7463,0xF6},
	{0x7464,0xBB},
	{0x7465,0xF8},
	{0x7466,0x01},
	{0x7467,0x20},
	{0x7468,0x09},
	{0x7469,0xF6},
	{0x746A,0xD0},
	{0x746B,0xF9},
	{0x746C,0x08},
	{0x746D,0xF6},
	{0x746E,0x6A},
	{0x746F,0xFF},
	{0x7470,0x10},
	{0x7471,0xBD},
	{0x7472,0xFF},
	{0x7473,0xF7},
	{0x7474,0xB0},
	{0x7475,0xFF},
	{0x7476,0xEF},
	{0x7477,0xE7},
	{0x7478,0x44},
	{0x7479,0x81},
	{0x747A,0x20},
	{0x747B,0x00},
	{0x747C,0xC4},
	{0x747D,0x3D},
	{0x747E,0x20},
	{0x747F,0x00},
	{0x7480,0x9C},
	{0x7481,0x38},
	{0x7482,0x20},
	{0x7483,0x00},
	{0x7484,0x0C},
	{0x7485,0x5A},
	{0x7486,0x20},
	{0x7487,0x00},
	{0x7488,0x44},
	{0x7489,0x64},
	{0x748A,0x20},
	{0x748B,0x00},
	{0x748C,0xFF},
	{0x748D,0xFF},
	{0x748E,0x0F},
	{0x748F,0x00},
	{0x7490,0xF8},
	{0x7491,0xB5},
	{0x7492,0x22},
	{0x7493,0x48},
	{0x7494,0x22},
	{0x7495,0x4F},
	{0x7496,0x23},
	{0x7497,0x4E},
	{0x7498,0x00},
	{0x7499,0x24},
	{0x749A,0x00},
	{0x749B,0x90},
	{0x749C,0x00},
	{0x749D,0x98},
	{0x749E,0x65},
	{0x749F,0x00},
	{0x74A0,0x40},
	{0x74A1,0x5B},
	{0x74A2,0x21},
	{0x74A3,0x4A},
	{0x74A4,0x01},
	{0x74A5,0x21},
	{0x74A6,0x12},
	{0x74A7,0xF6},
	{0x74A8,0x3C},
	{0x74A9,0xFE},
	{0x74AA,0x82},
	{0x74AB,0xB2},
	{0x74AC,0x21},
	{0x74AD,0x46},
	{0x74AE,0x00},
	{0x74AF,0x20},
	{0x74B0,0x0A},
	{0x74B1,0xF6},
	{0x74B2,0x1A},
	{0x74B3,0xF9},
	{0x74B4,0x78},
	{0x74B5,0x5B},
	{0x74B6,0x1C},
	{0x74B7,0x4A},
	{0x74B8,0x01},
	{0x74B9,0x21},
	{0x74BA,0x12},
	{0x74BB,0xF6},
	{0x74BC,0x32},
	{0x74BD,0xFE},
	{0x74BE,0x82},
	{0x74BF,0xB2},
	{0x74C0,0x21},
	{0x74C1,0x46},
	{0x74C2,0x03},
	{0x74C3,0x20},
	{0x74C4,0x0A},
	{0x74C5,0xF6},
	{0x74C6,0x10},
	{0x74C7,0xF9},
	{0x74C8,0x70},
	{0x74C9,0x5B},
	{0x74CA,0x17},
	{0x74CB,0x4A},
	{0x74CC,0x01},
	{0x74CD,0x21},
	{0x74CE,0x12},
	{0x74CF,0xF6},
	{0x74D0,0x28},
	{0x74D1,0xFE},
	{0x74D2,0x82},
	{0x74D3,0xB2},
	{0x74D4,0x21},
	{0x74D5,0x46},
	{0x74D6,0x04},
	{0x74D7,0x20},
	{0x74D8,0x0A},
	{0x74D9,0xF6},
	{0x74DA,0x06},
	{0x74DB,0xF9},
	{0x74DC,0x64},
	{0x74DD,0x1C},
	{0x74DE,0xFF},
	{0x74DF,0x20},
	{0x74E0,0xA4},
	{0x74E1,0xB2},
	{0x74E2,0x19},
	{0x74E3,0x30},
	{0x74E4,0x84},
	{0x74E5,0x42},
	{0x74E6,0xD9},
	{0x74E7,0xD3},
	{0x74E8,0xF8},
	{0x74E9,0xBD},
	{0x74EA,0x10},
	{0x74EB,0xB5},
	{0x74EC,0x0F},
	{0x74ED,0x48},
	{0x74EE,0x40},
	{0x74EF,0x7F},
	{0x74F0,0x80},
	{0x74F1,0x07},
	{0x74F2,0x80},
	{0x74F3,0x0F},
	{0x74F4,0x0B},
	{0x74F5,0xD0},
	{0x74F6,0x02},
	{0x74F7,0x28},
	{0x74F8,0x0C},
	{0x74F9,0xD0},
	{0x74FA,0x09},
	{0x74FB,0xF6},
	{0x74FC,0xAB},
	{0x74FD,0xFF},
	{0x74FE,0x0B},
	{0x74FF,0x48},
	{0x7500,0x01},
	{0x7501,0x22},
	{0x7502,0x20},
	{0x7503,0x30},
	{0x7504,0xC1},
	{0x7505,0x6C},
	{0x7506,0x12},
	{0x7507,0x06},
	{0x7508,0x91},
	{0x7509,0x43},
	{0x750A,0xC1},
	{0x750B,0x64},
	{0x750C,0x10},
	{0x750D,0xBD},
	{0x750E,0x0A},
	{0x750F,0xF6},
	{0x7510,0x85},
	{0x7511,0xF8},
	{0x7512,0xF4},
	{0x7513,0xE7},
	{0x7514,0xFF},
	{0x7515,0xF7},
	{0x7516,0xBC},
	{0x7517,0xFF},
	{0x7518,0xF1},
	{0x7519,0xE7},
	{0x751A,0x00},
	{0x751B,0x00},
	{0x751C,0x6C},
	{0x751D,0xD1},
	{0x751E,0x20},
	{0x751F,0x00},
	{0x7520,0x9C},
	{0x7521,0xD3},
	{0x7522,0x20},
	{0x7523,0x00},
	{0x7524,0xCC},
	{0x7525,0xD5},
	{0x7526,0x20},
	{0x7527,0x00},
	{0x7528,0xFF},
	{0x7529,0x07},
	{0x752A,0x00},
	{0x752B,0x00},
	{0x752C,0xE4},
	{0x752D,0x86},
	{0x752E,0x20},
	{0x752F,0x00},
	{0x7530,0x81},
	{0x7531,0xB7},
	{0x7532,0x00},
	{0x7533,0x00},
	{0x7534,0x0C},
	{0x7535,0xCD},
	{0x7536,0x00},
	{0x7537,0x00},
	{0x9C00,0x00},
	{0x9C01,0x00},
	{0x9C02,0x00},
	{0x9C03,0x00},
	{0x9C04,0x00},
	{0x9C05,0x00},
	{0x9C06,0x00},
	{0x9C07,0x00},
	{0x9C08,0x00},
	{0x9C09,0x00},
	{0x9C0A,0x00},
	{0x9C0B,0x00},
	{0x9C0C,0x00},
	{0x9C0D,0x00},
	{0x9C0E,0x00},
	{0x9C0F,0x00},
	{0x9C10,0x00},
	{0x9C11,0x00},
	{0x9C12,0x00},
	{0x9C13,0x00},
	{0x9C14,0x00},
	{0x9C15,0x00},
	{0x9C16,0x00},
	{0x9C17,0x00},
	{0x9C18,0x00},
	{0x9C19,0x00},
	{0x9C1A,0x00},
	{0x9C1B,0x00},
	{0x9C1C,0x00},
	{0x9C1D,0x00},
	{0x9C1E,0x00},
	{0x9C1F,0x00},
	{0x9C20,0x00},
	{0x9C21,0x00},
	{0x9C22,0x00},
	{0x9C23,0x00},
	{0x9C24,0x00},
	{0x9C25,0x00},
	{0x9C26,0x00},
	{0x9C27,0x00},
	{0x9C28,0x00},
	{0x9C29,0x00},
	{0x9C2A,0x00},
	{0x9C2B,0x00},
	{0x9C2C,0x00},
	{0x9C2D,0x00},
	{0x9C2E,0x00},
	{0x9C2F,0x00},
	{0x9C30,0x00},
	{0x9C31,0x00},
	{0x9C32,0x00},
	{0x9C33,0x00},
	{0x9C34,0x00},
	{0x9C35,0x00},
	{0x9C36,0x00},
	{0x9C37,0x00},
	{0x9C38,0x00},
	{0x9C39,0x00},
	{0x9C3A,0x00},
	{0x9C3B,0x00},
	{0x9C3C,0x00},
	{0x9C3D,0x00},
	{0x9C3E,0x00},
	{0x9C3F,0x00},
	{0x9C40,0x00},
	{0x9C41,0x00},
	{0x9C42,0x00},
	{0x9C43,0x00},
	{0x9C44,0x00},
	{0x9C45,0x00},
	{0x9C46,0x00},
	{0x9C47,0x00},
	{0x9C48,0x00},
	{0x9C49,0x00},
	{0x9C4A,0x00},
	{0x9C4B,0x00},
	{0x9C4C,0x00},
	{0x9C4D,0x00},
	{0x9C4E,0x00},
	{0x9C4F,0x00},
	{0x9C50,0x00},
	{0x9C51,0x00},
	{0x9C52,0x00},
	{0x9C53,0x00},
	{0x9C54,0x00},
	{0x9C55,0x00},
	{0x9C56,0x00},
	{0x9C57,0x00},
	{0x9C58,0x00},
	{0x9C59,0x00},
	{0x9C5A,0x00},
	{0x9C5B,0x00},
	{0x9C5C,0x00},
	{0x9C5D,0x00},
	{0x9C5E,0x00},
	{0x9C5F,0x00},
	{0x9C60,0x00},
	{0x9C61,0x00},
	{0x9C62,0x00},
	{0x9C63,0x00},
	{0x9C64,0x00},
	{0x9C65,0x00},
	{0x9C66,0x00},
	{0x9C67,0x00},
	{0x9C68,0x00},
	{0x9C69,0x00},
	{0x9C6A,0x00},
	{0x9C6B,0x00},
	{0x9C6C,0x33},
	{0x9C6D,0x50},
	{0x9C6E,0x21},
	{0x9C6F,0x00},
	{0x9C70,0x00},
	{0x9C71,0x00},
	{0x9C72,0x00},
	{0x9C73,0x00},
	{0x9C74,0x00},
	{0x9C75,0x00},
	{0x9C76,0x00},
	{0x9C77,0x00},
	{0x9C78,0x00},
	{0x9C79,0x00},
	{0x9C7A,0x00},
	{0x9C7B,0x00},
	{0x9C7C,0x00},
	{0x9C7D,0x00},
	{0x9C7E,0x00},
	{0x9C7F,0x00},
	{0x9C80,0x00},
	{0x9C81,0x00},
	{0x9C82,0x00},
	{0x9C83,0x00},
	{0x9C84,0x00},
	{0x9C85,0x00},
	{0x9C86,0x00},
	{0x9C87,0x00},
	{0x9C88,0x00},
	{0x9C89,0x00},
	{0x9C8A,0x00},
	{0x9C8B,0x00},
	{0x9C8C,0x00},
	{0x9C8D,0x00},
	{0x9C8E,0x00},
	{0x9C8F,0x00},
	{0x9C90,0x00},
	{0x9C91,0x00},
	{0x9C92,0x00},
	{0x9C93,0x00},
	{0x9C94,0x00},
	{0x9C95,0x00},
	{0x9C96,0x00},
	{0x9C97,0x00},
	{0x9C98,0x00},
	{0x9C99,0x00},
	{0x9C9A,0x00},
	{0x9C9B,0x00},
	{0x9C9C,0x00},
	{0x9C9D,0x00},
	{0x9C9E,0x00},
	{0x9C9F,0x00},
	{0x9CA0,0x00},
	{0x9CA1,0x00},
	{0x9CA2,0x00},
	{0x9CA3,0x00},
	{0x9CA4,0x00},
	{0x9CA5,0x00},
	{0x9CA6,0x00},
	{0x9CA7,0x00},
	{0x9CA8,0x00},
	{0x9CA9,0x00},
	{0x9CAA,0x00},
	{0x9CAB,0x00},
	{0x9CAC,0x00},
	{0x9CAD,0x00},
	{0x9CAE,0x00},
	{0x9CAF,0x00},
	{0x9CB0,0x00},
	{0x9CB1,0x00},
	{0x9CB2,0x00},
	{0x9CB3,0x00},
	{0x9CB4,0x00},
	{0x9CB5,0x00},
	{0x9CB6,0x00},
	{0x9CB7,0x00},
	{0x9CB8,0x00},
	{0x9CB9,0x00},
	{0x9CBA,0x00},
	{0x9CBB,0x00},
	{0x9CBC,0x00},
	{0x9CBD,0x00},
	{0x9CBE,0x00},
	{0x9CBF,0x00},
	{0xFFFF,0x00},
};/* init_ac_set_regs */

static const struct imx728_reg init_sys_set_regs[] = {
	{0xFFFF,0x00},
	{0x0010,0x01},
	{0x1749,0x01},
	{0x174B,0x01},
	{0x2DF8,0x00},
	{0x2DF9,0x00},
	{0x2DFA,0x00},
	{0x2DFB,0x00},
	{0x2DFC,0x00},
	{0x2DFD,0x00},
	{0x2E00,0x00},
	{0x2E01,0x00},
	{0x2E3A,0x05},
	{0x2E3B,0x00},
	{0x2EA0,0x1C},
	{0x2EA1,0xCD},
	{0x2EA2,0xA1},
	{0x2EA3,0x9E},
	{0x2EDD,0x01},
	{0x2F26,0x0B},
	{0x2F27,0x00},
	{0x2F4A,0x20},
	{0x2F4B,0x00},
	{0x2F56,0x00},
	{0x2F57,0x00},
	{0x2F68,0x78},
	{0x2F69,0x00},
	{0x2F6A,0x04},
	{0x2F6B,0x00},
	{0x2F76,0x16},
	{0x2F77,0x00},
	{0x2F98,0x8D},
	{0x2F99,0x00},
	{0x2FA6,0x10},
	{0x2FA7,0x00},
	{0x2FC2,0x0B},
	{0x2FC3,0x00},
	{0x2FE2,0x0B},
	{0x2FE3,0x00},
	{0x300C,0x78},
	{0x300D,0x00},
	{0x300E,0x05},
	{0x300F,0x00},
	{0x3018,0x8D},
	{0x3019,0x00},
	{0x301A,0x0A},
	{0x301B,0x00},
	{0x301C,0x7D},
	{0x301D,0x00},
	{0x301E,0x04},
	{0x301F,0x00},
	{0x306A,0x00},
	{0x306B,0x00},
	{0x306C,0x00},
	{0x306D,0x00},
	{0x306E,0x01},
	{0x306F,0x00},
	{0x3070,0x06},
	{0x3071,0x00},
	{0x3072,0x07},
	{0x3073,0x00},
	{0x3074,0xC9},
	{0x3075,0x08},
	{0x3082,0xCC},
	{0x3083,0x08},
	{0x3084,0xCD},
	{0x3085,0x08},
	{0x30ED,0x11},
	{0x30EE,0x1F},
	{0x30EF,0x11},
	{0x30F0,0x0D},
	{0x30F1,0x1F},
	{0x30F2,0x1F},
	{0x315E,0xD4},
	{0x315F,0x01},
	{0x3162,0x47},
	{0x3163,0x02},
	{0x3176,0xE0},
	{0x3177,0x01},
	{0x317A,0x41},
	{0x317B,0x02},
	{0x31C2,0x88},
	{0x31C3,0x01},
	{0x31D4,0xD5},
	{0x31D5,0x01},
	{0x31D8,0x48},
	{0x31D9,0x02},
	{0x31EC,0xE1},
	{0x31ED,0x01},
	{0x31F0,0x42},
	{0x31F1,0x02},
	{0x3238,0x89},
	{0x3239,0x01},
	{0x3256,0xFF},
	{0x3257,0x07},
	{0x326E,0x05},
	{0x326F,0x03},
	{0x32BA,0xFF},
	{0x32BB,0x07},
	{0x32D0,0xFF},
	{0x32D1,0x07},
	{0x32D2,0xFF},
	{0x32D3,0x07},
	{0x32E8,0xFF},
	{0x32E9,0x07},
	{0x32EA,0xFF},
	{0x32EB,0x07},
	{0x3334,0xFF},
	{0x3335,0x07},
	{0x3336,0xFF},
	{0x3337,0x07},
	{0x334C,0xFF},
	{0x334D,0x07},
	{0x33B0,0xFF},
	{0x33B1,0x07},
	{0x33C6,0xFF},
	{0x33C7,0x07},
	{0x33D2,0x00},
	{0x33D3,0x03},
	{0x3412,0xFF},
	{0x3413,0x07},
	{0x3420,0xFF},
	{0x3421,0x07},
	{0x3422,0xFF},
	{0x3423,0x07},
	{0x346C,0x28},
	{0x346D,0x01},
	{0x3470,0xFF},
	{0x3471,0x07},
	{0x347C,0x01},
	{0x347D,0x03},
	{0x34BC,0xFF},
	{0x34BD,0x07},
	{0x3562,0xFB},
	{0x3563,0x02},
	{0x3586,0x44},
	{0x3587,0x02},
	{0x35C4,0xFC},
	{0x35C5,0x02},
	{0x35E8,0x45},
	{0x35E9,0x02},
	{0x35F4,0xD6},
	{0x35F5,0x01},
	{0x3636,0xD5},
	{0x3637,0x01},
	{0x3750,0xC1},
	{0x3751,0x00},
	{0x3760,0xFF},
	{0x3761,0x07},
	{0x37B0,0xC1},
	{0x37B1,0x00},
	{0x37B2,0xDC},
	{0x37B3,0x01},
	{0x37B4,0x03},
	{0x37B5,0x02},
	{0x37B6,0x33},
	{0x37B7,0x02},
	{0x37F2,0xC0},
	{0x37F3,0x00},
	{0x3800,0xDD},
	{0x3801,0x01},
	{0x3804,0x34},
	{0x3805,0x02},
	{0x3806,0x02},
	{0x3807,0x02},
	{0x3B10,0xFF},
	{0x3B11,0x07},
	{0x3B12,0x00},
	{0x3B13,0x00},
	{0x3B18,0xFF},
	{0x3B19,0x07},
	{0x3B1A,0x00},
	{0x3B1B,0x00},
	{0x3B20,0xFF},
	{0x3B21,0x07},
	{0x3B22,0x00},
	{0x3B23,0x00},
	{0x3B40,0x00},
	{0x3B41,0x00},
	{0x3B42,0xFF},
	{0x3B43,0x07},
	{0x3B48,0x00},
	{0x3B49,0x00},
	{0x3B4A,0xFF},
	{0x3B4B,0x07},
	{0x3B50,0x00},
	{0x3B51,0x00},
	{0x3B52,0xFF},
	{0x3B53,0x07},
	{0x3B66,0xD4},
	{0x3B67,0x01},
	{0x3BF4,0xD5},
	{0x3BF5,0x01},
	{0x3D7C,0xCE},
	{0x3D7D,0x01},
	{0x3DFC,0x2C},
	{0x3DFD,0x01},
	{0x3EC2,0xFF},
	{0x3EC3,0x07},
	{0x3EFE,0xFF},
	{0x3EFF,0x07},
	{0x3F02,0xFF},
	{0x3F03,0x07},
	{0x3F0C,0xFF},
	{0x3F0D,0x07},
	{0x3F0E,0xFF},
	{0x3F0F,0x07},
	{0x3F10,0xFF},
	{0x3F11,0x07},
	{0x3F12,0xFF},
	{0x3F13,0x07},
	{0x3F4C,0xFF},
	{0x3F4D,0x07},
	{0x3F4E,0xFF},
	{0x3F4F,0x07},
	{0x3F50,0xFF},
	{0x3F51,0x07},
	{0x3F52,0xFF},
	{0x3F53,0x07},
	{0x3F60,0xFF},
	{0x3F61,0x07},
	{0x3F9C,0xFF},
	{0x3F9D,0x07},
	{0x3FA0,0xFF},
	{0x3FA1,0x07},
	{0x420C,0xFF},
	{0x420D,0x07},
	{0x4210,0xFF},
	{0x4211,0x07},
	{0x4286,0xFF},
	{0x4287,0x07},
	{0x428A,0xFF},
	{0x428B,0x07},
	{0x4408,0xFF},
	{0x4409,0x07},
	{0x4410,0xFF},
	{0x4411,0x07},
	{0x4418,0xFF},
	{0x4419,0x07},
	{0x4420,0xFF},
	{0x4421,0x07},
	{0x4428,0xFF},
	{0x4429,0x07},
	{0x4430,0xFF},
	{0x4431,0x07},
	{0x4436,0xFF},
	{0x4437,0x07},
	{0x443C,0xFF},
	{0x443D,0x07},
	{0x4444,0xFF},
	{0x4445,0x07},
	{0x4464,0xFF},
	{0x4465,0x07},
	{0x446C,0xFF},
	{0x446D,0x07},
	{0x4474,0xFF},
	{0x4475,0x07},
	{0x4485,0x28},
	{0x44A7,0x37},
	{0x44A8,0x2C},
	{0x4594,0x1B},
	{0x4596,0x1F},
	{0x459B,0x1B},
	{0x459D,0x1F},
	{0x45A1,0x14},
	{0x45A4,0x16},
	{0x45A6,0x14},
	{0x45AB,0x16},
	{0x45AC,0x11},
	{0x45AD,0x11},
	{0x45AE,0x0B},
	{0x45AF,0x0B},
	{0x45B0,0x0B},
	{0x45B1,0x0B},
	{0x45B2,0x1F},
	{0x45B3,0x0B},
	{0x45B4,0x0B},
	{0x45B5,0x1F},
	{0x45B6,0x1F},
	{0x45B7,0x1F},
	{0x45B8,0x1F},
	{0x45B9,0x1F},
	{0x45BA,0x1F},
	{0x45BB,0x1F},
	{0x45BC,0x1F},
	{0x45BD,0x1F},
	{0x45BE,0x0D},
	{0x45BF,0x0D},
	{0x45C4,0x1F},
	{0x460B,0x01},
	{0x462E,0x1C},
	{0x4631,0x01},
	{0x465A,0x08},
	{0x465B,0x00},
	{0x465C,0x00},
	{0x465D,0x00},
	{0x465E,0x06},
	{0x4660,0x00},
	{0x4661,0x00},
	{0x4662,0x00},
	{0x4663,0x00},
	{0x4664,0x00},
	{0x4665,0x00},
	{0x4666,0x00},
	{0x4667,0x00},
	{0x4668,0x00},
	{0x4669,0x00},
	{0x466A,0x04},
	{0x466C,0x00},
	{0x466D,0x00},
	{0x466E,0x06},
	{0x4670,0x00},
	{0x4671,0x00},
	{0x4672,0x00},
	{0x4673,0x00},
	{0x4674,0x00},
	{0x4675,0x00},
	{0x4676,0x00},
	{0x4677,0x00},
	{0x4678,0x00},
	{0x4679,0x00},
	{0x46AE,0xCA},
	{0x46AF,0x00},
	{0x46B0,0xB8},
	{0x46B1,0x01},
	{0x46B6,0x34},
	{0x46B7,0x02},
	{0x46B8,0x87},
	{0x46B9,0x02},
	{0x46BA,0x94},
	{0x46BB,0x06},
	{0x46D2,0xA0},
	{0x46D3,0x04},
	{0x4778,0x02},
	{0x4779,0x02},
	{0x477A,0x02},
	{0x477B,0x02},
	{0x477C,0x02},
	{0x477D,0x02},
	{0x477E,0x02},
	{0x477F,0x02},
	{0x4782,0x03},
	{0x4786,0x03},
	{0x4788,0x03},
	{0x4789,0x03},
	{0x478A,0x03},
	{0x478C,0x03},
	{0x478D,0x03},
	{0x478E,0x03},
	{0x4792,0x03},
	{0x4796,0x03},
	{0x4798,0x01},
	{0x4799,0x02},
	{0x479A,0x03},
	{0x479C,0x03},
	{0x479D,0x03},
	{0x479E,0x03},
	{0x47A3,0x01},
	{0x47AB,0x00},
	{0x47AD,0x00},
	{0x47B0,0x03},
	{0x47B1,0x03},
	{0x47B2,0x03},
	{0x47B3,0x03},
	{0x47B4,0x03},
	{0x47B5,0x03},
	{0x47B6,0x03},
	{0x47B7,0x03},
	{0x47F4,0x12},
	{0x47F6,0x0C},
	{0x47FA,0x09},
	{0x47FB,0x0B},
	{0x47FC,0x0A},
	{0x4801,0x05},
	{0x4802,0x04},
	{0x4803,0x06},
	{0x4804,0x05},
	{0x4805,0x04},
	{0x480A,0x0D},
	{0x480B,0x14},
	{0x480C,0x10},
	{0x480D,0x12},
	{0x480E,0x16},
	{0x4815,0x09},
	{0x4816,0x05},
	{0x4817,0x08},
	{0x481E,0x09},
	{0x481F,0x09},
	{0x4820,0x0D},
	{0x4827,0x09},
	{0x4828,0x07},
	{0x4829,0x0B},
	{0x482E,0x0F},
	{0x482F,0x0F},
	{0x4830,0x0A},
	{0x4831,0x0A},
	{0x48F2,0x04},
	{0x48F6,0xE2},
	{0x48F7,0x00},
	{0x48F8,0x84},
	{0x48F9,0x00},
	{0x48FA,0x80},
	{0x48FB,0x00},
	{0x48FC,0x45},
	{0x48FD,0x00},
	{0x48FE,0x70},
	{0x48FF,0x00},
	{0x4902,0xB9},
	{0x4903,0x00},
	{0x4904,0x45},
	{0x4905,0x00},
	{0x4906,0x1F},
	{0x4907,0x1F},
	{0x4908,0x18},
	{0x4909,0x1F},
	{0x490A,0x1E},
	{0x490C,0x0A},
	{0x490D,0x1F},
	{0x490E,0x00},
	{0x490F,0x00},
	{0x4910,0x06},
	{0x4911,0x00},
	{0x4912,0x00},
	{0x4915,0x00},
	{0x491C,0x78},
	{0x491D,0x78},
	{0x491E,0x78},
	{0x491F,0x78},
	{0x4924,0x61},
	{0x4925,0x61},
	{0x4926,0x61},
	{0x4927,0x61},
	{0x4928,0x5F},
	{0x4929,0x5F},
	{0x492A,0x5F},
	{0x492B,0x5F},
	{0x492C,0x78},
	{0x492D,0x78},
	{0x492E,0x78},
	{0x492F,0x78},
	{0x4930,0x78},
	{0x4931,0x78},
	{0x4932,0x78},
	{0x4933,0x78},
	{0x4934,0x78},
	{0x4935,0x78},
	{0x4936,0x78},
	{0x4937,0x78},
	{0x4938,0x5F},
	{0x4939,0x5F},
	{0x493A,0x5F},
	{0x493B,0x5F},
	{0x4942,0x0A},
	{0x4943,0x0A},
	{0x4944,0x0A},
	{0x4945,0x0A},
	{0x4947,0x1F},
	{0x4948,0x1F},
	{0x4949,0x1F},
	{0x494A,0x0C},
	{0x494B,0x0C},
	{0x494C,0x0C},
	{0x494D,0x0C},
	{0x494E,0x0E},
	{0x494F,0x0E},
	{0x4950,0x0E},
	{0x4951,0x0E},
	{0x4952,0x11},
	{0x4953,0x11},
	{0x4954,0x11},
	{0x4955,0x11},
	{0x4956,0x0E},
	{0x4957,0x0E},
	{0x4958,0x0E},
	{0x4959,0x0E},
	{0x495A,0x10},
	{0x495B,0x10},
	{0x495C,0x10},
	{0x495D,0x10},
	{0x495E,0x0E},
	{0x495F,0x0E},
	{0x4960,0x0E},
	{0x4961,0x0E},
	{0x4970,0x00},
	{0x4971,0x00},
	{0x4972,0x00},
	{0x4973,0x00},
	{0x4974,0x00},
	{0x4975,0x00},
	{0x4976,0x00},
	{0x4977,0x00},
	{0x4978,0x04},
	{0x4979,0x04},
	{0x497A,0x04},
	{0x497B,0x04},
	{0x497C,0x03},
	{0x497D,0x03},
	{0x497E,0x03},
	{0x497F,0x03},
	{0x4980,0x05},
	{0x4981,0x05},
	{0x4982,0x05},
	{0x4983,0x05},
	{0x4984,0x00},
	{0x4985,0x00},
	{0x4986,0x00},
	{0x4987,0x00},
	{0x49E0,0xC3},
	{0x49E1,0x00},
	{0x49E2,0xEA},
	{0x49E3,0x01},
	{0x49E4,0xD7},
	{0x49E5,0x02},
	{0x49E8,0xC3},
	{0x49E9,0x00},
	{0x49EA,0xD6},
	{0x49EB,0x01},
	{0x4A68,0x72},
	{0x4A69,0x00},
	{0x4A6A,0x6E},
	{0x4A6B,0x00},
	{0x4A9C,0x6E},
	{0x4A9D,0x00},
	{0x4BB8,0x00},
	{0x4BB9,0x00},
	{0x4BBA,0xFF},
	{0x4BBB,0x03},
	{0x4BC0,0x00},
	{0x4BC1,0x00},
	{0x4BC2,0xFF},
	{0x4BC3,0x03},
	{0x4C46,0x6E},
	{0x4C47,0x00},
	{0x4CDA,0x28},
	{0x4CDB,0x00},
	{0x4CDE,0x7B},
	{0x4CDF,0x00},
	{0x4CE2,0x28},
	{0x4CE3,0x00},
	{0x4EEA,0x70},
	{0x4EEB,0x00},
	{0x4F00,0x6C},
	{0x4F01,0x00},
	{0x5072,0x6C},
	{0x5073,0x00},
	{0x5086,0x6C},
	{0x5087,0x00},
	{0x55A0,0x3A},
	{0x55A1,0x00},
	{0x55A6,0x7A},
	{0x55A7,0x01},
	{0x55A8,0x3A},
	{0x55A9,0x00},
	{0x55AE,0xBB},
	{0x55AF,0x00},
	{0x55B2,0x60},
	{0x55B3,0x00},
	{0x55B4,0x86},
	{0x55B5,0x00},
	{0x55B6,0xB7},
	{0x55B7,0x00},
	{0x55B8,0x17},
	{0x55B9,0x00},
	{0x55BA,0x5F},
	{0x55BB,0x00},
	{0x55BC,0x8D},
	{0x55BD,0x00},
	{0x55BE,0xBB},
	{0x55BF,0x00},
	{0x594C,0xFF},
	{0x594D,0x03},
	{0x594E,0xFF},
	{0x594F,0x03},
	{0x5950,0xFF},
	{0x5951,0x03},
	{0x5952,0xFF},
	{0x5953,0x03},
	{0x5B24,0x20},
	{0x5B25,0x0D},
	{0x5B28,0x88},
	{0x5B29,0x04},
	{0x961C,0x00},
	{0x961D,0x03},
	{0x9630,0x94},
	{0x9631,0x11},
	{0x9788,0x01},
	{0x97C0,0xC3},
	{0x97C1,0x00},
	{0x97C2,0xD7},
	{0x97C3,0x01},
	{0x97C4,0xC5},
	{0x97C5,0x02},
	{0x97C8,0xC3},
	{0x97C9,0x00},
	{0x97CA,0xEA},
	{0x97CB,0x01},
	{0x97CC,0xD7},
	{0x97CD,0x02},
	{0x97D0,0xC3},
	{0x97D1,0x00},
	{0x97D2,0xD6},
	{0x97D3,0x01},
	{0xB51D,0x01},
	{0xB526,0x00},
	{0xB527,0x05},
	{0xB52A,0xC0},
	{0xB52B,0x03},
	{0xB642,0xA0},
	{0xB643,0xFB},
	{0xB644,0x70},
	{0xB645,0x03},
	{0xB646,0x00},
	{0xB647,0x00},
	{0xB658,0x90},
	{0xB659,0xE3},
	{0xB65A,0xFF},
	{0xB65B,0xFF},
	{0xB68A,0x00},
	{0xB68B,0x03},
	{0xB6CC,0x00},
	{0xB6CD,0x05},
	{0xB6D0,0xC0},
	{0xB6D1,0x03},
	{0xB6E8,0x51},
	{0xB6E9,0x05},
	{0xB6EA,0x55},
	{0xB6EC,0x40},
	{0xB6ED,0x05},
	{0xB6EE,0x55},
	{0xB6EF,0x55},
	{0xB6F0,0x55},
	{0xB6F1,0x55},
	{0xB6F2,0x55},
	{0xB6F3,0x01},
	{0xEC40,0x70},
	{0xEC41,0x03},
	{0xEC42,0x00},
	{0xEC43,0x00},
	{0xEC68,0x88},
	{0xEC69,0x07},
	{0xEC6A,0x40},
	{0xEC6B,0x04},
	{0xB682,0x02},
	{0xEC81,0x01},
	{0x9711,0x01},
	{0xEC80,0x01},
	{0x9710,0x01},
	{0xBF4C,0x01},
	{0xBFAE,0x01},
	{0xC010,0x01},
	{0xC072,0x01},
	{0x9796,0xD0},
	{0x9797,0x0A},
	{0x9798,0xF0},
	{0x9799,0x00},
	{0x979C,0xD0},
	{0x979D,0x0A},
	{0x979E,0xF0},
	{0x979F,0x00},
	{0x97A0,0xC0},
	{0x97A1,0xDF},
	{0x97A2,0xC0},
	{0x97A3,0xBC},
	{0x97A4,0x80},
	{0x97A5,0x7A},
	{0x97A8,0x00},
	{0x97A9,0x50},
	{0x97AA,0xC0},
	{0x97AB,0x35},
	{0x9730,0xA5},
	{0xFFFF,0x10},
	{0xB3F4,0x6E},
	{0xB3F5,0x00},
	{0xB3F6,0x6E},
	{0xB3F7,0x00},
	{0xB3F8,0x26},
	{0xB3F9,0x02},
	{0xB3FA,0x26},
	{0xB3FB,0x02},
	{0xB3FC,0x01},
	{0xB3FD,0x00},
	{0xB3FE,0x01},
	{0xB3FF,0x00},
	{0xB400,0x96},
	{0xB401,0x00},
	{0xB402,0x96},
	{0xB403,0x00},
	{0xB404,0x26},
	{0xB405,0x02},
	{0xB406,0x26},
	{0xB407,0x02},
	{0xB408,0x26},
	{0xB409,0x02},
	{0xB40A,0x26},
	{0xB40B,0x02},
	{0xB40C,0x96},
	{0xB40D,0x00},
	{0xB40E,0x96},
	{0xB40F,0x00},
	{0xB410,0x96},
	{0xB411,0x00},
	{0xB412,0x96},
	{0xB413,0x00},
	{0xB414,0x26},
	{0xB415,0x02},
	{0xB416,0x26},
	{0xB417,0x02},
	{0xB418,0x6E},
	{0xB419,0x00},
	{0xB41A,0x6E},
	{0xB41B,0x00},
	{0xB41C,0x96},
	{0xB41D,0x00},
	{0xB41E,0x96},
	{0xB41F,0x00},
	{0xB420,0x01},
	{0xB421,0x00},
	{0xB422,0x01},
	{0xB423,0x00},
	{0xB424,0xFC},
	{0xB425,0x03},
	{0xB426,0xFC},
	{0xB427,0x03},
	{0xB428,0xFC},
	{0xB429,0x03},
	{0xB42A,0xFC},
	{0xB42B,0x03},
	{0xB42C,0x50},
	{0xB42D,0x00},
	{0xB42E,0x50},
	{0xB42F,0x00},
	{0xB430,0x50},
	{0xB431,0x00},
	{0xB432,0x50},
	{0xB433,0x00},
	{0xB434,0x84},
	{0xB435,0x03},
	{0xB436,0x84},
	{0xB437,0x03},
	{0xB438,0x84},
	{0xB439,0x03},
	{0xB43A,0x84},
	{0xB43B,0x03},
	{0xB43C,0x64},
	{0xB43D,0x00},
	{0xB43E,0x64},
	{0xB43F,0x00},
	{0xB440,0x64},
	{0xB441,0x00},
	{0xB442,0x64},
	{0xB443,0x00},
	{0xB44F,0x88},
	{0xFFFF,0x00},
	{0x95C1,0x01},
};/* init_sys_set_regs */

static const struct imx728_reg init_addparam_set_regs[] = {
	{0xFFFF,0x00},
	{0x2DCC,0x94},
	{0x2DCD,0x03},
	{0x2DCE,0x93},
	{0x2DCF,0x03},
	{0x2DD4,0x93},
	{0x2DD5,0x03},
	{0x2DD6,0x94},
	{0x2DD7,0x03},
	{0x2DD8,0x93},
	{0x2DD9,0x03},
	{0x2DDC,0x94},
	{0x2DDD,0x03},
	{0x2DDE,0x8E},
	{0x2DDF,0x03},
	{0x2DE0,0x8D},
	{0x2DE1,0x03},
	{0x2DE6,0x8D},
	{0x2DE7,0x03},
	{0x2DE8,0x8E},
	{0x2DE9,0x03},
	{0x2DEA,0x8D},
	{0x2DEB,0x03},
	{0x2DEE,0x8E},
	{0x2DEF,0x03},
	{0x2E02,0x93},
	{0x2E03,0x03},
	{0x2E04,0x94},
	{0x2E05,0x03},
	{0x2E06,0x8D},
	{0x2E07,0x03},
	{0x2E08,0x8E},
	{0x2E09,0x03},
	{0x2E0E,0x97},
	{0x2E0F,0x03},
	{0x2E10,0x91},
	{0x2E11,0x03},
	{0x2E12,0x92},
	{0x2E13,0x03},
	{0x2D98,0x26},
	{0x2D99,0x01},
	{0x0006,0x14},
	{0x0007,0x00},
	{0x0000,0x1E},
	{0x0001,0x08},
	{0x0002,0x00},
	{0xEC9E,0x65},
	{0xEC9F,0x01},
	{0xEC6E,0xA0},
	{0xEC6F,0x07},
	{0x2E40,0xFF},
	{0x0011,0x01},
	{0x2E60,0xD7},
	{0x2E61,0x00},
	{0x2E64,0x7F},
	{0x2E65,0x00},
	{0x2E66,0x87},
	{0x2E67,0x00},
	{0x2E68,0x4F},
	{0x2E69,0x02},
	{0x2E6A,0xDF},
	{0x2E6B,0x00},
	{0x2E6C,0x87},
	{0x2E6D,0x00},
	{0x2E6E,0xFF},
	{0x2E6F,0x00},
	{0x2E70,0x8F},
	{0x2E71,0x00},
	{0x2E72,0x6F},
	{0x2E73,0x00},
	{0x2E7A,0x00},
	{0xEC5E,0x68},
	{0xEC5F,0x00},
	{0xEC62,0x68},
	{0xEC63,0x00},
	{0xEC66,0x68},
	{0xEC67,0x00},
	{0xEC04,0x32},
	{0xEC05,0x08},
	{0xEC06,0x00},
	{0xEC08,0x1C},
	{0xEC09,0x14},
	{0xEC54,0x80},
	{0xEC55,0xDE},
	{0xEC56,0xFF},
	{0xEC57,0xFF},
	{0xEC0C,0xB0},
	{0xEC0D,0x07},
	{0xEC0E,0x68},
	{0xEC0F,0x00},
	{0x9636,0x68},
	{0x9637,0x00},
	{0xB66A,0x68},
	{0xB66B,0x00},
	{0xCF7C,0x68},
	{0xCF7D,0x00},
	{0xCF97,0x68},
	{0xCF98,0x00},
	{0xCFCA,0x68},
	{0xCFCB,0x00},
	{0xCFE5,0x68},
	{0xCFE6,0x00},
	{0xD018,0x68},
	{0xD019,0x00},
	{0xD033,0x68},
	{0xD034,0x00},
	{0xD066,0x68},
	{0xD067,0x00},
	{0xD081,0x68},
	{0xD082,0x00},
	{0x2E28,0x78},
	{0x2E29,0x05},
	{0x2E2A,0x00},
	{0x2E2C,0x78},
	{0x2E2D,0x05},
	{0x2E2E,0x00},
	{0x2DC0,0xDE},
	{0x2DC1,0x08},
	{0x3752,0x52},
	{0x3753,0x02},
	{0x3754,0xA1},
	{0x3755,0x02},
	{0x3756,0xC6},
	{0x3757,0x02},
	{0x3758,0xF7},
	{0x3759,0x02},
	{0x37F0,0x53},
	{0x37F1,0x02},
	{0x37F6,0xA0},
	{0x37F7,0x02},
	{0x37F4,0xC7},
	{0x37F5,0x02},
	{0x37FA,0xF6},
	{0x37FB,0x02},
	{0x3556,0x0C},
	{0x3557,0x03},
	{0x35B8,0x0D},
	{0x35B9,0x03},
	{0x3EBE,0x5A},
	{0x3EBF,0x02},
	{0x3EC0,0x9D},
	{0x3EC1,0x02},
	{0x3F5C,0x5B},
	{0x3F5D,0x02},
	{0x3F62,0x9C},
	{0x3F63,0x02},
	{0x4208,0xA1},
	{0x4209,0x02},
	{0x420A,0x5E},
	{0x420B,0x02},
	{0x4280,0x5F},
	{0x4281,0x02},
	{0x4282,0xA0},
	{0x4283,0x02},
	{0x3552,0xAF},
	{0x3553,0x02},
	{0x358C,0xFF},
	{0x358D,0x07},
	{0x358E,0x00},
	{0x358F,0x00},
	{0x409A,0xAF},
	{0x409B,0x02},
	{0x40C0,0xFF},
	{0x40C1,0x07},
	{0x40C2,0x00},
	{0x40C3,0x00},
	{0x2F9A,0x0E},
	{0x2F9B,0x00},
	{0x2F96,0x0B},
	{0x2F97,0x00},
	{0x44A9,0x2F},
	{0x45C0,0x1F},
	{0x45C1,0x1F},
	{0x45C2,0x1F},
	{0x45C3,0x1F},
	{0x45C5,0x1F},
	{0x45C6,0x1F},
};/* init_addparam_set_regs */

static const struct imx728_reg init_iqparam_set_regs[] = {
	{0xFFFF,0x00},
	{0x98B0,0x00},
	{0x98B1,0x08},
	{0x98B2,0x00},
	{0x98B3,0x00},
	{0x98B6,0xD8},
	{0x98B7,0xD8},
	{0x98B8,0xEC},
	{0x98CA,0x0F},
	{0x98CB,0x55},
	{0x98CC,0x0B},
	{0x98D2,0x00},
	{0x98D3,0x21},
	{0xC198,0x10},
	{0xC199,0x27},
	{0xC19A,0x00},
	{0xC19B,0x00},
	{0xC2AC,0x10},
	{0xC2AD,0x27},
	{0xC2AE,0x00},
	{0xC2AF,0x00},
	{0xC3C0,0x10},
	{0xC3C1,0x27},
	{0xC3C2,0x00},
	{0xC3C3,0x00},
	{0xC4D4,0x10},
	{0xC4D5,0x27},
	{0xC4D6,0x00},
	{0xC4D7,0x00},
	{0xC19C,0x03},
	{0xC2B0,0x03},
	{0xC3C4,0x03},
	{0xC4D8,0x03},
	{0xC1A0,0x10},
	{0xC1A1,0x27},
	{0xC1A2,0x00},
	{0xC1A3,0x00},
	{0xC2B4,0x10},
	{0xC2B5,0x27},
	{0xC2B6,0x00},
	{0xC2B7,0x00},
	{0xC3C8,0x10},
	{0xC3C9,0x27},
	{0xC3CA,0x00},
	{0xC3CB,0x00},
	{0xC4DC,0x10},
	{0xC4DD,0x27},
	{0xC4DE,0x00},
	{0xC4DF,0x00},
	{0xC1A4,0x03},
	{0xC2B8,0x03},
	{0xC3CC,0x03},
	{0xC4E0,0x03},
	{0x98EC,0x38},
	{0x98ED,0x00},
	{0x98EE,0x00},
	{0x98EF,0x00},
	{0xC1A8,0x38},
	{0xC1A9,0x00},
	{0xC1AA,0x00},
	{0xC1AB,0x00},
	{0xC2BC,0x38},
	{0xC2BD,0x00},
	{0xC2BE,0x00},
	{0xC2BF,0x00},
	{0xC3D0,0x38},
	{0xC3D1,0x00},
	{0xC3D2,0x00},
	{0xC3D3,0x00},
	{0xC4E4,0x38},
	{0xC4E5,0x00},
	{0xC4E6,0x00},
	{0xC4E7,0x00},
	{0x98F0,0x03},
	{0xC1AC,0x03},
	{0xC2C0,0x03},
	{0xC3D4,0x03},
	{0xC4E8,0x03},
	{0x98FC,0x4B},
	{0x98FD,0x00},
	{0x98FE,0x00},
	{0xC1B8,0x4B},
	{0xC1B9,0x00},
	{0xC1BA,0x00},
	{0xC2CC,0x4B},
	{0xC2CD,0x00},
	{0xC2CE,0x00},
	{0xC3E0,0x4B},
	{0xC3E1,0x00},
	{0xC3E2,0x00},
	{0xC4F4,0x4B},
	{0xC4F5,0x00},
	{0xC4F6,0x00},
	{0x9900,0x15},
	{0x9901,0x00},
	{0x9902,0x00},
	{0xC1BC,0x15},
	{0xC1BD,0x00},
	{0xC1BE,0x00},
	{0xC2D0,0x15},
	{0xC2D1,0x00},
	{0xC2D2,0x00},
	{0xC3E4,0x15},
	{0xC3E5,0x00},
	{0xC3E6,0x00},
	{0xC4F8,0x15},
	{0xC4F9,0x00},
	{0xC4FA,0x00},
	{0x9904,0x21},
	{0x9905,0x00},
	{0x9906,0x00},
	{0xC1C0,0x21},
	{0xC1C1,0x00},
	{0xC1C2,0x00},
	{0xC2D4,0x21},
	{0xC2D5,0x00},
	{0xC2D6,0x00},
	{0xC3E8,0x21},
	{0xC3E9,0x00},
	{0xC3EA,0x00},
	{0xC4FC,0x21},
	{0xC4FD,0x00},
	{0xC4FE,0x00},
	{0x9908,0x54},
	{0x9909,0x00},
	{0x990A,0x00},
	{0xC1C4,0x54},
	{0xC1C5,0x00},
	{0xC1C6,0x00},
	{0xC2D8,0x54},
	{0xC2D9,0x00},
	{0xC2DA,0x00},
	{0xC3EC,0x54},
	{0xC3ED,0x00},
	{0xC3EE,0x00},
	{0xC500,0x54},
	{0xC501,0x00},
	{0xC502,0x00},
	{0x9921,0x04},
	{0x9923,0x02},
	{0x9925,0x28},
	{0x9926,0x14},
	{0x9938,0x4B},
	{0x993E,0x15},
	{0x9960,0x00},
	{0x9982,0xF0},
	{0x9983,0x00},
	{0x999C,0x00},
	{0x999D,0x00},
	{0x99DC,0x01},
	{0x99DD,0x00},
	{0x9A3A,0x20},
	{0x9A3B,0x00},
	{0x9A3C,0x20},
	{0x9A3D,0x00},
	{0x9A3E,0x20},
	{0x9A3F,0x00},
	{0x9A40,0x20},
	{0x9A41,0x00},
	{0x9A42,0x20},
	{0x9A43,0x00},
	{0x9A44,0x20},
	{0x9A45,0x00},
	{0x9A46,0x20},
	{0x9A47,0x00},
	{0x9A48,0x30},
	{0x9A49,0x00},
	{0x9A4A,0x40},
	{0x9A4B,0x00},
	{0x9A4C,0x50},
	{0x9A4D,0x00},
	{0x9A4E,0x60},
	{0x9A4F,0x00},
	{0x9A50,0x70},
	{0x9A51,0x00},
	{0x9A52,0x80},
	{0x9A53,0x00},
	{0x9A54,0x90},
	{0x9A55,0x00},
	{0x9A56,0xA0},
	{0x9A57,0x00},
	{0x9A58,0xB0},
	{0x9A59,0x00},
	{0x9A5A,0xC0},
	{0x9A5B,0x00},
	{0x9A5C,0xC0},
	{0x9A5D,0x00},
	{0x9A5F,0x10},
	{0x9A64,0xFF},
	{0x9A65,0xFF},
	{0x9A66,0xFF},
	{0x9A67,0xFF},
	{0x9BEA,0x54},
	{0x9BEB,0x00},
	{0x9BEC,0x54},
	{0x9BED,0x00},
	{0x9BFC,0x00},
	{0x9BFD,0x10},
	{0x9BFE,0x00},
	{0x9C00,0x00},
	{0x9C01,0x10},
	{0x9C02,0x00},
	{0x9C04,0x00},
	{0x9C05,0x10},
	{0x9C06,0x00},
	{0x9C08,0x00},
	{0x9C09,0x10},
	{0x9C0A,0x00},
	{0x9C0C,0x00},
	{0x9C0D,0x10},
	{0x9C0E,0x00},
	{0x9C10,0x00},
	{0x9C11,0x10},
	{0x9C12,0x00},
	{0x9C14,0x00},
	{0x9C15,0x10},
	{0x9C16,0x00},
	{0x9C18,0x00},
	{0x9C19,0x10},
	{0x9C1A,0x00},
	{0x9C1C,0x00},
	{0x9C1D,0x10},
	{0x9C1E,0x00},
	{0x9C20,0x00},
	{0x9C21,0x10},
	{0x9C22,0x00},
	{0x9C24,0x00},
	{0x9C25,0x10},
	{0x9C26,0x00},
	{0x9C28,0x00},
	{0x9C29,0x10},
	{0x9C2A,0x00},
	{0x9C58,0x21},
	{0x9C5A,0x00},
	{0x9C5B,0x50},
	{0xC1CC,0x00},
	{0xC1CD,0x50},
	{0xC2E0,0x00},
	{0xC2E1,0x50},
	{0xC3F4,0x00},
	{0xC3F5,0x50},
	{0xC508,0x00},
	{0xC509,0x50},
	{0x9C5C,0x00},
	{0x9C5D,0x40},
	{0xC1CE,0x00},
	{0xC1CF,0x40},
	{0xC2E2,0x00},
	{0xC2E3,0x40},
	{0xC3F6,0x00},
	{0xC3F7,0x40},
	{0xC50A,0x00},
	{0xC50B,0x40},
	{0x9C60,0x00},
	{0x9C61,0x30},
	{0x9C62,0x00},
	{0x9C63,0x00},
	{0xC1D2,0x00},
	{0xC1D3,0x30},
	{0xC1D4,0x00},
	{0xC1D5,0x00},
	{0xC2E6,0x00},
	{0xC2E7,0x30},
	{0xC2E8,0x00},
	{0xC2E9,0x00},
	{0xC3FA,0x00},
	{0xC3FB,0x30},
	{0xC3FC,0x00},
	{0xC3FD,0x00},
	{0xC50E,0x00},
	{0xC50F,0x30},
	{0xC510,0x00},
	{0xC511,0x00},
	{0x9C64,0x00},
	{0x9C65,0x50},
	{0x9C66,0x00},
	{0x9C67,0x00},
	{0xC1D6,0x00},
	{0xC1D7,0x50},
	{0xC1D8,0x00},
	{0xC1D9,0x00},
	{0xC2EA,0x00},
	{0xC2EB,0x50},
	{0xC2EC,0x00},
	{0xC2ED,0x00},
	{0xC3FE,0x00},
	{0xC3FF,0x50},
	{0xC400,0x00},
	{0xC401,0x00},
	{0xC512,0x00},
	{0xC513,0x50},
	{0xC514,0x00},
	{0xC515,0x00},
	{0x9C6C,0x00},
	{0x9C6D,0x30},
	{0x9C6E,0x00},
	{0x9C6F,0x00},
	{0xC1DE,0x00},
	{0xC1DF,0x30},
	{0xC1E0,0x00},
	{0xC1E1,0x00},
	{0xC2F2,0x00},
	{0xC2F3,0x30},
	{0xC2F4,0x00},
	{0xC2F5,0x00},
	{0xC406,0x00},
	{0xC407,0x30},
	{0xC408,0x00},
	{0xC409,0x00},
	{0xC51A,0x00},
	{0xC51B,0x30},
	{0xC51C,0x00},
	{0xC51D,0x00},
	{0x9C70,0x00},
	{0x9C71,0x50},
	{0x9C72,0x00},
	{0x9C73,0x00},
	{0xC1E2,0x00},
	{0xC1E3,0x50},
	{0xC1E4,0x00},
	{0xC1E5,0x00},
	{0xC2F6,0x00},
	{0xC2F7,0x50},
	{0xC2F8,0x00},
	{0xC2F9,0x00},
	{0xC40A,0x00},
	{0xC40B,0x50},
	{0xC40C,0x00},
	{0xC40D,0x00},
	{0xC51E,0x00},
	{0xC51F,0x50},
	{0xC520,0x00},
	{0xC521,0x00},
	{0x9D00,0x00},
	{0x9D01,0x10},
	{0x9D02,0x00},
	{0x9D04,0x00},
	{0x9D05,0x10},
	{0x9D06,0x00},
	{0x9D08,0x00},
	{0x9D09,0x10},
	{0x9D0A,0x00},
	{0x9D0C,0x00},
	{0x9D0D,0x10},
	{0x9D0E,0x00},
	{0x9D10,0x00},
	{0x9D11,0x10},
	{0x9D12,0x00},
	{0x9D14,0x00},
	{0x9D15,0x10},
	{0x9D16,0x00},
	{0x9D18,0x00},
	{0x9D19,0x10},
	{0x9D1A,0x00},
	{0x9D1C,0x00},
	{0x9D1D,0x10},
	{0x9D1E,0x00},
	{0x9D20,0x00},
	{0x9D21,0x10},
	{0x9D22,0x00},
	{0x9D23,0x00},
	{0x9D24,0x00},
	{0x9D25,0x10},
	{0x9D26,0x00},
	{0x9D27,0x00},
	{0x9D28,0x00},
	{0x9D29,0x10},
	{0x9D2A,0x00},
	{0x9D2B,0x00},
	{0x9D2C,0x00},
	{0x9D2D,0x10},
	{0x9D2E,0x00},
	{0x9D2F,0x00},
	{0x9D30,0x01},
	{0x9D31,0x00},
	{0x9D32,0x00},
	{0x9D33,0x00},
	{0x9D34,0x00},
	{0x9D35,0x00},
	{0x9D38,0x01},
	{0x9D39,0x00},
	{0x9D3A,0x00},
	{0x9D3B,0x00},
	{0x9D3C,0x00},
	{0x9D3D,0x00},
	{0x9D40,0x01},
	{0x9D41,0x00},
	{0x9D42,0x00},
	{0x9D43,0x00},
	{0x9D44,0x00},
	{0x9D45,0x00},
	{0x9D48,0x01},
	{0x9D49,0x00},
	{0x9D4A,0x00},
	{0x9D4B,0x00},
	{0x9D4C,0x00},
	{0x9D4D,0x00},
	{0x9B0E,0x29},
	{0x9B0F,0x2F},
	{0xA2E4,0x23},
	{0xA2E7,0x01},
	{0xA3CC,0x80},
	{0xA3CD,0x10},
	{0xA3CE,0xA7},
	{0xA3CF,0x0E},
	{0xA3D0,0x1A},
	{0xA3D1,0x01},
	{0xA3D2,0xC7},
	{0xA3D3,0x02},
	{0xA3B0,0xE6},
	{0xA3B1,0x00},
	{0xC204,0xE6},
	{0xC205,0x00},
	{0xC318,0xE6},
	{0xC319,0x00},
	{0xC42C,0xE6},
	{0xC42D,0x00},
	{0xC540,0xE6},
	{0xC541,0x00},
	{0xA3B2,0xE6},
	{0xA3B3,0x00},
	{0xC206,0xE6},
	{0xC207,0x00},
	{0xC31A,0xE6},
	{0xC31B,0x00},
	{0xC42E,0xE6},
	{0xC42F,0x00},
	{0xC542,0xE6},
	{0xC543,0x00},
	{0x9E7C,0x87},
	{0x9E88,0x6E},
	{0x9E89,0x87},
	{0x9E8A,0x9B},
	{0x9E8B,0xAF},
	{0x9E8C,0x6E},
	{0x9E8D,0x87},
	{0x9E8E,0x9B},
	{0x9E8F,0xAF},
	{0x9E90,0x28},
	{0x9E91,0x00},
	{0x9E92,0x50},
	{0x9E93,0x00},
	{0x9E94,0xB2},
	{0x9E95,0x0C},
	{0x9E96,0xA6},
	{0x9E97,0x0E},
	{0x9E98,0x28},
	{0x9E99,0x00},
	{0x9E9A,0x50},
	{0x9E9B,0x00},
	{0x9E9C,0xB2},
	{0x9E9D,0x0C},
	{0x9E9E,0xA6},
	{0x9E9F,0x0E},
	{0x9EA0,0x28},
	{0x9EA1,0x00},
	{0x9EA2,0x50},
	{0x9EA3,0x00},
	{0x9EA4,0xB2},
	{0x9EA5,0x0C},
	{0x9EA6,0xA6},
	{0x9EA7,0x0E},
	{0x9EA8,0x28},
	{0x9EA9,0x00},
	{0x9EAA,0x50},
	{0x9EAB,0x00},
	{0x9EAC,0xB2},
	{0x9EAD,0x0C},
	{0x9EAE,0xA6},
	{0x9EAF,0x0E},
	{0x9EB0,0x28},
	{0x9EB1,0x00},
	{0x9EB2,0x50},
	{0x9EB3,0x00},
	{0x9EB4,0xB2},
	{0x9EB5,0x0C},
	{0x9EB6,0xA6},
	{0x9EB7,0x0E},
	{0x9EB8,0x28},
	{0x9EB9,0x00},
	{0x9EBA,0x50},
	{0x9EBB,0x00},
	{0x9EBC,0xB2},
	{0x9EBD,0x0C},
	{0x9EBE,0xA6},
	{0x9EBF,0x0E},
	{0x9EC0,0x28},
	{0x9EC1,0x00},
	{0x9EC2,0x50},
	{0x9EC3,0x00},
	{0x9EC4,0xB2},
	{0x9EC5,0x0C},
	{0x9EC6,0xA6},
	{0x9EC7,0x0E},
	{0x9ED2,0x01},
	{0x9ED3,0x01},
	{0x9ED4,0x01},
	{0x9ED5,0x01},
	{0x9ED6,0x01},
	{0x9ED7,0x01},
	{0x9ED8,0x01},
	{0x9EDA,0xB2},
	{0x9EDB,0x0C},
	{0x9EDC,0xB2},
	{0x9EDD,0x0C},
	{0x9EDE,0xB2},
	{0x9EDF,0x0C},
	{0x9EE0,0xB2},
	{0x9EE1,0x0C},
	{0x9EE2,0xA6},
	{0x9EE3,0x0E},
	{0x9EE4,0xA6},
	{0x9EE5,0x0E},
	{0x9EE6,0xA6},
	{0x9EE7,0x0E},
	{0x9EE8,0xA6},
	{0x9EE9,0x0E},
	{0x9EEA,0xB2},
	{0x9EEB,0x0C},
	{0x9EEC,0xB2},
	{0x9EED,0x0C},
	{0x9EEE,0xB2},
	{0x9EEF,0x0C},
	{0x9EF0,0xB2},
	{0x9EF1,0x0C},
	{0x9EF2,0xA6},
	{0x9EF3,0x0E},
	{0x9EF4,0xA6},
	{0x9EF5,0x0E},
	{0x9EF6,0xA6},
	{0x9EF7,0x0E},
	{0x9EF8,0xA6},
	{0x9EF9,0x0E},
	{0x9EFA,0xB2},
	{0x9EFB,0x0C},
	{0x9EFC,0xB2},
	{0x9EFD,0x0C},
	{0x9EFE,0xB2},
	{0x9EFF,0x0C},
	{0x9F00,0xB2},
	{0x9F01,0x0C},
	{0x9F02,0xA6},
	{0x9F03,0x0E},
	{0x9F04,0xA6},
	{0x9F05,0x0E},
	{0x9F06,0xA6},
	{0x9F07,0x0E},
	{0x9F08,0xA6},
	{0x9F09,0x0E},
	{0x9F0A,0xB2},
	{0x9F0B,0x0C},
	{0x9F0C,0xB2},
	{0x9F0D,0x0C},
	{0x9F0E,0xB2},
	{0x9F0F,0x0C},
	{0x9F10,0xB2},
	{0x9F11,0x0C},
	{0x9F12,0xA6},
	{0x9F13,0x0E},
	{0x9F14,0xA6},
	{0x9F15,0x0E},
	{0x9F16,0xA6},
	{0x9F17,0x0E},
	{0x9F18,0xA6},
	{0x9F19,0x0E},
	{0x9F1A,0xB2},
	{0x9F1B,0x0C},
	{0x9F1C,0xB2},
	{0x9F1D,0x0C},
	{0x9F1E,0xB2},
	{0x9F1F,0x0C},
	{0x9F20,0xB2},
	{0x9F21,0x0C},
	{0x9F22,0xA6},
	{0x9F23,0x0E},
	{0x9F24,0xA6},
	{0x9F25,0x0E},
	{0x9F26,0xA6},
	{0x9F27,0x0E},
	{0x9F28,0xA6},
	{0x9F29,0x0E},
	{0x9F2A,0xB2},
	{0x9F2B,0x0C},
	{0x9F2C,0xB2},
	{0x9F2D,0x0C},
	{0x9F2E,0xB2},
	{0x9F2F,0x0C},
	{0x9F30,0xB2},
	{0x9F31,0x0C},
	{0x9F32,0xA6},
	{0x9F33,0x0E},
	{0x9F34,0xA6},
	{0x9F35,0x0E},
	{0x9F36,0xA6},
	{0x9F37,0x0E},
	{0x9F38,0xA6},
	{0x9F39,0x0E},
	{0x9F3A,0xB2},
	{0x9F3B,0x0C},
	{0x9F3C,0xB2},
	{0x9F3D,0x0C},
	{0x9F3E,0xB2},
	{0x9F3F,0x0C},
	{0x9F40,0xB2},
	{0x9F41,0x0C},
	{0x9F42,0xA6},
	{0x9F43,0x0E},
	{0x9F44,0xA6},
	{0x9F45,0x0E},
	{0x9F46,0xA6},
	{0x9F47,0x0E},
	{0x9F48,0xA6},
	{0x9F49,0x0E},
	{0x9F4A,0xB2},
	{0x9F4B,0x0C},
	{0x9F4C,0xB2},
	{0x9F4D,0x0C},
	{0x9F4E,0xB2},
	{0x9F4F,0x0C},
	{0x9F50,0xB2},
	{0x9F51,0x0C},
	{0x9F52,0xA6},
	{0x9F53,0x0E},
	{0x9F54,0xA6},
	{0x9F55,0x0E},
	{0x9F56,0xA6},
	{0x9F57,0x0E},
	{0x9F58,0xA6},
	{0x9F59,0x0E},
	{0x9F5A,0xD0},
	{0x9F5B,0x07},
	{0x9F5C,0xD0},
	{0x9F5D,0x07},
	{0x9F5E,0xD0},
	{0x9F5F,0x07},
	{0x9F60,0xD0},
	{0x9F61,0x07},
	{0x9F62,0xC4},
	{0x9F63,0x09},
	{0x9F64,0xC4},
	{0x9F65,0x09},
	{0x9F66,0xC4},
	{0x9F67,0x09},
	{0x9F68,0xC4},
	{0x9F69,0x09},
	{0x9F6A,0xD0},
	{0x9F6B,0x07},
	{0x9F6C,0xD0},
	{0x9F6D,0x07},
	{0x9F6E,0xD0},
	{0x9F6F,0x07},
	{0x9F70,0xD0},
	{0x9F71,0x07},
	{0x9F72,0xC4},
	{0x9F73,0x09},
	{0x9F74,0xC4},
	{0x9F75,0x09},
	{0x9F76,0xC4},
	{0x9F77,0x09},
	{0x9F78,0xC4},
	{0x9F79,0x09},
	{0x9F7A,0xD0},
	{0x9F7B,0x07},
	{0x9F7C,0xD0},
	{0x9F7D,0x07},
	{0x9F7E,0xD0},
	{0x9F7F,0x07},
	{0x9F80,0xD0},
	{0x9F81,0x07},
	{0x9F82,0xC4},
	{0x9F83,0x09},
	{0x9F84,0xC4},
	{0x9F85,0x09},
	{0x9F86,0xC4},
	{0x9F87,0x09},
	{0x9F88,0xC4},
	{0x9F89,0x09},
	{0x9F8A,0xD0},
	{0x9F8B,0x07},
	{0x9F8C,0xD0},
	{0x9F8D,0x07},
	{0x9F8E,0xD0},
	{0x9F8F,0x07},
	{0x9F90,0xD0},
	{0x9F91,0x07},
	{0x9F92,0xC4},
	{0x9F93,0x09},
	{0x9F94,0xC4},
	{0x9F95,0x09},
	{0x9F96,0xC4},
	{0x9F97,0x09},
	{0x9F98,0xC4},
	{0x9F99,0x09},
	{0x9F9A,0xD0},
	{0x9F9B,0x07},
	{0x9F9C,0xD0},
	{0x9F9D,0x07},
	{0x9F9E,0xD0},
	{0x9F9F,0x07},
	{0x9FA0,0xD0},
	{0x9FA1,0x07},
	{0x9FA2,0xC4},
	{0x9FA3,0x09},
	{0x9FA4,0xC4},
	{0x9FA5,0x09},
	{0x9FA6,0xC4},
	{0x9FA7,0x09},
	{0x9FA8,0xC4},
	{0x9FA9,0x09},
	{0x9FAA,0xD0},
	{0x9FAB,0x07},
	{0x9FAC,0xD0},
	{0x9FAD,0x07},
	{0x9FAE,0xD0},
	{0x9FAF,0x07},
	{0x9FB0,0xD0},
	{0x9FB1,0x07},
	{0x9FB2,0xC4},
	{0x9FB3,0x09},
	{0x9FB4,0xC4},
	{0x9FB5,0x09},
	{0x9FB6,0xC4},
	{0x9FB7,0x09},
	{0x9FB8,0xC4},
	{0x9FB9,0x09},
	{0x9FBA,0xD0},
	{0x9FBB,0x07},
	{0x9FBC,0xD0},
	{0x9FBD,0x07},
	{0x9FBE,0xD0},
	{0x9FBF,0x07},
	{0x9FC0,0xD0},
	{0x9FC1,0x07},
	{0x9FC2,0xC4},
	{0x9FC3,0x09},
	{0x9FC4,0xC4},
	{0x9FC5,0x09},
	{0x9FC6,0xC4},
	{0x9FC7,0x09},
	{0x9FC8,0xC4},
	{0x9FC9,0x09},
	{0x9FCA,0xD0},
	{0x9FCB,0x07},
	{0x9FCC,0xD0},
	{0x9FCD,0x07},
	{0x9FCE,0xD0},
	{0x9FCF,0x07},
	{0x9FD0,0xD0},
	{0x9FD1,0x07},
	{0x9FD2,0xC4},
	{0x9FD3,0x09},
	{0x9FD4,0xC4},
	{0x9FD5,0x09},
	{0x9FD6,0xC4},
	{0x9FD7,0x09},
	{0x9FD8,0xC4},
	{0x9FD9,0x09},
	{0x9FDA,0xD0},
	{0x9FDB,0x07},
	{0x9FDC,0xD0},
	{0x9FDD,0x07},
	{0x9FDE,0xD0},
	{0x9FDF,0x07},
	{0x9FE0,0xD0},
	{0x9FE1,0x07},
	{0x9FE2,0xC4},
	{0x9FE3,0x09},
	{0x9FE4,0xC4},
	{0x9FE5,0x09},
	{0x9FE6,0xC4},
	{0x9FE7,0x09},
	{0x9FE8,0xC4},
	{0x9FE9,0x09},
	{0x9FEA,0xD0},
	{0x9FEB,0x07},
	{0x9FEC,0xD0},
	{0x9FED,0x07},
	{0x9FEE,0xD0},
	{0x9FEF,0x07},
	{0x9FF0,0xD0},
	{0x9FF1,0x07},
	{0x9FF2,0xC4},
	{0x9FF3,0x09},
	{0x9FF4,0xC4},
	{0x9FF5,0x09},
	{0x9FF6,0xC4},
	{0x9FF7,0x09},
	{0x9FF8,0xC4},
	{0x9FF9,0x09},
	{0x9FFA,0xD0},
	{0x9FFB,0x07},
	{0x9FFC,0xD0},
	{0x9FFD,0x07},
	{0x9FFE,0xD0},
	{0x9FFF,0x07},
	{0xA000,0xD0},
	{0xA001,0x07},
	{0xA002,0xC4},
	{0xA003,0x09},
	{0xA004,0xC4},
	{0xA005,0x09},
	{0xA006,0xC4},
	{0xA007,0x09},
	{0xA008,0xC4},
	{0xA009,0x09},
	{0xA00A,0xD0},
	{0xA00B,0x07},
	{0xA00C,0xD0},
	{0xA00D,0x07},
	{0xA00E,0xD0},
	{0xA00F,0x07},
	{0xA010,0xD0},
	{0xA011,0x07},
	{0xA012,0xC4},
	{0xA013,0x09},
	{0xA014,0xC4},
	{0xA015,0x09},
	{0xA016,0xC4},
	{0xA017,0x09},
	{0xA018,0xC4},
	{0xA019,0x09},
	{0xA044,0x4B},
	{0xA045,0x00},
	{0xA046,0x4B},
	{0xA047,0x00},
	{0xA048,0x4B},
	{0xA049,0x00},
	{0xA04A,0x4B},
	{0xA04B,0x00},
	{0xA04C,0x15},
	{0xA04D,0x00},
	{0xA04E,0x15},
	{0xA04F,0x00},
	{0xA050,0x15},
	{0xA051,0x00},
	{0xA052,0x15},
	{0xA053,0x00},
	{0xA054,0x28},
	{0xA055,0x00},
	{0xA056,0x28},
	{0xA057,0x00},
	{0xA058,0x28},
	{0xA059,0x00},
	{0xA05A,0x28},
	{0xA05B,0x00},
	{0xA05C,0x28},
	{0xA05D,0x00},
	{0xA05E,0x28},
	{0xA05F,0x00},
	{0xA060,0x28},
	{0xA061,0x00},
	{0xA062,0x28},
	{0xA063,0x00},
	{0xA064,0x21},
	{0xA065,0x00},
	{0xA066,0x21},
	{0xA067,0x00},
	{0xA068,0x21},
	{0xA069,0x00},
	{0xA06A,0x21},
	{0xA06B,0x00},
	{0xA076,0x21},
	{0xA077,0x00},
	{0xA078,0x21},
	{0xA079,0x00},
	{0xA07A,0x21},
	{0xA07B,0x00},
	{0xA07C,0x21},
	{0xA07D,0x00},
	{0xA07E,0x28},
	{0xA07F,0x00},
	{0xA080,0x28},
	{0xA081,0x00},
	{0xA082,0x28},
	{0xA083,0x00},
	{0xA084,0x28},
	{0xA085,0x00},
	{0xA086,0x54},
	{0xA087,0x00},
	{0xA088,0x54},
	{0xA089,0x00},
	{0xA08A,0x54},
	{0xA08B,0x00},
	{0xA08C,0x54},
	{0xA08D,0x00},
	{0xA09A,0xA6},
	{0xA09B,0x0E},
	{0xA09C,0xA6},
	{0xA09D,0x0E},
	{0xA09E,0xA6},
	{0xA09F,0x0E},
	{0xA0A0,0xA6},
	{0xA0A1,0x0E},
	{0xA0A2,0xA6},
	{0xA0A3,0x0E},
	{0xA0A4,0xA6},
	{0xA0A5,0x0E},
	{0xA0A6,0xA6},
	{0xA0A7,0x0E},
	{0xA0A8,0xA6},
	{0xA0A9,0x0E},
	{0xA0AA,0xA6},
	{0xA0AB,0x0E},
	{0xA0AC,0xA6},
	{0xA0AD,0x0E},
	{0xA0AE,0xA6},
	{0xA0AF,0x0E},
	{0xA0B0,0xA6},
	{0xA0B1,0x0E},
	{0xA0BC,0xFE},
	{0xA0BD,0x01},
	{0xA0BE,0xFE},
	{0xA0BF,0x01},
	{0xA0C0,0xFE},
	{0xA0C1,0x01},
	{0xA0C2,0xFE},
	{0xA0C3,0x01},
	{0xA0C4,0xFC},
	{0xA0C5,0x03},
	{0xA0C6,0xFC},
	{0xA0C7,0x03},
	{0xA0C8,0xFC},
	{0xA0C9,0x03},
	{0xA0CA,0xFC},
	{0xA0CB,0x03},
	{0xA0CC,0xFE},
	{0xA0CD,0x01},
	{0xA0CE,0xFE},
	{0xA0CF,0x01},
	{0xA0D0,0xFE},
	{0xA0D1,0x01},
	{0xA0D2,0xFE},
	{0xA0D3,0x01},
	{0xA0D4,0xFC},
	{0xA0D5,0x03},
	{0xA0D6,0xFC},
	{0xA0D7,0x03},
	{0xA0D8,0xFC},
	{0xA0D9,0x03},
	{0xA0DA,0xFC},
	{0xA0DB,0x03},
	{0xA0DC,0xFE},
	{0xA0DD,0x01},
	{0xA0DE,0xFE},
	{0xA0DF,0x01},
	{0xA0E0,0xFE},
	{0xA0E1,0x01},
	{0xA0E2,0xFE},
	{0xA0E3,0x01},
	{0xA0E4,0xFC},
	{0xA0E5,0x03},
	{0xA0E6,0xFC},
	{0xA0E7,0x03},
	{0xA0E8,0xFC},
	{0xA0E9,0x03},
	{0xA0EA,0xFC},
	{0xA0EB,0x03},
	{0xA0EC,0xFE},
	{0xA0ED,0x01},
	{0xA0EE,0xFE},
	{0xA0EF,0x01},
	{0xA0F0,0xFE},
	{0xA0F1,0x01},
	{0xA0F2,0xFE},
	{0xA0F3,0x01},
	{0xA0F4,0xFC},
	{0xA0F5,0x03},
	{0xA0F6,0xFC},
	{0xA0F7,0x03},
	{0xA0F8,0xFC},
	{0xA0F9,0x03},
	{0xA0FA,0xFC},
	{0xA0FB,0x03},
	{0xA11C,0x01},
	{0xA126,0x00},
	{0xA127,0x04},
	{0xA128,0x00},
	{0xA129,0x02},
	{0xA12A,0x00},
	{0xA12B,0x02},
	{0xA12C,0x00},
	{0xA12D,0x02},
	{0xA12E,0x00},
	{0xA12F,0x02},
	{0xA130,0x00},
	{0xA131,0x02},
	{0xA132,0x00},
	{0xA133,0x02},
	{0xA134,0x00},
	{0xA135,0x02},
	{0xA136,0x00},
	{0xA137,0x02},
	{0xA138,0xA6},
	{0xA139,0x0E},
	{0xA13A,0xA6},
	{0xA13B,0x0E},
	{0xA13C,0xA6},
	{0xA13D,0x0E},
	{0xA13E,0xA6},
	{0xA13F,0x0E},
	{0xA140,0xA6},
	{0xA141,0x0E},
	{0xA142,0xA6},
	{0xA143,0x0E},
	{0xA144,0xA6},
	{0xA145,0x0E},
	{0xA146,0xA6},
	{0xA147,0x0E},
	{0xA148,0xA6},
	{0xA149,0x0E},
	{0xA14A,0xA6},
	{0xA14B,0x0E},
	{0xA14C,0xA6},
	{0xA14D,0x0E},
	{0xA14E,0xA6},
	{0xA14F,0x0E},
	{0xA150,0xA6},
	{0xA151,0x0E},
	{0xA152,0xA6},
	{0xA153,0x0E},
	{0xA154,0xA6},
	{0xA155,0x0E},
	{0xA156,0xA6},
	{0xA157,0x0E},
	{0xA15E,0x0A},
	{0xA15F,0x09},
	{0xA160,0x0D},
	{0xA161,0x09},
	{0xA162,0x01},
	{0xA163,0x00},
	{0xA166,0x2F},
	{0xA167,0x00},
	{0xA168,0x01},
	{0xA169,0x00},
	{0xA16A,0x00},
	{0xA16B,0x00},
	{0xA16C,0x00},
	{0xA16D,0x00},
	{0xA16E,0x00},
	{0xA16F,0x00},
	{0xA170,0x00},
	{0xA171,0x00},
	{0xA17C,0xDE},
	{0xA17D,0x00},
	{0xA17E,0xEA},
	{0xA17F,0x00},
	{0xA180,0xDE},
	{0xA181,0x00},
	{0xA182,0xEA},
	{0xA183,0x00},
	{0xA18A,0x87},
	{0xA18B,0x87},
	{0xA6DA,0x23},
	{0xA6DB,0x00},
	{0xA6DC,0x23},
	{0xA6DD,0x00},
	{0xA6DE,0x23},
	{0xA6DF,0x00},
	{0xA6E0,0x23},
	{0xA6E1,0x00},
	{0xA6E2,0x45},
	{0xA6E3,0x00},
	{0xA6E4,0x45},
	{0xA6E5,0x00},
	{0xA6E6,0x45},
	{0xA6E7,0x00},
	{0xA6E8,0x45},
	{0xA6E9,0x00},
	{0xA6EA,0x8B},
	{0xA6EB,0x00},
	{0xA6EC,0x8B},
	{0xA6ED,0x00},
	{0xA6EE,0x8B},
	{0xA6EF,0x00},
	{0xA6F0,0x8B},
	{0xA6F1,0x00},
	{0xA6F2,0x16},
	{0xA6F3,0x01},
	{0xA6F4,0x16},
	{0xA6F5,0x01},
	{0xA6F6,0x16},
	{0xA6F7,0x01},
	{0xA6F8,0x16},
	{0xA6F9,0x01},
	{0xA702,0x02},
	{0xA703,0x00},
	{0xA704,0x02},
	{0xA705,0x00},
	{0xA706,0x02},
	{0xA707,0x00},
	{0xA708,0x02},
	{0xA709,0x00},
	{0xA72E,0x40},
	{0xA72F,0x40},
	{0xA730,0x40},
	{0xA731,0x40},
	{0xA732,0x05},
	{0xA733,0x00},
	{0xA734,0x05},
	{0xA735,0x00},
	{0xA736,0x05},
	{0xA737,0x00},
	{0xA738,0x05},
	{0xA739,0x00},
	{0xA73A,0x0A},
	{0xA73B,0x00},
	{0xA73C,0x0A},
	{0xA73D,0x00},
	{0xA73E,0x0A},
	{0xA73F,0x00},
	{0xA740,0x0A},
	{0xA741,0x00},
	{0xA742,0x13},
	{0xA743,0x00},
	{0xA744,0x13},
	{0xA745,0x00},
	{0xA746,0x13},
	{0xA747,0x00},
	{0xA748,0x13},
	{0xA749,0x00},
	{0xA74A,0x26},
	{0xA74B,0x00},
	{0xA74C,0x26},
	{0xA74D,0x00},
	{0xA74E,0x26},
	{0xA74F,0x00},
	{0xA750,0x26},
	{0xA751,0x00},
	{0xA75A,0x02},
	{0xA75B,0x00},
	{0xA75C,0x02},
	{0xA75D,0x00},
	{0xA75E,0x02},
	{0xA75F,0x00},
	{0xA760,0x02},
	{0xA761,0x00},
	{0xA782,0x40},
	{0xA783,0x40},
	{0xA784,0x40},
	{0xA785,0x40},
	{0xA786,0x40},
	{0xA787,0x40},
	{0xA788,0x40},
	{0xA789,0x40},
	{0xA78A,0x03},
	{0xA78B,0x00},
	{0xA78C,0x03},
	{0xA78D,0x00},
	{0xA78E,0x03},
	{0xA78F,0x00},
	{0xA790,0x03},
	{0xA791,0x00},
	{0xA792,0x07},
	{0xA793,0x00},
	{0xA794,0x07},
	{0xA795,0x00},
	{0xA796,0x07},
	{0xA797,0x00},
	{0xA798,0x07},
	{0xA799,0x00},
	{0xA79A,0x0D},
	{0xA79B,0x00},
	{0xA79C,0x0D},
	{0xA79D,0x00},
	{0xA79E,0x0D},
	{0xA79F,0x00},
	{0xA7A0,0x0D},
	{0xA7A1,0x00},
	{0xA7A2,0x1A},
	{0xA7A3,0x00},
	{0xA7A4,0x1A},
	{0xA7A5,0x00},
	{0xA7A6,0x1A},
	{0xA7A7,0x00},
	{0xA7A8,0x1A},
	{0xA7A9,0x00},
	{0xA7B2,0x02},
	{0xA7B3,0x00},
	{0xA7B4,0x02},
	{0xA7B5,0x00},
	{0xA7B6,0x02},
	{0xA7B7,0x00},
	{0xA7B8,0x02},
	{0xA7B9,0x00},
	{0xA7E2,0x01},
	{0xA7E3,0x00},
	{0xA7E4,0x01},
	{0xA7E5,0x00},
	{0xA7E6,0x01},
	{0xA7E7,0x00},
	{0xA7E8,0x01},
	{0xA7E9,0x00},
	{0xA7EA,0x03},
	{0xA7EB,0x00},
	{0xA7EC,0x03},
	{0xA7ED,0x00},
	{0xA7EE,0x03},
	{0xA7EF,0x00},
	{0xA7F0,0x03},
	{0xA7F1,0x00},
	{0xA7F2,0x0B},
	{0xA7F3,0x00},
	{0xA7F4,0x0B},
	{0xA7F5,0x00},
	{0xA7F6,0x0B},
	{0xA7F7,0x00},
	{0xA7F8,0x0B},
	{0xA7F9,0x00},
	{0xA7FA,0x2D},
	{0xA7FB,0x00},
	{0xA7FC,0x2D},
	{0xA7FD,0x00},
	{0xA7FE,0x2D},
	{0xA7FF,0x00},
	{0xA800,0x2D},
	{0xA801,0x00},
	{0xA80A,0x0A},
	{0xA80B,0x00},
	{0xA80C,0x0A},
	{0xA80D,0x00},
	{0xA80E,0x0A},
	{0xA80F,0x00},
	{0xA810,0x0A},
	{0xA811,0x00},
	{0xA832,0x40},
	{0xA833,0x40},
	{0xA834,0x40},
	{0xA835,0x40},
	{0xA836,0x40},
	{0xA837,0x40},
	{0xA838,0x40},
	{0xA839,0x40},
	{0xA83A,0x05},
	{0xA83B,0x00},
	{0xA83C,0x05},
	{0xA83D,0x00},
	{0xA83E,0x05},
	{0xA83F,0x00},
	{0xA840,0x05},
	{0xA841,0x00},
	{0xA842,0x0A},
	{0xA843,0x00},
	{0xA844,0x0A},
	{0xA845,0x00},
	{0xA846,0x0A},
	{0xA847,0x00},
	{0xA848,0x0A},
	{0xA849,0x00},
	{0xA84A,0x13},
	{0xA84B,0x00},
	{0xA84C,0x13},
	{0xA84D,0x00},
	{0xA84E,0x13},
	{0xA84F,0x00},
	{0xA850,0x13},
	{0xA851,0x00},
	{0xA852,0x27},
	{0xA853,0x00},
	{0xA854,0x27},
	{0xA855,0x00},
	{0xA856,0x27},
	{0xA857,0x00},
	{0xA858,0x27},
	{0xA859,0x00},
	{0xA862,0x02},
	{0xA863,0x00},
	{0xA864,0x02},
	{0xA865,0x00},
	{0xA866,0x02},
	{0xA867,0x00},
	{0xA868,0x02},
	{0xA869,0x00},
	{0xA470,0xAF},
	{0xA471,0x9B},
	{0xA472,0x87},
	{0xA473,0x6E},
	{0xA474,0xAF},
	{0xA475,0x9B},
	{0xA476,0x87},
	{0xA477,0x6E},
	{0xA4B4,0x70},
	{0xA4B5,0x70},
	{0xA4B6,0x70},
	{0xA4B7,0x70},
	{0xA4BC,0x19},
	{0xA4BD,0x19},
	{0xA4BE,0x19},
	{0xA4BF,0x19},
	{0xA4C0,0x07},
	{0xA4C1,0x07},
	{0xA4C2,0x07},
	{0xA4C3,0x07},
	{0xA4C4,0x0B},
	{0xA4C5,0x0B},
	{0xA4C6,0x0B},
	{0xA4C7,0x0B},
	{0xA4C8,0x1C},
	{0xA4C9,0x1C},
	{0xA4CA,0x1C},
	{0xA4CB,0x1C},
	{0xB220,0x00},
	{0xB221,0x01},
	{0xB222,0x00},
	{0xB223,0x01},
	{0xB224,0x00},
	{0xB225,0x01},
	{0xB226,0x00},
	{0xB227,0x01},
	{0xB228,0x00},
	{0xB229,0x01},
	{0xB22A,0x00},
	{0xB22B,0x01},
	{0xB22C,0x00},
	{0xB22D,0x01},
	{0xB22E,0x00},
	{0xB22F,0x01},
	{0xB230,0x00},
	{0xB231,0x01},
	{0xB232,0x00},
	{0xB233,0x01},
	{0xB234,0x00},
	{0xB235,0x01},
	{0xB236,0x00},
	{0xB237,0x01},
	{0xB238,0x00},
	{0xB239,0x01},
	{0xB23A,0x00},
	{0xB23B,0x01},
	{0xB23C,0x00},
	{0xB23D,0x01},
	{0xB23E,0x00},
	{0xB23F,0x01},
	{0xB240,0x80},
	{0xB241,0x00},
	{0xB242,0x80},
	{0xB243,0x00},
	{0xB244,0x80},
	{0xB245,0x00},
	{0xB246,0x80},
	{0xB247,0x00},
	{0xB248,0x80},
	{0xB249,0x00},
	{0xB24A,0x80},
	{0xB24B,0x00},
	{0xB24C,0x80},
	{0xB24D,0x00},
	{0xB24E,0x80},
	{0xB24F,0x00},
	{0xB250,0x80},
	{0xB251,0x00},
	{0xB252,0x80},
	{0xB253,0x00},
	{0xB254,0x80},
	{0xB255,0x00},
	{0xB256,0x80},
	{0xB257,0x00},
	{0xB258,0x80},
	{0xB259,0x00},
	{0xB25A,0x80},
	{0xB25B,0x00},
	{0xB25C,0x80},
	{0xB25D,0x00},
	{0xB25E,0x80},
	{0xB25F,0x00},
	{0xB260,0x00},
	{0xB261,0x01},
	{0xB262,0x00},
	{0xB263,0x01},
	{0xB264,0x00},
	{0xB265,0x01},
	{0xB266,0x00},
	{0xB267,0x01},
	{0xB268,0x00},
	{0xB269,0x01},
	{0xB26A,0x00},
	{0xB26B,0x01},
	{0xB26C,0x00},
	{0xB26D,0x01},
	{0xB26E,0x00},
	{0xB26F,0x01},
	{0xB270,0x00},
	{0xB271,0x01},
	{0xB272,0x00},
	{0xB273,0x01},
	{0xB274,0x00},
	{0xB275,0x01},
	{0xB276,0x00},
	{0xB277,0x01},
	{0xB278,0x00},
	{0xB279,0x01},
	{0xB27A,0x00},
	{0xB27B,0x01},
	{0xB27C,0x00},
	{0xB27D,0x01},
	{0xB27E,0x00},
	{0xB27F,0x01},
	{0xB280,0x80},
	{0xB281,0x00},
	{0xB282,0x80},
	{0xB283,0x00},
	{0xB284,0x80},
	{0xB285,0x00},
	{0xB286,0x80},
	{0xB287,0x00},
	{0xB288,0x80},
	{0xB289,0x00},
	{0xB28A,0x80},
	{0xB28B,0x00},
	{0xB28C,0x80},
	{0xB28D,0x00},
	{0xB28E,0x80},
	{0xB28F,0x00},
	{0xB290,0x80},
	{0xB291,0x00},
	{0xB292,0x80},
	{0xB293,0x00},
	{0xB294,0x80},
	{0xB295,0x00},
	{0xB296,0x80},
	{0xB297,0x00},
	{0xB298,0x80},
	{0xB299,0x00},
	{0xB29A,0x80},
	{0xB29B,0x00},
	{0xB29C,0x80},
	{0xB29D,0x00},
	{0xB29E,0x80},
	{0xB29F,0x00},
	{0xB2A0,0x00},
	{0xB2A1,0x01},
	{0xB2A2,0x00},
	{0xB2A3,0x01},
	{0xB2A4,0x00},
	{0xB2A5,0x01},
	{0xB2A6,0x00},
	{0xB2A7,0x01},
	{0xB2A8,0x00},
	{0xB2A9,0x01},
	{0xB2AA,0x00},
	{0xB2AB,0x01},
	{0xB2AC,0x00},
	{0xB2AD,0x01},
	{0xB2AE,0x00},
	{0xB2AF,0x01},
	{0xB2B0,0x00},
	{0xB2B1,0x01},
	{0xB2B2,0x00},
	{0xB2B3,0x01},
	{0xB2B4,0x00},
	{0xB2B5,0x01},
	{0xB2B6,0x00},
	{0xB2B7,0x01},
	{0xB2B8,0x00},
	{0xB2B9,0x01},
	{0xB2BA,0x00},
	{0xB2BB,0x01},
	{0xB2BC,0x00},
	{0xB2BD,0x01},
	{0xB2BE,0x00},
	{0xB2BF,0x01},
	{0xB2C0,0x80},
	{0xB2C1,0x00},
	{0xB2C2,0x80},
	{0xB2C3,0x00},
	{0xB2C4,0x80},
	{0xB2C5,0x00},
	{0xB2C6,0x80},
	{0xB2C7,0x00},
	{0xB2C8,0x80},
	{0xB2C9,0x00},
	{0xB2CA,0x80},
	{0xB2CB,0x00},
	{0xB2CC,0x80},
	{0xB2CD,0x00},
	{0xB2CE,0x80},
	{0xB2CF,0x00},
	{0xB2D0,0x80},
	{0xB2D1,0x00},
	{0xB2D2,0x80},
	{0xB2D3,0x00},
	{0xB2D4,0x80},
	{0xB2D5,0x00},
	{0xB2D6,0x80},
	{0xB2D7,0x00},
	{0xB2D8,0x80},
	{0xB2D9,0x00},
	{0xB2DA,0x80},
	{0xB2DB,0x00},
	{0xB2DC,0x80},
	{0xB2DD,0x00},
	{0xB2DE,0x80},
	{0xB2DF,0x00},
	{0xB2E0,0x00},
	{0xB2E1,0x01},
	{0xB2E2,0x00},
	{0xB2E3,0x01},
	{0xB2E4,0x00},
	{0xB2E5,0x01},
	{0xB2E6,0x00},
	{0xB2E7,0x01},
	{0xB2E8,0x00},
	{0xB2E9,0x01},
	{0xB2EA,0x00},
	{0xB2EB,0x01},
	{0xB2EC,0x00},
	{0xB2ED,0x01},
	{0xB2EE,0x00},
	{0xB2EF,0x01},
	{0xB2F0,0x00},
	{0xB2F1,0x01},
	{0xB2F2,0x00},
	{0xB2F3,0x01},
	{0xB2F4,0x00},
	{0xB2F5,0x01},
	{0xB2F6,0x00},
	{0xB2F7,0x01},
	{0xB2F8,0x00},
	{0xB2F9,0x01},
	{0xB2FA,0x00},
	{0xB2FB,0x01},
	{0xB2FC,0x00},
	{0xB2FD,0x01},
	{0xB2FE,0x00},
	{0xB2FF,0x01},
	{0xB300,0x80},
	{0xB301,0x00},
	{0xB302,0x80},
	{0xB303,0x00},
	{0xB304,0x80},
	{0xB305,0x00},
	{0xB306,0x80},
	{0xB307,0x00},
	{0xB308,0x80},
	{0xB309,0x00},
	{0xB30A,0x80},
	{0xB30B,0x00},
	{0xB30C,0x80},
	{0xB30D,0x00},
	{0xB30E,0x80},
	{0xB30F,0x00},
	{0xB310,0x80},
	{0xB311,0x00},
	{0xB312,0x80},
	{0xB313,0x00},
	{0xB314,0x80},
	{0xB315,0x00},
	{0xB316,0x80},
	{0xB317,0x00},
	{0xB318,0x80},
	{0xB319,0x00},
	{0xB31A,0x80},
	{0xB31B,0x00},
	{0xB31C,0x80},
	{0xB31D,0x00},
	{0xB31E,0x80},
	{0xB31F,0x00},
	{0xB320,0x40},
	{0xB321,0x40},
	{0xB322,0x40},
	{0xB323,0x40},
	{0xB324,0x40},
	{0xB325,0x40},
	{0xB326,0x40},
	{0xB327,0x40},
	{0xB328,0x40},
	{0xB329,0x40},
	{0xB32A,0x40},
	{0xB32B,0x40},
	{0xB32C,0x40},
	{0xB32D,0x40},
	{0xB32E,0x40},
	{0xB32F,0x40},
	{0xB34C,0x40},
	{0xB34D,0x40},
	{0xB34E,0x40},
	{0xB34F,0x40},
	{0xB350,0x40},
	{0xB351,0x40},
	{0xB352,0x40},
	{0xB353,0x40},
	{0xB354,0x40},
	{0xB355,0x40},
	{0xB356,0x40},
	{0xB357,0x40},
	{0xB358,0x40},
	{0xB359,0x40},
	{0xB35A,0x40},
	{0xB35B,0x40},
	{0xB378,0x40},
	{0xB379,0x40},
	{0xB37A,0x40},
	{0xB37B,0x40},
	{0xB37C,0x40},
	{0xB37D,0x40},
	{0xB37E,0x40},
	{0xB37F,0x40},
	{0xB380,0x40},
	{0xB381,0x40},
	{0xB382,0x40},
	{0xB383,0x40},
	{0xB384,0x40},
	{0xB385,0x40},
	{0xB386,0x40},
	{0xB387,0x40},
	{0xB3A4,0x40},
	{0xB3A5,0x40},
	{0xB3A6,0x40},
	{0xB3A7,0x40},
	{0xB3A8,0x40},
	{0xB3A9,0x40},
	{0xB3AA,0x40},
	{0xB3AB,0x40},
	{0xB3AC,0x40},
	{0xB3AD,0x40},
	{0xB3AE,0x40},
	{0xB3AF,0x40},
	{0xB3B0,0x40},
	{0xB3B1,0x40},
	{0xB3B2,0x40},
	{0xB3B3,0x40},
	{0xB3D0,0x40},
	{0xB3D1,0x40},
	{0xB3D2,0x40},
	{0xB3D3,0x40},
	{0xB3D4,0x40},
	{0xB3D5,0x40},
	{0xB3D6,0x40},
	{0xB3D7,0x40},
	{0xB3D8,0x40},
	{0xB3D9,0x40},
	{0xB3DA,0x40},
	{0xB3DB,0x40},
	{0xB3DC,0x40},
	{0xB3DD,0x40},
	{0xB3DE,0x40},
	{0xB3DF,0x40},
	{0xA4DD,0x12},
	{0xA690,0x02},
	{0xA8C8,0x19},
	{0xA8C9,0x00},
	{0xA8CA,0x19},
	{0xA8CB,0x00},
	{0xA8CC,0x19},
	{0xA8CD,0x00},
	{0xA8CE,0x19},
	{0xA8CF,0x00},
	{0xA8D0,0x23},
	{0xA8D1,0x00},
	{0xA8D2,0x23},
	{0xA8D3,0x00},
	{0xA8D4,0x23},
	{0xA8D5,0x00},
	{0xA8D6,0x23},
	{0xA8D7,0x00},
	{0xA8D8,0x31},
	{0xA8D9,0x00},
	{0xA8DA,0x31},
	{0xA8DB,0x00},
	{0xA8DC,0x31},
	{0xA8DD,0x00},
	{0xA8DE,0x31},
	{0xA8DF,0x00},
	{0xA8E0,0x45},
	{0xA8E1,0x00},
	{0xA8E2,0x45},
	{0xA8E3,0x00},
	{0xA8E4,0x45},
	{0xA8E5,0x00},
	{0xA8E6,0x45},
	{0xA8E7,0x00},
	{0xA8E8,0x62},
	{0xA8E9,0x00},
	{0xA8EA,0x62},
	{0xA8EB,0x00},
	{0xA8EC,0x62},
	{0xA8ED,0x00},
	{0xA8EE,0x62},
	{0xA8EF,0x00},
	{0xA8F0,0x8B},
	{0xA8F1,0x00},
	{0xA8F2,0x8B},
	{0xA8F3,0x00},
	{0xA8F4,0x8B},
	{0xA8F5,0x00},
	{0xA8F6,0x8B},
	{0xA8F7,0x00},
	{0xA8F8,0xC4},
	{0xA8F9,0x00},
	{0xA8FA,0xC4},
	{0xA8FB,0x00},
	{0xA8FC,0xC4},
	{0xA8FD,0x00},
	{0xA8FE,0xC4},
	{0xA8FF,0x00},
	{0xA900,0x16},
	{0xA901,0x01},
	{0xA902,0x16},
	{0xA903,0x01},
	{0xA904,0x16},
	{0xA905,0x01},
	{0xA906,0x16},
	{0xA907,0x01},
	{0xA928,0x02},
	{0xA929,0x00},
	{0xA92A,0x02},
	{0xA92B,0x00},
	{0xA92C,0x02},
	{0xA92D,0x00},
	{0xA92E,0x02},
	{0xA92F,0x00},
	{0xA930,0x02},
	{0xA931,0x00},
	{0xA932,0x02},
	{0xA933,0x00},
	{0xA934,0x02},
	{0xA935,0x00},
	{0xA936,0x02},
	{0xA937,0x00},
	{0xA938,0x02},
	{0xA939,0x00},
	{0xA93A,0x02},
	{0xA93B,0x00},
	{0xA93C,0x02},
	{0xA93D,0x00},
	{0xA93E,0x02},
	{0xA93F,0x00},
	{0xA940,0x02},
	{0xA941,0x00},
	{0xA942,0x02},
	{0xA943,0x00},
	{0xA944,0x02},
	{0xA945,0x00},
	{0xA946,0x02},
	{0xA947,0x00},
	{0xA948,0x40},
	{0xA949,0x40},
	{0xA94A,0x40},
	{0xA94B,0x40},
	{0xA94C,0x40},
	{0xA94D,0x40},
	{0xA94E,0x40},
	{0xA94F,0x40},
	{0xA950,0x40},
	{0xA951,0x40},
	{0xA952,0x40},
	{0xA953,0x40},
	{0xA954,0x40},
	{0xA955,0x40},
	{0xA956,0x40},
	{0xA957,0x40},
	{0xA960,0x03},
	{0xA961,0x00},
	{0xA962,0x03},
	{0xA963,0x00},
	{0xA964,0x03},
	{0xA965,0x00},
	{0xA966,0x03},
	{0xA967,0x00},
	{0xA968,0x05},
	{0xA969,0x00},
	{0xA96A,0x05},
	{0xA96B,0x00},
	{0xA96C,0x05},
	{0xA96D,0x00},
	{0xA96E,0x05},
	{0xA96F,0x00},
	{0xA970,0x07},
	{0xA971,0x00},
	{0xA972,0x07},
	{0xA973,0x00},
	{0xA974,0x07},
	{0xA975,0x00},
	{0xA976,0x07},
	{0xA977,0x00},
	{0xA978,0x0A},
	{0xA979,0x00},
	{0xA97A,0x0A},
	{0xA97B,0x00},
	{0xA97C,0x0A},
	{0xA97D,0x00},
	{0xA97E,0x0A},
	{0xA97F,0x00},
	{0xA980,0x0E},
	{0xA981,0x00},
	{0xA982,0x0E},
	{0xA983,0x00},
	{0xA984,0x0E},
	{0xA985,0x00},
	{0xA986,0x0E},
	{0xA987,0x00},
	{0xA988,0x13},
	{0xA989,0x00},
	{0xA98A,0x13},
	{0xA98B,0x00},
	{0xA98C,0x13},
	{0xA98D,0x00},
	{0xA98E,0x13},
	{0xA98F,0x00},
	{0xA990,0x1B},
	{0xA991,0x00},
	{0xA992,0x1B},
	{0xA993,0x00},
	{0xA994,0x1B},
	{0xA995,0x00},
	{0xA996,0x1B},
	{0xA997,0x00},
	{0xA998,0x26},
	{0xA999,0x00},
	{0xA99A,0x26},
	{0xA99B,0x00},
	{0xA99C,0x26},
	{0xA99D,0x00},
	{0xA99E,0x26},
	{0xA99F,0x00},
	{0xA9C0,0x02},
	{0xA9C1,0x00},
	{0xA9C2,0x02},
	{0xA9C3,0x00},
	{0xA9C4,0x02},
	{0xA9C5,0x00},
	{0xA9C6,0x02},
	{0xA9C7,0x00},
	{0xA9C8,0x02},
	{0xA9C9,0x00},
	{0xA9CA,0x02},
	{0xA9CB,0x00},
	{0xA9CC,0x02},
	{0xA9CD,0x00},
	{0xA9CE,0x02},
	{0xA9CF,0x00},
	{0xA9D0,0x02},
	{0xA9D1,0x00},
	{0xA9D2,0x02},
	{0xA9D3,0x00},
	{0xA9D4,0x02},
	{0xA9D5,0x00},
	{0xA9D6,0x02},
	{0xA9D7,0x00},
	{0xA9D8,0x02},
	{0xA9D9,0x00},
	{0xA9DA,0x02},
	{0xA9DB,0x00},
	{0xA9DC,0x02},
	{0xA9DD,0x00},
	{0xA9DE,0x02},
	{0xA9DF,0x00},
	{0xA9E0,0x40},
	{0xA9E1,0x40},
	{0xA9E2,0x40},
	{0xA9E3,0x40},
	{0xA9E4,0x40},
	{0xA9E5,0x40},
	{0xA9E6,0x40},
	{0xA9E7,0x40},
	{0xA9E8,0x40},
	{0xA9E9,0x40},
	{0xA9EA,0x40},
	{0xA9EB,0x40},
	{0xA9EC,0x40},
	{0xA9ED,0x40},
	{0xA9EE,0x40},
	{0xA9EF,0x40},
	{0xA9F8,0x02},
	{0xA9F9,0x00},
	{0xA9FA,0x02},
	{0xA9FB,0x00},
	{0xA9FC,0x02},
	{0xA9FD,0x00},
	{0xA9FE,0x02},
	{0xA9FF,0x00},
	{0xAA00,0x03},
	{0xAA01,0x00},
	{0xAA02,0x03},
	{0xAA03,0x00},
	{0xAA04,0x03},
	{0xAA05,0x00},
	{0xAA06,0x03},
	{0xAA07,0x00},
	{0xAA08,0x05},
	{0xAA09,0x00},
	{0xAA0A,0x05},
	{0xAA0B,0x00},
	{0xAA0C,0x05},
	{0xAA0D,0x00},
	{0xAA0E,0x05},
	{0xAA0F,0x00},
	{0xAA10,0x07},
	{0xAA11,0x00},
	{0xAA12,0x07},
	{0xAA13,0x00},
	{0xAA14,0x07},
	{0xAA15,0x00},
	{0xAA16,0x07},
	{0xAA17,0x00},
	{0xAA18,0x09},
	{0xAA19,0x00},
	{0xAA1A,0x09},
	{0xAA1B,0x00},
	{0xAA1C,0x09},
	{0xAA1D,0x00},
	{0xAA1E,0x09},
	{0xAA1F,0x00},
	{0xAA20,0x0D},
	{0xAA21,0x00},
	{0xAA22,0x0D},
	{0xAA23,0x00},
	{0xAA24,0x0D},
	{0xAA25,0x00},
	{0xAA26,0x0D},
	{0xAA27,0x00},
	{0xAA28,0x13},
	{0xAA29,0x00},
	{0xAA2A,0x13},
	{0xAA2B,0x00},
	{0xAA2C,0x13},
	{0xAA2D,0x00},
	{0xAA2E,0x13},
	{0xAA2F,0x00},
	{0xAA30,0x1A},
	{0xAA31,0x00},
	{0xAA32,0x1A},
	{0xAA33,0x00},
	{0xAA34,0x1A},
	{0xAA35,0x00},
	{0xAA36,0x1A},
	{0xAA37,0x00},
	{0xAA58,0x02},
	{0xAA59,0x00},
	{0xAA5A,0x02},
	{0xAA5B,0x00},
	{0xAA5C,0x02},
	{0xAA5D,0x00},
	{0xAA5E,0x02},
	{0xAA5F,0x00},
	{0xAA60,0x02},
	{0xAA61,0x00},
	{0xAA62,0x02},
	{0xAA63,0x00},
	{0xAA64,0x02},
	{0xAA65,0x00},
	{0xAA66,0x02},
	{0xAA67,0x00},
	{0xAA68,0x02},
	{0xAA69,0x00},
	{0xAA6A,0x02},
	{0xAA6B,0x00},
	{0xAA6C,0x02},
	{0xAA6D,0x00},
	{0xAA6E,0x02},
	{0xAA6F,0x00},
	{0xAA70,0x02},
	{0xAA71,0x00},
	{0xAA72,0x02},
	{0xAA73,0x00},
	{0xAA74,0x02},
	{0xAA75,0x00},
	{0xAA76,0x02},
	{0xAA77,0x00},
	{0xAA78,0x40},
	{0xAA79,0x40},
	{0xAA7A,0x40},
	{0xAA7B,0x40},
	{0xAA7C,0x40},
	{0xAA7D,0x40},
	{0xAA7E,0x40},
	{0xAA7F,0x40},
	{0xAA80,0x40},
	{0xAA81,0x40},
	{0xAA82,0x40},
	{0xAA83,0x40},
	{0xAA84,0x40},
	{0xAA85,0x40},
	{0xAA86,0x40},
	{0xAA87,0x40},
	{0xAA90,0x00},
	{0xAA91,0x00},
	{0xAA92,0x00},
	{0xAA93,0x00},
	{0xAA94,0x00},
	{0xAA95,0x00},
	{0xAA96,0x00},
	{0xAA97,0x00},
	{0xAA98,0x01},
	{0xAA99,0x00},
	{0xAA9A,0x01},
	{0xAA9B,0x00},
	{0xAA9C,0x01},
	{0xAA9D,0x00},
	{0xAA9E,0x01},
	{0xAA9F,0x00},
	{0xAAA0,0x01},
	{0xAAA1,0x00},
	{0xAAA2,0x01},
	{0xAAA3,0x00},
	{0xAAA4,0x01},
	{0xAAA5,0x00},
	{0xAAA6,0x01},
	{0xAAA7,0x00},
	{0xAAA8,0x03},
	{0xAAA9,0x00},
	{0xAAAA,0x03},
	{0xAAAB,0x00},
	{0xAAAC,0x03},
	{0xAAAD,0x00},
	{0xAAAE,0x03},
	{0xAAAF,0x00},
	{0xAAB0,0x06},
	{0xAAB1,0x00},
	{0xAAB2,0x06},
	{0xAAB3,0x00},
	{0xAAB4,0x06},
	{0xAAB5,0x00},
	{0xAAB6,0x06},
	{0xAAB7,0x00},
	{0xAAB8,0x0B},
	{0xAAB9,0x00},
	{0xAABA,0x0B},
	{0xAABB,0x00},
	{0xAABC,0x0B},
	{0xAABD,0x00},
	{0xAABE,0x0B},
	{0xAABF,0x00},
	{0xAAC0,0x16},
	{0xAAC1,0x00},
	{0xAAC2,0x16},
	{0xAAC3,0x00},
	{0xAAC4,0x16},
	{0xAAC5,0x00},
	{0xAAC6,0x16},
	{0xAAC7,0x00},
	{0xAAC8,0x2D},
	{0xAAC9,0x00},
	{0xAACA,0x2D},
	{0xAACB,0x00},
	{0xAACC,0x2D},
	{0xAACD,0x00},
	{0xAACE,0x2D},
	{0xAACF,0x00},
	{0xAAF0,0x0A},
	{0xAAF1,0x00},
	{0xAAF2,0x0A},
	{0xAAF3,0x00},
	{0xAAF4,0x0A},
	{0xAAF5,0x00},
	{0xAAF6,0x0A},
	{0xAAF7,0x00},
	{0xAAF8,0x0A},
	{0xAAF9,0x00},
	{0xAAFA,0x0A},
	{0xAAFB,0x00},
	{0xAAFC,0x0A},
	{0xAAFD,0x00},
	{0xAAFE,0x0A},
	{0xAAFF,0x00},
	{0xAB00,0x0A},
	{0xAB01,0x00},
	{0xAB02,0x0A},
	{0xAB03,0x00},
	{0xAB04,0x0A},
	{0xAB05,0x00},
	{0xAB06,0x0A},
	{0xAB07,0x00},
	{0xAB08,0x0A},
	{0xAB09,0x00},
	{0xAB0A,0x0A},
	{0xAB0B,0x00},
	{0xAB0C,0x0A},
	{0xAB0D,0x00},
	{0xAB0E,0x0A},
	{0xAB0F,0x00},
	{0xAB10,0x40},
	{0xAB11,0x40},
	{0xAB12,0x40},
	{0xAB13,0x40},
	{0xAB14,0x40},
	{0xAB15,0x40},
	{0xAB16,0x40},
	{0xAB17,0x40},
	{0xAB18,0x40},
	{0xAB19,0x40},
	{0xAB1A,0x40},
	{0xAB1B,0x40},
	{0xAB1C,0x40},
	{0xAB1D,0x40},
	{0xAB1E,0x40},
	{0xAB1F,0x40},
	{0xAB28,0x03},
	{0xAB29,0x00},
	{0xAB2A,0x03},
	{0xAB2B,0x00},
	{0xAB2C,0x03},
	{0xAB2D,0x00},
	{0xAB2E,0x03},
	{0xAB2F,0x00},
	{0xAB30,0x05},
	{0xAB31,0x00},
	{0xAB32,0x05},
	{0xAB33,0x00},
	{0xAB34,0x05},
	{0xAB35,0x00},
	{0xAB36,0x05},
	{0xAB37,0x00},
	{0xAB38,0x07},
	{0xAB39,0x00},
	{0xAB3A,0x07},
	{0xAB3B,0x00},
	{0xAB3C,0x07},
	{0xAB3D,0x00},
	{0xAB3E,0x07},
	{0xAB3F,0x00},
	{0xAB40,0x0A},
	{0xAB41,0x00},
	{0xAB42,0x0A},
	{0xAB43,0x00},
	{0xAB44,0x0A},
	{0xAB45,0x00},
	{0xAB46,0x0A},
	{0xAB47,0x00},
	{0xAB48,0x0E},
	{0xAB49,0x00},
	{0xAB4A,0x0E},
	{0xAB4B,0x00},
	{0xAB4C,0x0E},
	{0xAB4D,0x00},
	{0xAB4E,0x0E},
	{0xAB4F,0x00},
	{0xAB50,0x13},
	{0xAB51,0x00},
	{0xAB52,0x13},
	{0xAB53,0x00},
	{0xAB54,0x13},
	{0xAB55,0x00},
	{0xAB56,0x13},
	{0xAB57,0x00},
	{0xAB58,0x1B},
	{0xAB59,0x00},
	{0xAB5A,0x1B},
	{0xAB5B,0x00},
	{0xAB5C,0x1B},
	{0xAB5D,0x00},
	{0xAB5E,0x1B},
	{0xAB5F,0x00},
	{0xAB60,0x27},
	{0xAB61,0x00},
	{0xAB62,0x27},
	{0xAB63,0x00},
	{0xAB64,0x27},
	{0xAB65,0x00},
	{0xAB66,0x27},
	{0xAB67,0x00},
	{0xAB88,0x02},
	{0xAB89,0x00},
	{0xAB8A,0x02},
	{0xAB8B,0x00},
	{0xAB8C,0x02},
	{0xAB8D,0x00},
	{0xAB8E,0x02},
	{0xAB8F,0x00},
	{0xAB90,0x02},
	{0xAB91,0x00},
	{0xAB92,0x02},
	{0xAB93,0x00},
	{0xAB94,0x02},
	{0xAB95,0x00},
	{0xAB96,0x02},
	{0xAB97,0x00},
	{0xAB98,0x02},
	{0xAB99,0x00},
	{0xAB9A,0x02},
	{0xAB9B,0x00},
	{0xAB9C,0x02},
	{0xAB9D,0x00},
	{0xAB9E,0x02},
	{0xAB9F,0x00},
	{0xABA0,0x02},
	{0xABA1,0x00},
	{0xABA2,0x02},
	{0xABA3,0x00},
	{0xABA4,0x02},
	{0xABA5,0x00},
	{0xABA6,0x02},
	{0xABA7,0x00},
	{0xABA8,0x40},
	{0xABA9,0x40},
	{0xABAA,0x40},
	{0xABAB,0x40},
	{0xABAC,0x40},
	{0xABAD,0x40},
	{0xABAE,0x40},
	{0xABAF,0x40},
	{0xABB0,0x40},
	{0xABB1,0x40},
	{0xABB2,0x40},
	{0xABB3,0x40},
	{0xABB4,0x40},
	{0xABB5,0x40},
	{0xABB6,0x40},
	{0xABB7,0x40},
	{0xA69C,0x01},
	{0xD375,0x01},
	{0xD37F,0x01},
	{0xD389,0x01},
	{0xD393,0x01},
	{0xA69D,0x01},
	{0xA69E,0x01},
	{0xA69F,0x01},
	{0xA6A0,0x01},
	{0xA6A1,0x01},
	{0xA6A3,0x01},
	{0xB1B0,0x00},
	{0xB1B1,0xF0},
	{0x179D,0x03},
	{0x179E,0x01},
	{0x179F,0x03},
	{0x17A0,0x03},
	{0x17A1,0x01},
	{0x17A2,0x03},
	{0x17A3,0x03},
	{0x17A4,0x01},
	{0x17A5,0x03},
	{0x17A6,0x03},
	{0x17A7,0x01},
	{0x17A8,0x03},
	{0x17A9,0x03},
	{0x17AA,0x01},
	{0x17AB,0x03},
	{0x17F2,0x01},
	{0x17F4,0x01},
	{0x17F6,0xFF},
	{0x17F7,0x0F},
	{0x1792,0x01},
	{0x1794,0x01},
	{0x1796,0x01},
	{0x1798,0x01},
	{0x179A,0x01},
	{0x16DD,0x01},
	{0xA198,0x00},
	{0xA199,0x02},
	{0xA19A,0x00},
	{0xC829,0x00},
	{0xC82A,0x02},
	{0xC82B,0x00},
	{0xC95F,0x00},
	{0xC960,0x02},
	{0xC961,0x00},
	{0xCA95,0x00},
	{0xCA96,0x02},
	{0xCA97,0x00},
	{0xCBCB,0x00},
	{0xCBCC,0x02},
	{0xCBCD,0x00},
	{0xA1A0,0x56},
	{0xA1A1,0x07},
	{0xA1A2,0x00},
	{0xC831,0x56},
	{0xC832,0x07},
	{0xC833,0x00},
	{0xC967,0x56},
	{0xC968,0x07},
	{0xC969,0x00},
	{0xCA9D,0x56},
	{0xCA9E,0x07},
	{0xCA9F,0x00},
	{0xCBD3,0x56},
	{0xCBD4,0x07},
	{0xCBD5,0x00},
	{0xA1A8,0xE8},
	{0xA1A9,0x1A},
	{0xA1AA,0x00},
	{0xC839,0xE8},
	{0xC83A,0x1A},
	{0xC83B,0x00},
	{0xC96F,0xE8},
	{0xC970,0x1A},
	{0xC971,0x00},
	{0xCAA5,0xE8},
	{0xCAA6,0x1A},
	{0xCAA7,0x00},
	{0xCBDB,0xE8},
	{0xCBDC,0x1A},
	{0xCBDD,0x00},
	{0xA1B0,0xB4},
	{0xA1B1,0x62},
	{0xA1B2,0x00},
	{0xC841,0xB4},
	{0xC842,0x62},
	{0xC843,0x00},
	{0xC977,0xB4},
	{0xC978,0x62},
	{0xC979,0x00},
	{0xCAAD,0xB4},
	{0xCAAE,0x62},
	{0xCAAF,0x00},
	{0xCBE3,0xB4},
	{0xCBE4,0x62},
	{0xCBE5,0x00},
	{0xA1B8,0x0B},
	{0xA1B9,0x6A},
	{0xA1BA,0x01},
	{0xC849,0x0B},
	{0xC84A,0x6A},
	{0xC84B,0x01},
	{0xC97F,0x0B},
	{0xC980,0x6A},
	{0xC981,0x01},
	{0xCAB5,0x0B},
	{0xCAB6,0x6A},
	{0xCAB7,0x01},
	{0xCBEB,0x0B},
	{0xCBEC,0x6A},
	{0xCBED,0x01},
	{0xA1C0,0xFB},
	{0xA1C1,0x2F},
	{0xA1C2,0x05},
	{0xC851,0xFB},
	{0xC852,0x2F},
	{0xC853,0x05},
	{0xC987,0xFB},
	{0xC988,0x2F},
	{0xC989,0x05},
	{0xCABD,0xFB},
	{0xCABE,0x2F},
	{0xCABF,0x05},
	{0xCBF3,0xFB},
	{0xCBF4,0x2F},
	{0xCBF5,0x05},
	{0xA1C8,0x08},
	{0xA1C9,0x07},
	{0xA1CA,0x13},
	{0xC859,0x08},
	{0xC85A,0x07},
	{0xC85B,0x13},
	{0xC98F,0x08},
	{0xC990,0x07},
	{0xC991,0x13},
	{0xCAC5,0x08},
	{0xCAC6,0x07},
	{0xCAC7,0x13},
	{0xCBFB,0x08},
	{0xCBFC,0x07},
	{0xCBFD,0x13},
	{0xA1D0,0xF4},
	{0xA1D1,0xCA},
	{0xA1D2,0x45},
	{0xC861,0xF4},
	{0xC862,0xCA},
	{0xC863,0x45},
	{0xC997,0xF4},
	{0xC998,0xCA},
	{0xC999,0x45},
	{0xCACD,0xF4},
	{0xCACE,0xCA},
	{0xCACF,0x45},
	{0xCC03,0xF4},
	{0xCC04,0xCA},
	{0xCC05,0x45},
	{0xA19C,0x00},
	{0xA19D,0x02},
	{0xA19E,0x00},
	{0xC82D,0x00},
	{0xC82E,0x02},
	{0xC82F,0x00},
	{0xC963,0x00},
	{0xC964,0x02},
	{0xC965,0x00},
	{0xCA99,0x00},
	{0xCA9A,0x02},
	{0xCA9B,0x00},
	{0xCBCF,0x00},
	{0xCBD0,0x02},
	{0xCBD1,0x00},
	{0xA1A4,0x7D},
	{0xA1A5,0x03},
	{0xA1A6,0x00},
	{0xC835,0x7D},
	{0xC836,0x03},
	{0xC837,0x00},
	{0xC96B,0x7D},
	{0xC96C,0x03},
	{0xC96D,0x00},
	{0xCAA1,0x7D},
	{0xCAA2,0x03},
	{0xCAA3,0x00},
	{0xCBD7,0x7D},
	{0xCBD8,0x03},
	{0xCBD9,0x00},
	{0xA1AC,0x05},
	{0xA1AD,0x05},
	{0xA1AE,0x00},
	{0xC83D,0x05},
	{0xC83E,0x05},
	{0xC83F,0x00},
	{0xC973,0x05},
	{0xC974,0x05},
	{0xC975,0x00},
	{0xCAA9,0x05},
	{0xCAAA,0x05},
	{0xCAAB,0x00},
	{0xCBDF,0x05},
	{0xCBE0,0x05},
	{0xCBE1,0x00},
	{0xA1B4,0x97},
	{0xA1B5,0x06},
	{0xA1B6,0x00},
	{0xC845,0x97},
	{0xC846,0x06},
	{0xC847,0x00},
	{0xC97B,0x97},
	{0xC97C,0x06},
	{0xC97D,0x00},
	{0xCAB1,0x97},
	{0xCAB2,0x06},
	{0xCAB3,0x00},
	{0xCBE7,0x97},
	{0xCBE8,0x06},
	{0xCBE9,0x00},
	{0xA1BC,0x33},
	{0xA1BD,0x08},
	{0xA1BE,0x00},
	{0xC84D,0x33},
	{0xC84E,0x08},
	{0xC84F,0x00},
	{0xC983,0x33},
	{0xC984,0x08},
	{0xC985,0x00},
	{0xCAB9,0x33},
	{0xCABA,0x08},
	{0xCABB,0x00},
	{0xCBEF,0x33},
	{0xCBF0,0x08},
	{0xCBF1,0x00},
	{0xA1C4,0xD9},
	{0xA1C5,0x09},
	{0xA1C6,0x00},
	{0xC855,0xD9},
	{0xC856,0x09},
	{0xC857,0x00},
	{0xC98B,0xD9},
	{0xC98C,0x09},
	{0xC98D,0x00},
	{0xCAC1,0xD9},
	{0xCAC2,0x09},
	{0xCAC3,0x00},
	{0xCBF7,0xD9},
	{0xCBF8,0x09},
	{0xCBF9,0x00},
	{0xA1CC,0x8B},
	{0xA1CD,0x0B},
	{0xA1CE,0x00},
	{0xC85D,0x8B},
	{0xC85E,0x0B},
	{0xC85F,0x00},
	{0xC993,0x8B},
	{0xC994,0x0B},
	{0xC995,0x00},
	{0xCAC9,0x8B},
	{0xCACA,0x0B},
	{0xCACB,0x00},
	{0xCBFF,0x8B},
	{0xCC00,0x0B},
	{0xCC01,0x00},
	{0xA1D4,0x47},
	{0xA1D5,0x0D},
	{0xA1D6,0x00},
	{0xC865,0x47},
	{0xC866,0x0D},
	{0xC867,0x00},
	{0xC99B,0x47},
	{0xC99C,0x0D},
	{0xC99D,0x00},
	{0xCAD1,0x47},
	{0xCAD2,0x0D},
	{0xCAD3,0x00},
	{0xCC07,0x47},
	{0xCC08,0x0D},
	{0xCC09,0x00},
	{0xA1DC,0x0F},
	{0xA1DD,0x0F},
	{0xA1DE,0x00},
	{0xC86D,0x0F},
	{0xC86E,0x0F},
	{0xC86F,0x00},
	{0xC9A3,0x0F},
	{0xC9A4,0x0F},
	{0xC9A5,0x00},
	{0xCAD9,0x0F},
	{0xCADA,0x0F},
	{0xCADB,0x00},
	{0xCC0F,0x0F},
	{0xCC10,0x0F},
	{0xCC11,0x00},
	{0xA1E4,0x0F},
	{0xA1E5,0x0F},
	{0xA1E6,0x00},
	{0xC875,0x0F},
	{0xC876,0x0F},
	{0xC877,0x00},
	{0xC9AB,0x0F},
	{0xC9AC,0x0F},
	{0xC9AD,0x00},
	{0xCAE1,0x0F},
	{0xCAE2,0x0F},
	{0xCAE3,0x00},
	{0xCC17,0x0F},
	{0xCC18,0x0F},
	{0xCC19,0x00},
	{0xA1EC,0x0F},
	{0xA1ED,0x0F},
	{0xA1EE,0x00},
	{0xC87D,0x0F},
	{0xC87E,0x0F},
	{0xC87F,0x00},
	{0xC9B3,0x0F},
	{0xC9B4,0x0F},
	{0xC9B5,0x00},
	{0xCAE9,0x0F},
	{0xCAEA,0x0F},
	{0xCAEB,0x00},
	{0xCC1F,0x0F},
	{0xCC20,0x0F},
	{0xCC21,0x00},
	{0xA1F4,0x0F},
	{0xA1F5,0x0F},
	{0xA1F6,0x00},
	{0xC885,0x0F},
	{0xC886,0x0F},
	{0xC887,0x00},
	{0xC9BB,0x0F},
	{0xC9BC,0x0F},
	{0xC9BD,0x00},
	{0xCAF1,0x0F},
	{0xCAF2,0x0F},
	{0xCAF3,0x00},
	{0xCC27,0x0F},
	{0xCC28,0x0F},
	{0xCC29,0x00},
	{0xA1FC,0x0F},
	{0xA1FD,0x0F},
	{0xA1FE,0x00},
	{0xC88D,0x0F},
	{0xC88E,0x0F},
	{0xC88F,0x00},
	{0xC9C3,0x0F},
	{0xC9C4,0x0F},
	{0xC9C5,0x00},
	{0xCAF9,0x0F},
	{0xCAFA,0x0F},
	{0xCAFB,0x00},
	{0xCC2F,0x0F},
	{0xCC30,0x0F},
	{0xCC31,0x00},
	{0xA204,0x0F},
	{0xA205,0x0F},
	{0xA206,0x00},
	{0xC895,0x0F},
	{0xC896,0x0F},
	{0xC897,0x00},
	{0xC9CB,0x0F},
	{0xC9CC,0x0F},
	{0xC9CD,0x00},
	{0xCB01,0x0F},
	{0xCB02,0x0F},
	{0xCB03,0x00},
	{0xCC37,0x0F},
	{0xCC38,0x0F},
	{0xCC39,0x00},
	{0xA20C,0x0F},
	{0xA20D,0x0F},
	{0xA20E,0x00},
	{0xC89D,0x0F},
	{0xC89E,0x0F},
	{0xC89F,0x00},
	{0xC9D3,0x0F},
	{0xC9D4,0x0F},
	{0xC9D5,0x00},
	{0xCB09,0x0F},
	{0xCB0A,0x0F},
	{0xCB0B,0x00},
	{0xCC3F,0x0F},
	{0xCC40,0x0F},
	{0xCC41,0x00},
	{0xA214,0x0F},
	{0xA215,0x0F},
	{0xA216,0x00},
	{0xC8A5,0x0F},
	{0xC8A6,0x0F},
	{0xC8A7,0x00},
	{0xC9DB,0x0F},
	{0xC9DC,0x0F},
	{0xC9DD,0x00},
	{0xCB11,0x0F},
	{0xCB12,0x0F},
	{0xCB13,0x00},
	{0xCC47,0x0F},
	{0xCC48,0x0F},
	{0xCC49,0x00},
	{0xA21C,0x0F},
	{0xA21D,0x0F},
	{0xA21E,0x00},
	{0xC8AD,0x0F},
	{0xC8AE,0x0F},
	{0xC8AF,0x00},
	{0xC9E3,0x0F},
	{0xC9E4,0x0F},
	{0xC9E5,0x00},
	{0xCB19,0x0F},
	{0xCB1A,0x0F},
	{0xCB1B,0x00},
	{0xCC4F,0x0F},
	{0xCC50,0x0F},
	{0xCC51,0x00},
	{0x197E,0xF0},
	{0x197F,0x00},
	{0x1980,0x01},
	{0x9C76,0x00},
	{0x9C77,0x00},
	{0xC1E8,0x00},
	{0xC1E9,0x00},
	{0xC2FC,0x00},
	{0xC2FD,0x00},
	{0xC410,0x00},
	{0xC411,0x00},
	{0xC524,0x00},
	{0xC525,0x00},
	{0x9BFA,0x01},
	{0xA248,0x03},
	{0xC814,0x03},
	{0xC94A,0x03},
	{0xCA80,0x03},
	{0xCBB6,0x03},
	{0x17F8,0x00},
	{0xC8DE,0x00},
	{0xCA14,0x00},
	{0xCB4A,0x00},
	{0xCC80,0x00},
	{0x1790,0x00},
	{0xC8DD,0x00},
	{0xCA13,0x00},
	{0xCB49,0x00},
	{0xCC7F,0x00},
	{0xA8B6,0x00},
	{0xC8D9,0x00},
	{0xCA0F,0x00},
	{0xCB45,0x00},
	{0xCC7B,0x00},
	{0x1804,0x00},
	{0xC8DC,0x00},
	{0xCA12,0x00},
	{0xCB48,0x00},
	{0xCC7E,0x00},
	{0xA17A,0x01},
	{0xA184,0xDB},
	{0xA185,0x00},
	{0xA186,0xDB},
	{0xA187,0x00},
	{0xA172,0x33},
	{0xA173,0x00},
	{0xA174,0x33},
	{0xA175,0x00},
	{0xA176,0x33},
	{0xA177,0x00},
	{0xA178,0x33},
	{0xA179,0x00},
	{0x179C,0x02},
	{0x2E94,0x00},
	{0x2E95,0x01},
	{0x2EFA,0x00},
	{0x2EFB,0x00},
	{0x2EFC,0x00},
	{0x2EFD,0x00},
	{0x2EFE,0x00},
	{0x2EFF,0x00},
	{0x2F02,0x00},
	{0x2F03,0x00},
	{0x2F00,0x00},
	{0x2F01,0x00},
	{0xA699,0x00},
};/* init_iqparam_set_regs */

static const struct imx728_reg init_powersaving_set_regs[] = {
	{0xFFFF,0x00},
	{0x1981,0x01},
	{0x1982,0x01},
	{0x1983,0x01},
	{0x1984,0x01},
	{0x1985,0x01},
	{0x56A5,0x01},
	{0x571C,0x01},
	{0x571D,0x00},
	{0x9782,0x98},
	{0xB708,0x98},
	{0x9783,0x09},
};/* init_powersaving_set_regs */

static const struct imx728_reg init_dn_set_regs[] = {
	{0x986D,0x33},
	{0x0048,0x01},
	{0x0040,0x00},
	{0x0041,0x01},
	{0x0050,0x08},
	{0x0051,0x00},
	{0x0052,0x08},
	{0x0053,0x00},
	{0x0054,0x0A},
	{0x9651,0x03},
	{0xB67C,0x01},
	{0xB67D,0x01},
	{0x1808,0x01},
	{0x16FD,0x01},
	{0x9BFA,0x00},
	{0x970E,0x02},
	{0xB682,0x02},
	{0xB59E,0x12},
	{0xB59F,0x12},
	{0xB5A1,0x12},
	{0xB69F,0x12},
	{0xB6A0,0x12},
	{0xB6A2,0x12},
	{0x98E0,0x01},
	{0x98E8,0x01},
	{0x98F0,0x01},
	{0x98DC,0x04},
	{0x98DD,0x08},
	{0x98DE,0x00},
	{0x98E4,0x04},
	{0x98E5,0x08},
	{0x98E6,0x00},
	{0x98EC,0x06},
	{0x98ED,0x00},
	{0x98EE,0x00},
	{0x98F8,0xD0},
	{0x98F9,0x00},
	{0x98FA,0x00},
	{0xA198,0x00},
	{0xA199,0x10},
	{0xA19A,0x00},
	{0xA19C,0x00},
	{0xA19D,0x04},
	{0xA19E,0x00},
	{0xA1A0,0x39},
	{0xA1A1,0x0E},
	{0xA1A2,0x02},
	{0xA1A4,0x00},
	{0xA1A5,0x08},
	{0xA1A6,0x00},
	{0xA1A8,0x47},
	{0xA1A9,0x0D},
	{0xA1AA,0x56},
	{0xA1AC,0x00},
	{0xA1AD,0x0C},
	{0xA1AE,0x00},
	{0xA1B0,0xFF},
	{0xA1B1,0xFF},
	{0xA1B2,0xFF},
	{0xA1B4,0x00},
	{0xA1B5,0x0F},
	{0xA1B6,0x00},
	{0xA1B8,0xFF},
	{0xA1B9,0xFF},
	{0xA1BA,0xFF},
	{0xA1BC,0x00},
	{0xA1BD,0x0F},
	{0xA1BE,0x00},
	{0xA1C0,0xFF},
	{0xA1C1,0xFF},
	{0xA1C2,0xFF},
	{0xA1C4,0x00},
	{0xA1C5,0x0F},
	{0xA1C6,0x00},
	{0xA1C8,0xFF},
	{0xA1C9,0xFF},
	{0xA1CA,0xFF},
	{0xA1CC,0x00},
	{0xA1CD,0x0F},
	{0xA1CE,0x00},
	{0xA1D0,0xFF},
	{0xA1D1,0xFF},
	{0xA1D2,0xFF},
	{0xA1D4,0x00},
	{0xA1D5,0x0F},
	{0xA1D6,0x00},
	{0xA1DC,0x00},
	{0xA1DD,0x0F},
	{0xA1DE,0x00},
	{0xA1E4,0x00},
	{0xA1E5,0x0F},
	{0xA1E6,0x00},
	{0xA1EC,0x00},
	{0xA1ED,0x0F},
	{0xA1EE,0x00},
	{0xA1F4,0x00},
	{0xA1F5,0x0F},
	{0xA1F6,0x00},
	{0xA1FC,0x00},
	{0xA1FD,0x0F},
	{0xA1FE,0x00},
	{0xA204,0x00},
	{0xA205,0x0F},
	{0xA206,0x00},
	{0xA20C,0x00},
	{0xA20D,0x0F},
	{0xA20E,0x00},
	{0xA214,0x00},
	{0xA215,0x0F},
	{0xA216,0x00},
	{0xA21C,0x00},
	{0xA21D,0x0F},
	{0xA21E,0x00},
	{0xAC4E,0x00},
	{0xADCE,0x00},
	{0x197E,0xF0},
	{0x1980,0x01},
	{0x9650,0x00},
	{0xB67A,0x00},
	{0xB52C,0x00},
	{0xB6B9,0x00},
	{0xB532,0x00},
	{0xB533,0x00},
	{0xB534,0xB0},
	{0xB535,0x07},
	{0xB6BE,0x00},
	{0xB6BF,0x00},
	{0xB6C0,0xB0},
	{0xB6C1,0x07},
	{0xB52E,0x00},
	{0xB52F,0x00},
	{0xB530,0x10},
	{0xB531,0x0F},
	{0xB6BA,0x00},
	{0xB6BB,0x00},
	{0xB6BC,0x10},
	{0xB6BD,0x0F},
	{0xA0B2,0x01},
	{0xA69C,0x01},
};/* init_dn_set_regs */

static const struct imx728_reg streaming_set_regs_step1[] = {
	{0x1B04, 0x5C},
	{0x1B04, 0xA3},
};/* streaming_set_regs_step1 */

static const struct imx728_reg streaming_set_regs_step2[] = {
	{0x9730,0xA5},
	{0xFFFF,0x10},
	{0x5958,0x1A},
	{0x5959,0x22},
	{0x595C,0x21},
	{0x595D,0x23},
	{0x595E,0x12},
	{0x595F,0x09},
	{0x5963,0x0F},
	{0x5967,0x09},
	{0x596C,0x15},
	{0x596D,0x13},
	{0x596E,0x10},
	{0x596F,0x19},
	{0x5970,0x13},
	{0x5971,0x0F},
	{0x5972,0x07},
	{0x5973,0x17},
	{0x5974,0x17},
	{0x5977,0x03},
	{0x5978,0x22},
	{0x5979,0x16},
	{0x597A,0x16},
	{0x597B,0x16},
	{0x597C,0x12},
	{0x597D,0x10},
	{0x597E,0x0F},
	{0x597F,0x0D},
	{0x5980,0x0B},
	{0x5986,0x03},
	{0x5987,0x09},
	{0x5997,0x02},
	{0x599F,0x06},
	{0x59A8,0x0E},
	{0x59AC,0x09},
	{0x59B2,0x0F},
	{0x59CC,0x0E},
	{0x59D5,0x10},
	{0x59D6,0x0B},
	{0x59DD,0x1B},
	{0x59DE,0x1B},
	{0x59DF,0x1D},
	{0xAC97,0x08},
	{0x59C2,0x0E},
	{0x59C3,0x13},
	{0x59C4,0x13},
	{0x595B,0x08},
	{0x5975,0x08},
	{0x5976,0x08},
	{0x5962,0x0B},
	{0xFFFF,0x05},
};/* streaming_set_regs_step2 */

static const struct imx728_reg output_test_pattern[] = {
	{0x1A2A,0x02},
	{0x1A30,0x00},
	{0x1A34,0x01},
	{0x1A38,0x03},
	{0xB58F,0x00},
	{0xB6C5,0x00},
	{0xB58E,0x01},
	{0xB6C4,0x01},
};/* output_test_pattern */

struct imx728 {
	struct v4l2_subdev sd;
	struct media_pad pad;

	struct v4l2_mbus_framefmt fmt;

	struct gpio_desc *reset_gpio;

	struct v4l2_ctrl_handler ctrl_handler;
	/* V4L2 Controls */
	struct v4l2_ctrl *pixel_rate;
	struct v4l2_ctrl *exposure;
	struct v4l2_ctrl *vflip;
	struct v4l2_ctrl *hflip;
	struct v4l2_ctrl *vblank;
	struct v4l2_ctrl *hblank;

	/*
	 * Mutex for serialized access:
	 * Protect sensor module set pad format and start/stop streaming safely.
	 */
	struct mutex mutex;

	/* Streaming on/off */
	bool streaming;
};

static inline struct imx728 *to_imx728(struct v4l2_subdev *_sd)
{
	return container_of(_sd, struct imx728, sd);
}

/* Read registers up to 2 at a time */
static int imx728_read_reg(struct imx728 *imx728, u16 reg, u32 len, u32 *val)
{
	struct i2c_client *client = v4l2_get_subdevdata(&imx728->sd);
	struct i2c_msg msgs[2];
	u8 addr_buf[2] = { reg >> 8, reg & 0xff };
	u8 data_buf[4] = { 0, };
	int ret;

	if (len > 4)
		return -EINVAL;

	/* Write register address */
	msgs[0].addr = client->addr;
	msgs[0].flags = 0;
	msgs[0].len = ARRAY_SIZE(addr_buf);
	msgs[0].buf = addr_buf;

	/* Read data from register */
	msgs[1].addr = client->addr;
	msgs[1].flags = I2C_M_RD;
	msgs[1].len = len;
	msgs[1].buf = &data_buf[4 - len];

	ret = i2c_transfer(client->adapter, msgs, ARRAY_SIZE(msgs));
	if (ret != ARRAY_SIZE(msgs))
		return -EIO;

	*val = get_unaligned_be32(data_buf);

	return 0;
}

/* Write registers up to 2 at a time */
static int imx728_write_reg(struct imx728 *imx728, u16 reg, u32 len, u8 val)
{
	struct i2c_client *client = v4l2_get_subdevdata(&imx728->sd);
	struct i2c_msg msg[1];
	u8 wbuf[3];
	int ret;

	msg->addr = client->addr;
	msg->flags = 0;
	msg->len = 3;
	msg->buf = wbuf;
	wbuf[0] = reg >> 8;
	wbuf[1] = reg & 0xff;
	wbuf[2] = val;

	ret = i2c_transfer(client->adapter, msg, 1);
	if (ret < 0) {
		dev_dbg(&client->dev,
			"i2c fail: chip 0x%02x wr 0x%04x (0x%02x): %d\n",
			client->addr, reg, val, ret);
		return ret;
	}

	return 0;
}

/* Write a list of registers */
static int imx728_write_regs(struct imx728 *imx728,
			     const struct imx728_reg *regs, u32 len)
{
	struct i2c_client *client = v4l2_get_subdevdata(&imx728->sd);
	unsigned int i;
	int ret;

	for (i = 0; i < len; i++) {
		ret = imx728_write_reg(imx728, regs[i].address, 1, regs[i].val);
		if (ret) {
			dev_err_ratelimited(&client->dev,
					    "Failed to write reg 0x%4.4x. error = %d\n",
					    regs[i].address, ret);

			return ret;
		}
	}

	return 0;
}

static int imx728_stop_test_pattern(struct imx728 *imx728)
{
	struct i2c_client *client = v4l2_get_subdevdata(&imx728->sd);
	int ret;

	/* Stop output test pattern */
	imx728_dbg(&client->dev, " Stop Test Pattern Output Start\n");
	ret = imx728_write_reg(imx728, IMX728_REG_TEST_PTN, IMX728_REG_VALUE_08BIT, IMX728_STOP_TEST_PTN);
	if (ret) {
		imx728_dbg(&client->dev, " i2c write TEST_PTN: NG[%d]\n", ret);
		return ret;
	}
	imx728_dbg(&client->dev, " i2c write TEST_PTN: OK[%d]\n", ret);
	imx728_dbg(&client->dev, " Stop Test Pattern Output end\n");

	return ret;
}

static int imx728_s_routing(struct v4l2_subdev *sd, u32 input, u32 output, u32 config)
{
	struct imx728 *imx728 = to_imx728(sd);
	struct i2c_client *client = v4l2_get_subdevdata(&imx728->sd);
	int ret = 0;

	mutex_lock(&imx728->mutex);
	if (!imx728->streaming) {
		mutex_unlock(&imx728->mutex);
		return 0;
	}

	switch (config) {
	case 0x1:
		/* Stop test pattern output */
		ret = imx728_stop_test_pattern(imx728);
		break;
	default:
		dev_err(&client->dev, "Not supported command[%d]\n", config);
		ret = -EINVAL;
		break;
	}

	mutex_unlock(&imx728->mutex);

	return ret;
}

static int imx728_start_streaming(struct imx728 *imx728)
{
	struct i2c_client *client = v4l2_get_subdevdata(&imx728->sd);
	u32 val;
	int i;
	int ret;

	imx728_dbg(&client->dev, "%s start\n", __func__);

	/* set INCK */
	imx728_dbg(&client->dev, "INCK Setting start\n");
	ret = imx728_write_regs(imx728, inck_set_regs, ARRAY_SIZE(inck_set_regs));
	if (ret) {
		imx728_dbg(&client->dev, " i2c write inck_set_regs: NG[%d]\n", ret);
		return ret;
	}
	imx728_dbg(&client->dev, " i2c write inck_set_regs: OK[%d]\n", ret);
	imx728_dbg(&client->dev, "INCK Setting end\n");

#ifndef BIST_FLAG
	/* set Standby */
	imx728_dbg(&client->dev, "CK_SLEEP_H Set Standby start\n");
	ret = imx728_write_reg(imx728, IMX728_REG_STANDBY, IMX728_REG_VALUE_08BIT, IMX728_MODE_STANDBY);
	if (ret) {
		imx728_dbg(&client->dev, " i2c write STANDBY: NG[%d]\n", ret);
		return ret;
	}
	imx728_dbg(&client->dev, " i2c write STANDBY: OK[%d]\n", ret);
	msleep(100);
	imx728_dbg(&client->dev, "CK_SLEEP_H Set Standby end\n");

	imx728_dbg(&client->dev, "Check CK_DEVICE_STATE Standby start\n");
	i = 0;
	while(i < 2){
		ret = imx728_read_reg(imx728, IMX728_REG_DEVICE_STATE, IMX728_REG_VALUE_08BIT, &val);
		if (ret) {
			imx728_dbg(&client->dev, " i2c read DEVICE_STATE: NG[%d]\n", ret);
			return ret;
		}
		if (val == IMX728_STATE_STANDBY){
			ImagerStatus = val;
			break;
		}
		i++;
	}
	imx728_dbg(&client->dev, " i2c read DEVICE_STATE: OK[%d]\n", ret);
	if (i >= 2) {
		imx728_dbg(&client->dev, " DEVICE_STATE check STANDBY: NG[%02X]\n", val);
		// {イメージセンサー内部仮異常フラグを1：判定24}
		return -EIO;
	} else {
		imx728_dbg(&client->dev, " DEVICE_STATE check STANDBY: OK[%02X]\n", val);
	}
	imx728_dbg(&client->dev, "Check CK_DEVICE_STATE Standby end\n");

	/* BIST */
	dev_info(&client->dev, "BIST setting\n");
	ret = imx728_write_reg(imx728, BIST_LOCK_REG, IMX728_REG_VALUE_08BIT, BIST_UNLOCK);
	ret = imx728_write_reg(imx728, CK_BIST_GO_H_REG, IMX728_REG_VALUE_08BIT, CK_BIST_GO_H);
	ret = imx728_write_reg(imx728, CK_BIST_GO_H_REG, IMX728_REG_VALUE_08BIT, BIST_GO);
	ImagerStatus = IMX728_STATE_BIST;
	dev_info(&client->dev, "ImagerStatus = %lx\n", ImagerStatus);
	ret = imx728_write_reg(imx728, ECM_UPDATE_FLAG_REG, IMX728_REG_VALUE_08BIT, ECM_UPDATE_FLAG);
	ret = imx728_write_reg(imx728, BIST_ACTIVATE_ERROR_REG, IMX728_REG_VALUE_08BIT, BIST_ACTIVATE_ERROR<<2);
	ret = imx728_write_reg(imx728, BIST_STANDBY_REG, IMX728_REG_VALUE_08BIT, BIST_STANDBY<<1);
	dev_info(&client->dev, "BIST start\n");
	//imx728_error_bist_start_check(imx728);
	//imx728_error_bist_xerr_check(imx728);
	msleep(68);

	//imx728_error_bist_complete_check(imx728);
	ret = imx728_read_reg(imx728, BIST_COMP_REG, IMX728_REG_VALUE_08BIT, &val);
	if(val == (BIST_COMP<<1))
	{
		i=0;
		while(i < 2){
			ret = imx728_read_reg(imx728, IMX728_REG_DEVICE_STATE, IMX728_REG_VALUE_08BIT, &val);
			if (ret) {
				imx728_dbg(&client->dev, " i2c read DEVICE_STATE: NG[%d]\n", ret);
				return ret;
			}
			if (val == IMX728_STATE_SLEEP){
				ImagerStatus = val;
				dev_info(&client->dev, "ImagerStatus = %lx\n", ImagerStatus);
				break;
			}
			i++;
		}

	}

	//imx728_error_dev_status_check(imx728);
	
#endif //BIST_FLAG

	/* set Standby */
	imx728_dbg(&client->dev, "CK_SLEEP_H Set Standby start\n");
	ret = imx728_write_reg(imx728, IMX728_REG_STANDBY, IMX728_REG_VALUE_08BIT, IMX728_MODE_STANDBY);
	if (ret) {
		imx728_dbg(&client->dev, " i2c write STANDBY: NG[%d]\n", ret);
		return ret;
	}
	imx728_dbg(&client->dev, " i2c write STANDBY: OK[%d]\n", ret);
	msleep(100);
	imx728_dbg(&client->dev, "CK_SLEEP_H Set Standby end\n");

	imx728_dbg(&client->dev, "Check CK_DEVICE_STATE Standby start\n");
	i = 0;
	while(i < 2){
		ret = imx728_read_reg(imx728, IMX728_REG_DEVICE_STATE, IMX728_REG_VALUE_08BIT, &val);
		if (ret) {
			imx728_dbg(&client->dev, " i2c read DEVICE_STATE: NG[%d]\n", ret);
			return ret;
		}
		if (val == IMX728_STATE_STANDBY){
			ImagerStatus = val;
			break;
		}
		i++;
	}
	imx728_dbg(&client->dev, " i2c read DEVICE_STATE: OK[%d]\n", ret);
	if (i >= 2) {
		imx728_dbg(&client->dev, " DEVICE_STATE check STANDBY: NG[%02X]\n", val);
		// {イメージセンサー内部仮異常フラグを1：判定24}
		return -EIO;
	} else {
		imx728_dbg(&client->dev, " DEVICE_STATE check STANDBY: OK[%02X]\n", val);
	}
	imx728_dbg(&client->dev, "Check CK_DEVICE_STATE Standby end\n");

	/* IMX728 Register Setting */
	imx728_dbg(&client->dev, "Register Setting start\n");
	ret = imx728_write_regs(imx728, init_ac_set_regs, ARRAY_SIZE(init_ac_set_regs));
	if (ret) {
		imx728_dbg(&client->dev, " i2c write init_ac_set_regs: NG[%d]\n", ret);
		return ret;
	}
	imx728_dbg(&client->dev, " i2c write init_ac_set_regs: OK[%d]\n", ret);

	ret = imx728_write_regs(imx728, init_sys_set_regs, ARRAY_SIZE(init_sys_set_regs));
	if (ret) {
		imx728_dbg(&client->dev, " i2c write init_sys_set_regs: NG[%d]\n", ret);
		return ret;
	}
	imx728_dbg(&client->dev, " i2c write init_sys_set_regs: OK[%d]\n", ret);
	msleep(1);

	ret = imx728_write_regs(imx728, init_addparam_set_regs, ARRAY_SIZE(init_addparam_set_regs));
	if (ret) {
		imx728_dbg(&client->dev, " i2c write init_addparam_set_regs: NG[%d]\n", ret);
		return ret;
	}
	imx728_dbg(&client->dev, " i2c write init_addparam_set_regs: OK[%d]\n", ret);

	ret = imx728_write_regs(imx728, init_iqparam_set_regs, ARRAY_SIZE(init_iqparam_set_regs));
	if (ret) {
		imx728_dbg(&client->dev, " i2c write init_iqparam_set_regs: NG[%d]\n", ret);
		return ret;
	}
	imx728_dbg(&client->dev, " i2c write init_iqparam_set_regs: OK[%d]\n", ret);

	ret = imx728_write_regs(imx728, init_powersaving_set_regs, ARRAY_SIZE(init_powersaving_set_regs));
	if (ret) {
		imx728_dbg(&client->dev, " i2c write init_powersaving_set_regs: NG[%d]\n", ret);
		return ret;
	}
	imx728_dbg(&client->dev, " i2c write init_powersaving_set_regs: OK[%d]\n", ret);

	ret = imx728_write_regs(imx728, init_dn_set_regs, ARRAY_SIZE(init_dn_set_regs));
	if (ret) {
		imx728_dbg(&client->dev, " i2c write init_dn_set_regs: NG[%d]\n", ret);
		return ret;
	}
	imx728_dbg(&client->dev, " i2c write init_dn_set_regs: OK[%d]\n", ret);

	/* Streaming Setting */
	ret = imx728_write_regs(imx728, streaming_set_regs_step1, ARRAY_SIZE(streaming_set_regs_step1));
	if (ret) {
		imx728_dbg(&client->dev, " i2c write streaming_set_regs_step1: NG[%d]\n", ret);
		return ret;
	}
	imx728_dbg(&client->dev, " i2c write streaming_set_regs_step1: OK[%d]\n", ret);
	msleep(35);

	ret = imx728_write_regs(imx728, streaming_set_regs_step2, ARRAY_SIZE(streaming_set_regs_step2));
	if (ret) {
		imx728_dbg(&client->dev, " i2c write streaming_set_regs_step2: NG[%d]\n", ret);
		return ret;
	}
	imx728_dbg(&client->dev, " i2c write streaming_set_regs_step2: OK[%d]\n", ret);
	usleep_range(35000, 36000);
	imx728_dbg(&client->dev, "Register Setting end\n");

	imx728_dbg(&client->dev, "Check CK_DEVICE_STATE Streaming start\n");
	i = 0;
	while(i < 2){
		ret = imx728_read_reg(imx728, IMX728_REG_DEVICE_STATE, IMX728_REG_VALUE_08BIT, &val);
		if (ret) {
			imx728_dbg(&client->dev, " i2c read DEVICE_STATE: NG[%d]\n", ret);
			return ret;
		}
		if (val == IMX728_STATE_STREAMING){
			ImagerStatus = val;
			break;
		}
		i++;
	}
	imx728_dbg(&client->dev, " i2c read DEVICE_STATE: OK[%d]\n", ret);
	if (i >= 2) {
		imx728_dbg(&client->dev, " DEVICE_STATE check STREAMING: NG[%02X]\n", val);
		// {イメージセンサー内部仮異常フラグを1：判定24}
		return -EIO;
	} else {
		imx728_dbg(&client->dev, " DEVICE_STATE check STREAMING: OK[%02X]\n", val);
	}
	imx728_dbg(&client->dev, "Check CK_DEVICE_STATE Streaming end\n");

#if 0
	/* FSYNC_1R8V */
	/* set parameter (addr should be aligned by PWM_PAGE_SIZE) */
	imx728_dbg(&client->dev, "FSYNC Output start\n");
	mapped = ioremap(PWM_BASE, PWM_PAGE_SIZE);

	iowrite32(PWM_CYC0 | PWM_PH0, mapped + PWM_REG_PWMCNT);
	iowrite32(PWM_CC0 | PWM_CCMD | PWM_SYNC | PWM_SS0 | PWM_EN0, mapped + PWM_REG_PWMCR);

	iounmap(mapped);
	imx728_dbg(&client->dev, "FSYNC Output start\n");
#endif

	/* Output test pattern */
	imx728_dbg(&client->dev, "Output Test Pattern start\n");
	ret = imx728_write_regs(imx728, output_test_pattern, ARRAY_SIZE(output_test_pattern));
	if (ret) {
		imx728_dbg(&client->dev, " i2c write output_test_pattern: NG[%d]\n", ret);
		return ret;
	}
	imx728_dbg(&client->dev, " i2c write output_test_pattern: OK[%d]\n", ret);
	imx728_dbg(&client->dev, "Output Test Pattern end\n");

	imx728_dbg(&client->dev, "%s end\n", __func__);
	return ret;
}

static void imx728_stop_streaming(struct imx728 *imx728)
{
	struct i2c_client *client = v4l2_get_subdevdata(&imx728->sd);
	int ret;

	/* set stream off register */
	ret = imx728_write_reg(imx728, IMX728_REG_STANDBY,
			       IMX728_REG_VALUE_08BIT, IMX728_MODE_STANDBY);
	if (ret)
		dev_err(&client->dev, "%s failed to set stream\n", __func__);
}

static int imx728_set_stream(struct v4l2_subdev *sd, int enable)
{
	struct imx728 *imx728 = to_imx728(sd);
	int ret = 0;

	mutex_lock(&imx728->mutex);
	if (imx728->streaming == enable) {
		mutex_unlock(&imx728->mutex);
		return 0;
	}

	if (enable) {
		/*
		 * Apply default & customized values
		 * and then start streaming.
		 */
		ret = imx728_start_streaming(imx728);
		if (ret)
			goto err_unlock;
	} else {
		imx728_stop_streaming(imx728);
	}

	imx728->streaming = enable;

	mutex_unlock(&imx728->mutex);

	return ret;

err_unlock:
	mutex_unlock(&imx728->mutex);

	return ret;
}

/* Power/clock management functions */
static void imx728_control_xclr(u32 io)
{
	u32 gpioreg;
	void *mapped;

	mapped = ioremap(GPIO67_BASE, GPIO_PAGE_SIZE);

	gpioreg = ioread32(mapped + GPIO7_REG_OUTDT);
	if (io)
		gpioreg |= GPIO7_OUTDT_XCLR;
	else
		gpioreg &= ~GPIO7_OUTDT_XCLR;
	iowrite32(gpioreg, mapped + GPIO7_REG_OUTDT);

	iounmap(mapped);

	return;
}

static int imx728_power_on(struct device *dev)
{
//	struct i2c_client *client = to_i2c_client(dev);
//	struct v4l2_subdev *sd = i2c_get_clientdata(client);
//	struct imx728 *imx728 = to_imx728(sd);

//	gpiod_set_value_cansleep(imx728->reset_gpio, 1);
	imx728_control_xclr(1);
	msleep(15);

	return 0;
}

static int imx728_power_off(struct device *dev)
{
//	struct i2c_client *client = to_i2c_client(dev);
//	struct v4l2_subdev *sd = i2c_get_clientdata(client);
//	struct imx728 *imx728 = to_imx728(sd);

//	gpiod_set_value_cansleep(imx728->reset_gpio, 0);
	imx728_control_xclr(0);

	return 0;
}

static int __maybe_unused imx728_suspend(struct device *dev)
{
	struct i2c_client *client = to_i2c_client(dev);
	struct v4l2_subdev *sd = i2c_get_clientdata(client);
	struct imx728 *imx728 = to_imx728(sd);

	if (imx728->streaming)
		imx728_stop_streaming(imx728);

	return 0;
}

static int __maybe_unused imx728_resume(struct device *dev)
{
	struct i2c_client *client = to_i2c_client(dev);
	struct v4l2_subdev *sd = i2c_get_clientdata(client);
	struct imx728 *imx728 = to_imx728(sd);
	int ret;

	if (imx728->streaming) {
		ret = imx728_start_streaming(imx728);
		if (ret)
			goto error;
	}

	return 0;

error:
	imx728_stop_streaming(imx728);
	imx728->streaming = false;

	return ret;
}

static const struct v4l2_subdev_core_ops imx728_core_ops = {
	.subscribe_event = v4l2_ctrl_subdev_subscribe_event,
	.unsubscribe_event = v4l2_event_subdev_unsubscribe,
};

static const struct v4l2_subdev_video_ops imx728_video_ops = {
	.s_stream = imx728_set_stream,
	.s_routing = imx728_s_routing,
};

static const struct v4l2_subdev_ops imx728_subdev_ops = {
	.core = &imx728_core_ops,
	.video = &imx728_video_ops,
};

static void imx728_free_controls(struct imx728 *imx728)
{
	mutex_destroy(&imx728->mutex);
}

static int imx728_check_hwcfg(struct device *dev)
{
	struct fwnode_handle *endpoint;
	struct v4l2_fwnode_endpoint ep_cfg = {
		.bus_type = V4L2_MBUS_CSI2_DPHY
	};
	int ret = -EINVAL;

	endpoint = fwnode_graph_get_next_endpoint(dev_fwnode(dev), NULL);
	if (!endpoint) {
		dev_err(dev, "endpoint node not found\n");
		return -EINVAL;
	}

	if (v4l2_fwnode_endpoint_alloc_parse(endpoint, &ep_cfg)) {
		dev_err(dev, "could not parse endpoint\n");
		goto error_out;
	}

	/* Check the number of MIPI CSI2 data lanes */
	if (ep_cfg.bus.mipi_csi2.num_data_lanes != 2) {
		dev_err(dev, "only 2 data lanes are currently supported\n");
		goto error_out;
	}

	ret = 0;

error_out:
	v4l2_fwnode_endpoint_free(&ep_cfg);
	fwnode_handle_put(endpoint);

	return ret;
}

static int imx728_probe(struct i2c_client *client)
{
	struct device *dev = &client->dev;
	struct v4l2_subdev *sd;
	struct imx728 *imx728;
//	u32 val;
//	u32 gpioreg;
//	int i;
	int ret;

//	void *mapped;

	imx728 = devm_kzalloc(&client->dev, sizeof(*imx728), GFP_KERNEL);
	if (!imx728)
		return -ENOMEM;

	sd = &imx728->sd;

	imx728->sd.owner = THIS_MODULE;
	imx728->sd.dev = dev;
	v4l2_i2c_subdev_init(&imx728->sd, client, &imx728_subdev_ops);

	/* Initialize subdev */
	sd->flags |= V4L2_SUBDEV_FL_HAS_DEVNODE | V4L2_SUBDEV_FL_HAS_EVENTS;

	imx728->pad.flags = MEDIA_PAD_FL_SOURCE;
	sd->entity.function = MEDIA_ENT_F_ATV_DECODER;
	ret = media_entity_pads_init(&sd->entity, 1, &imx728->pad);
	if (ret)
		return ret;

	ret = v4l2_async_register_subdev(sd);
	if (ret < 0) {
		dev_err(dev, "Failed to register subdevice.\n");
		return ret;
	}

	/* Check the hardware configuration in device tree */
	if (imx728_check_hwcfg(dev))
		return -EINVAL;

#if 0 // this operation is executed by script
	/* GPIO setting XCLR,XERR */
	/* set parameter (addr should be aligned by GPIO_PAGE_SIZE) */
	mapped = ioremap(GPIO67_BASE, GPIO_PAGE_SIZE);

	gpioreg = ioread32(mapped + GPIO7_REG_POC);
	gpioreg &= ~(GPIO7_POC_XCLR | GPIO7_POC_XERR);
	iowrite32(~gpioreg, mapped + GPIO7_REG_PMMR);
	iowrite32(gpioreg, mapped + GPIO7_REG_POC);
	gpioreg = ioread32(mapped + GPIO7_REG_PUD);
	gpioreg |= GPIO7_PUD_XERR;
	iowrite32(~gpioreg, mapped + GPIO7_REG_PMMR);
	iowrite32(gpioreg, mapped + GPIO7_REG_PUD);
	gpioreg = ioread32(mapped + GPIO7_REG_PUEN);
	gpioreg &= ~GPIO7_PUEN_XCLR;
	gpioreg |= GPIO7_PUEN_XERR;
	iowrite32(~gpioreg, mapped + GPIO7_REG_PMMR);
	iowrite32(gpioreg, mapped + GPIO7_REG_PUEN);

	iounmap(mapped);

	/* Request optional enable pin */
#if 0
	/* Get from device tree, I/O error is happened. */
	/* So this logic is avoided temporary. */
	imx728->reset_gpio = devm_gpiod_get_optional(dev, NULL,
						     GPIOD_OUT_LOW);
	if (!imx728->reset_gpio)
		return -ENOENT;
#endif

	dev_info(dev, "XCLR High\n");
	ret = imx728_power_on(dev);
	if (ret)
		return ret;
#endif // this operation is executed by script

#if 0 // TBD
	i = 0;
	while(i < 2){
		ret = imx728_read_reg(imx728, IMX728_REG_DEVICE_STATE, IMX728_REG_VALUE_08BIT, &val);
		if (val == IMX728_STATE_SLEEP){
			ImagerStatus = val;
			break;
		}
		i++;
	}
	//if(i >= 2){イメージセンサー内部仮異常フラグを1：判定24}
	if (ret) return ret;

	//CK_DEVICE_STATE == 0x02;
	//ImagerStatus = 0x02;
#endif // TBD

	dev_info(dev, "probed.\n");

	return ret;
}

static int imx728_remove(struct i2c_client *client)
{
	struct v4l2_subdev *sd = i2c_get_clientdata(client);
	struct imx728 *imx728 = to_imx728(sd);

	v4l2_async_unregister_subdev(sd);
	media_entity_cleanup(&sd->entity);
	imx728_free_controls(imx728);

	pm_runtime_disable(&client->dev);
	if (!pm_runtime_status_suspended(&client->dev))
		imx728_power_off(&client->dev);
	pm_runtime_set_suspended(&client->dev);

	return 0;
}

static const struct of_device_id imx728_dt_ids[] = {
	{ .compatible = "sony,imx728" },
	{ /* sentinel */ }
};
MODULE_DEVICE_TABLE(of, imx728_dt_ids);

static const struct dev_pm_ops imx728_pm_ops = {
	SET_SYSTEM_SLEEP_PM_OPS(imx728_suspend, imx728_resume)
	SET_RUNTIME_PM_OPS(imx728_power_off, imx728_power_on, NULL)
};

static struct i2c_driver imx728_i2c_driver = {
	.driver = {
		.name = "imx728",
		.of_match_table	= imx728_dt_ids,
		.pm = &imx728_pm_ops,
	},
	.probe_new = imx728_probe,
	.remove = imx728_remove,
};

module_i2c_driver(imx728_i2c_driver);

MODULE_AUTHOR("Dave Stevenson <dave.stevenson@raspberrypi.com");
MODULE_DESCRIPTION("Sony imx728 sensor driver");
MODULE_LICENSE("GPL v2");
